index,app_name,number_of_ratings,overall_rating,category,cost
1,Facebook,"98,054,036",4.2,Social,0
2,storyo,839,4.1,Photography,0
3,survey solutions tester,91,4.3,Productivity,0
4,World Bank Project Procurement,0,0,Business,0
5,Miller's Ale House ,63,4.5,Food & Drink,0
6,Robeks Mobile Ordering,82,4.4,Food & Drink,0
7,Five Guys Burgers & Fries,"5,111",3.6,Shopping,0
8,99 Restaurants,15,3.3,Food & Drink,0
9,California Fish Grill,14,3.7,Food & Drink,0
10,Zoup! Eatery,11,3.5,Food & Drink,0
11,Goodcents,"1,330",3.1,Travel & Local,0
12,Corner Bakery Cafe,56,2.9,Food & Drink,0
13,Piada,74,3.9,Food & Drink,0
14,Black Bear Diner,62,4.7,Food & Drink,0
15,Lion's Choice,18,3.4,Food & Drink,0
16,STONEFIRE Grill,53,3.4,Lifestyle,0
17,Cheba Hut Ordering,116,4.5,Lifestyle,0
18,Kneaders Bakery & Cafe,59,4.3,Lifestyle,0
19,Benihana,21,3.3,Food & Drink,0
20,Milio's Sandwiches,27,4.2,Food & Drink,0
21,Bubbas 33 Ordering,13,4.6,Lifestyle,0
22,Velvet Taco,29,4.6,Food & Drink,0
23,The Patio,6,4.5,Food & Drink,0
24,Burgerville,22,3.9,Lifestyle,0
25,Earl of Sandwich,100,3.2,Food & Drink,0
26,Down to Earth Deli,20,4.6,Lifestyle,0
27,Happy + Hale,5,3.6,Food & Drink,0
28,Curry Up Now - Ordering,7,1.6,Food & Drink,0
29,St. Louis Bar & Grill Ordering,5,5,Lifestyle,0
30,Fresh Eats Kitchen,16,4.4,Food & Drink,0
31,Bullritos Ordering,54,3.3,Lifestyle,0
32,Insightly CRM,"1,461",4.1,Business,0
33,FoodKick,85,3.1,Shopping,0
34,FreshDirect,849,2.2,Shopping,0
35,APX Hotels,0,0,Travel & Local,0
36,CA Mobile,"1,775",3.5,Finance,0
37,Captio - Expense Reports,666,4.1,Finance,0
38,Fareboom Discount Flights,714,4.6,Travel & Local,0
39,UPS Mobile,"46,721",4.3,Business,0
40,UPS Access Point,16,2.6,Business,0
41,Microsoft Azure,"2,441",4.5,Business,0
42,outback,150,1.5,Food & Drink,0
43,Allscripts Professional,0,0,Medical,0
44,Allscripts® Patient Flow,0,0,Medical,0
45,Sunrise Mobile,16,2.4,Medical,0
46,Appy Weather,"1,422",4.4,Weather,0
47,ruff,333,4.1,Productivity,0
48,Aggreko,7,5,Business,0
49,HCL Engage,188,4.3,Business,0
50,Microsoft News,"107,716",4.5,News & Magazines,0
51,BBC Good Food,794,3.7,Food & Drink,0
52,Caren,17,4.8,Medical,0
53,American Cancer Society FUNdraising,565,4.4,Lifestyle,0
54,BBVA,"11,084",4.1,Finance,0
55,MyCoach,11,4.3,Education,0
56,Mile of Music,54,3.7,Music & Audio,0
57,Expensya Expense reports,"1,127",4.5,Business,0
58,Facebook Ads Manager,"33,402",3.9,Business,0
59,Bloomberg,"69,621",4.3,News & Magazines,0
60,Gyroscope,704,2.4,Health & Fitness,0
61,Myntra,"2,696,504",4.4,Shopping,0
62,UberEats,"2,357,343",4.3,Food & Drink,0
63,Instagram,"98,166,510",4.5,Social,0
64,Facebook Analytics,"2,918",3.5,Business,0
65,Pinterest,"6,301,674",4.6,Lifestyle,0
66,Skype,"11,063,887",4.3,Communication,0
67,Tesla,"11,252",4.2,Lifestyle,0
68,Walmart,"518,574",4.2,Shopping,0
69,Wix.com,"37,665",4.4,Productivity,0
70,CBS Sports Franchise Football,"5,374",4.3,Sports,0
71,Delivery.com,"2,844",4,Food & Drink,0
72,JD,,,,
73,Salesforce,"27,946",4.4,Business,0
74,QRCode Reader and Generator,122,4,Tools,0
75,Shoot I Smoke,256,3.8,Health & Fitness,0
76,LBRY beta,"1,844",4.3,Entertainment,0
77,Tencent QQ,"181,825",2.6,Communication,0
78,Rocket Chat Experimental,231,4.5,Communication,0
79,RSG Chess,25,4.7,Board,0
80,Chain React Conf,11,4.9,Events,0
81,Joplin,"1,485",4.3,Productivity,0
82,Zulip,264,3.6,Communication,0
83,Pride in London,53,4.6,Lifestyle,0
84,Forex Rates,20,4.9,Finance,0
85,eLadder,0,0,Tools,0
86,arXiv Papers,20,4,Education,0
87,Kitty Rescue,0,0,Puzzle,0
88,Hydropuzzle,15,4.4,Adventure,0
89,Baidu Mobile,"17,796",3.5,Tools,0
90,Color Match,34,4.9,Educational,0
