index,author_name,review_date,reviewer_ratings,review_body
0,Conner Elliott,"April 3, 2020",5, Perfect. Easy to use. Responsive.
1,Sean Mocabee,"April 12, 2020",3, The Rancho Cucamonga location is not included. The app is useless to me without my local restaurant.
2,Shelley Paul,"December 12, 2019",5, Love the atmosphere and all the little decorations
3,Gloria Loftin,"February 29, 2020",5," Good food, excellant service and resonable prices."
4,Tom DeBey,"February 19, 2020",1, This app is useless... Really? Not even a menu. Love the food though 😍
5,Peter Headland,"January 5, 2020",2, Near useless if you want to get opening hours and locations - won't show details of restaurants that are not currently open; map does not show additional locations when you scroll.
6,Paul W,"June 9, 2019",4," Nice for what it is, locations and ordering ahead. Add a virtual wait list as other places have, and you'll have a five star app."
7,Masen Brandon,"March 18, 2020",5, Very well set up app!
8,Patrick Connelly,"April 13, 2019",5," Greeted and seated promptly. Our waitress, Penny greeted us and quickly took our orders. Food was served quickly and at perfect temperature. Penny was observant but not pushy. Food was everything we expected, and then some!!! The whole experience was excellent!! We will be back!!"
9,Joey Rivera,"April 12, 2020",5, Easy to use!
10,John Ward,"March 11, 2019",5, great service..terrific food .. reasonable prices
11,Michelle Breakfield,"April 9, 2020",5, Love The black Diner. Food is always good.
12,Michael Gorton,"December 18, 2019",5, Best breakfast in town
13,Joyce Cothrum,"July 3, 2019",5," i love their food, and every time you go there its always delicious .their pies are soooo good also. i love the place. ."
14,Krystal Bridwell,"December 24, 2018",5," good food, good people, love this place"
15,Chris Hernandez,"January 19, 2020",5, ' best favorite food ever ..
16,Jayme dawn,"August 14, 2019",5, Black bear diner is the best!
17,tommyfrede52,"April 2, 2019",5, SO EASY IT'S UNBELIEVABLE!!!
18,A Google user,"December 11, 2018",5, One of my favorites!
19,Dottie Maya,"August 16, 2018",4," I enjoyed my birthday waffle it was delicious and hot! I was sad that I 
didn't get to have a birthday pie....sigh"
20,Mjteach007 Healthnook007,"July 28, 2019",5, ice cream
21,Laurence Cooley,"June 7, 2018",5," A wonderful place to eat and relax.... Their food and staff are great !! 
AND you will not leave hungry or broke !!!"
22,A Google user,"May 6, 2018",1, They suck
23,Ryan Ramos,"April 25, 2018",5, Easy to use. Overall perfect interface with menu.
24,A Google user,"June 11, 2018",5, Fantastic. Be hungry and enjoy.
25,A Google user,"July 13, 2018",5," great, easy to use"
26,Michael Woolf,"July 2, 2018",5, Quick and Awesome.
27,Sharon Mueller,"December 12, 2017",5, BBD is the best and the Willows is my favorite
28,Paige Lantz,"September 8, 2017",5, Very easy to use.   Love the food!
29,Duey Frey,"October 2, 2017",5," I have found that the Black Bear Diner, weaher it be in Madras Oregon or Gresham, Beaverton, has the standards to which I grew up with. You can never go wrong if you love great service and even greater food."
30,A Google user,"August 23, 2018",5, Please don't Stopping putting this app out for everybody to using and enjoying the app and using it for finding a Differents Banks and Differents Restaurants and Differents Books Stores and finding a Differents places to be living at and Differents games and texting and e-mailing and Differents game...Full ReviewPlease don't Stopping putting this app out for everybody to using and enjoying the app and using it for finding a Differents Banks and Differents Restaurants and Differents Books Stores and finding a Differents places to be living at and Differents games and texting and e-mailing and Differents games and please keeping on doing a good job Love Lisa Nedwich
31,Roger Yazzie,"May 22, 2018",5," I just love the food at black bear!!! In glad you are here in KLAMATH 
FALLS, or."
32,Kevin Young,"February 12, 2018",5, Great place to fill up
33,Brandon Forbes,"February 5, 2018",5, I love the food and the service is awesome
34,April Messenger,"April 15, 2020",5, Yummmmm
