index,author_name,review_date,reviewer_ratings,review_body
0,Melanie Wempe,"May 29, 2019",4," The app would be perfect if there was a way to permanently store a rewards number in your account...not have to enter it every time. plus, the human readable number on my card is now illegible, so I have no way to enter my number when I order on the app."
1,Jennifer Campbell,"February 14, 2019",5, Always friendly and helpful. Food is always fresh and good. Lots of healthy options.
2,Robert Kubla,"March 11, 2019",4, Not too bad. But when choosing a combo with a salad it does do not give you an option for a type of salad dressing.
3,Joe Barnett,"February 19, 2019",5, easy ordering with delivery built in!
4,Evan A,"May 11, 2019",1, we placed the order and showed up at the store but they had no record of our order. the order number was no help to the staff at the restaurant. Although we have the confirmation and the charge on our credit card. unreliable garbage app.
5,dodgerangie,"September 26, 2018",5," Food is delicious, customer service is one of a kind, friendly, attentive and positive. You will come back over and over and over again! Menu is full of lots of yummies!!!! French toast is to die for!"
6,laurie bourn,"February 7, 2019",5," Easy to place order, its ready when they say it will be."
7,Valerie Gonzales,"October 29, 2019",2," No rewards program, why not?"
8,Michael Blake,"February 23, 2019",1, Maybe don't list delivery as an option then let me get through the whole ordering process including delivery address before telling me delivery is not possible at this location.
9,Sindy Guyton,"May 28, 2019",2," Paid for extra avocado & sauce on side didn't get. Also polmagranit berry iced tea, tasted like perfume. Were out of desert I ordered (thats fine) took 10 min. to get replacement desert. First time had an issue with kneaders. Yes I will go back. No more online orders with kneaders."
10,Jesse Perry,"February 16, 2019",2, love Kneaders but their app needs some work.
11,Zachariah Brady,"February 18, 2019",5, I love it!
12,Merry Elliott,"July 23, 2018",5," I love this app because you can order bread,etc.from them & then when your 
order's ready,you can go pick it up from their stores!If you want a good 
bakery & cafe app,I would download this one for sure!"
13,prissy Velasquez,"August 11, 2018",5, Really easy and quick ! Food is always ready when i pick it up!
14,Melinda Hertel,"August 1, 2018",5, Easiest ordering experience ever!
15,judy r,"April 21, 2018",5, I love running in to pick up lunch on my way to work!
16,Karen Christianson,"February 3, 2018",5," Great app, great food!"
17,Gina Kelley,"November 24, 2017",4," I think this is a great app. However, I did find one annoying problem. I was placing an order to pick up at the drive-thru. My last item was for hot chocolate. I only asked that I have whipped cream placed on the hot chocolate. After selecting whipped cream I scrolled to the bottom of the screen, pu...Full ReviewI think this is a great app. However, I did find one annoying problem. I was placing an order to pick up at the drive-thru. My last item was for hot chocolate. I only asked that I have whipped cream placed on the hot chocolate. After selecting whipped cream I scrolled to the bottom of the screen, put my name in the place where it was supposed to be, and clicked on add to basket. I was then asked to select my milk in the select milk section. The problem is there is no select milk section. Therefore, I could not order my hot chocolate because of this issue. Would you please fix this. I called the restaurant and let them know about this issue. At least I will get my hot chocolate today. Unfortunately my husband will have to order & pay for it separately when he goes to pick up our order at the drive-thru."
18,Michael Gross,"November 11, 2017",1," Lacking presentation, need to add pictures to your menu items."
19,Jason Lewis,"March 3, 2016",5,"Orgy in my mouth Talk about flavorful food. This is the best place to eat fresh, wholesome food. I at lunch and  dinner there yesterday. I woke up this morning with a pit in my stomach so I went back this morning and got the cinnamon toast and talk about portions omg !!!!!!!!!! I can honestly say I'm not going to pa...Full ReviewTalk about flavorful food. This is the best place to eat fresh, wholesome food. I at lunch and  dinner there yesterday. I woke up this morning with a pit in my stomach so I went back this morning and got the cinnamon toast and talk about portions omg !!!!!!!!!! I can honestly say I'm not going to pay my bills this month due to eating at Kneaders"
20,Dian dsigneye,"November 17, 2016",5,"Healthier choices Everything I've tried; sandwiches, soups and bakery has been fresh, and tasty. Friendly fast service."
21,Byron Kuhn,"February 11, 2017",2," No deliverable date possible to select.  Tell me the real issue or give me a ""next available"" option."
22,Jacquie Brubaker,"January 18, 2017",3," Nice enough app, but I want pictures of the food they serve."
23,Sunshine Byers,"January 26, 2015",5,Awesome! Iv ate here twice and OMGOODNESS! Great BLT! The turkey sandwich has Real turkey on it. Not sliced. ..actual turkey from the breast. Delicious!
24,nikki carabetta,"January 11, 2017",5,Love spending my lunch break here Great food. Great service🖒🖒🖒
25,Coleman Marc,"May 5, 2015",5,Hello I love the pastries here
26,Hedge MN,"September 2, 2016",3, Ok
27,Tyler Kaka,"May 12, 2018",5," First time trying the app. My food better be ready. Ill add to my review 
afterwards."
28,Bridget Eddy,"May 23, 2015",5,Kneaders! My sister works there and she recommended this app. It is awesome!
29,Benjamin Thomas,"March 30, 2017",5, French toast is the best and lunch is good too
