index,author_name,review_date,reviewer_ratings,review_body
0,Sundeep Singh,"April 2, 2020",2, All is well in this application but please add international payment sending in international banks like i want send payment in india There is no option to send payment in india
1,Tiago Pinho,"December 13, 2019",2," After the last update, the app crashes always after clicking the home button. Using an OnePlus 7 Pro, Android 10."
2,john rowe,"May 25, 2019",1, does not work on android 5/5.1
3,Ghanshyam Dhanani,"July 23, 2019",1, in my mobile this apps is not open. how can i get use my online banking . pls do in favoure of me.
4,Nuno Bezelga,"April 24, 2020",1, Não permite carregamentos de telemoveis online.Aparecem erros estranhos.Até para fazer transferências entre contas da caixa agrícola quando se coloca a conta receptora a app reinicia sem qualquer razão.Não recomendo!
5,José Brito,"February 14, 2020",2," Após utilização para transferências entre contas ca, continua a pedir a password de 3 dígitos, quando se vai consultar e se volta de novo para a aplicação da sempre erro e encrava. Não deixa sair sair da aplicação e voltar a entrar no meio de uma transação."
6,Stanley Kienel,"January 2, 2020",1," Bancos... Cobram-nos até ao último cêntimo, mas não conseguem ter uma app que atualiza em tempo real. E ainda arranjam maneira de cobrar serviços do MBway. É o país em que vivemos."
7,Ricardo Pinto,"December 24, 2019",4," Desde a última actualização que sempre que se faz login, dá o erro ""Lamentamos não poder satisfazer o seu pedido por ter ocorrido uma situação anómala (2)..."". Este erro está constantemente a aparecer, até quando se entra nos Saldos e Movimentos e se volta ao menu, e noutros menus"
8,Jorge Teixeira,"December 21, 2019",1, Bugs ... Nao é possivel fazer colar nr de iban e nr de conta nas transferências entre contas CA. quando coloco a App em segundo plano para ver o nr em outro local ela Bloqueia e coloca tela em branco.. usabilidade de utilização mt inconsistente.
9,Filipe Ferreira,"December 23, 2019",2," Boa aplicação intuitiva, contudo sempre que uma transação é concluída a app rebenta e fecha."
10,Helena Gonçalves,"January 9, 2020",5, good
11,Helder Amado,"October 29, 2019",4, Ok. Mas precisa de um update para Android 10.
12,R SINGH,"September 26, 2019",5, Good app
13,João Batista,"September 14, 2019",1, Há semelhança do que as outras instituições fizeram a quando da cobrança de taxas na utilização do mbway o crédito agrícola devia ter disponibilizado uma opção semelhante para o cliente a partir da sua aplicação. Reconheço que o valor até é razoável (comparando com outras instituições) mas cobrar 26...Full ReviewHá semelhança do que as outras instituições fizeram a quando da cobrança de taxas na utilização do mbway o crédito agrícola devia ter disponibilizado uma opção semelhante para o cliente a partir da sua aplicação. Reconheço que o valor até é razoável (comparando com outras instituições) mas cobrar 26cents por transferência continua a ser um roubo...
14,Carlos Maia,"August 1, 2019",3," Funcionava bem mas agora sempre que autentico, a aplicação entra na área de cliente e sai de imediato tendo de fazer autenticação novamente. Isto não acontece só a mim já que tenho amigos com o mesmo problema. Resolvam isto sff."
15,joao brito,"August 2, 2019",1, Erros constantes ao efectuar pagamentos/transferencias.
16,Allura Reid,"May 6, 2019",2," para conseguir entrar tenho de decorar (e saber salteado) um numero de 12 digitos que nao tem ordem seleccionada pelo cliente e pior tenho de ligar para activar... perdeu a utilidade ja que preciava da app no momento, nao daí a alguns dias... nao podem usar a pass ja criada para acesso online?"
17,Margarida Matos,"February 24, 2019",1," Não é útilizavel, estou constantemente com problemas de login. Para operações bancárias normais, se saio da aplicação para ver os dados a aplicação fecha."
18,Frederico M Corda,"September 12, 2018",1," *edit: A aplicação apresenta falhas constantes, por vezes quando abre fica em branco. Não é de todo funcional Funciona sem falhas, crashes e afins. Falta algumas opções e talvez uma interface mais cuidada."
19,Makhani Jamba,"July 2, 2018",4," Finely problem were solved by .ca agricola branch in Faro near ajuntamento 
building.Thanx for good service.And I already change my mind so I gave 4 
stars."
20,Stefano Luizari,"August 4, 2018",2, Não está sendo possível fazer o login e sua inicialização é muito demorada.
21,Ricardo Godinho,"June 12, 2018",2, Sempre a crashar... Atualização urgente é necessária
22,Luís guimaraes,"September 15, 2018",1, Keeps crashing.
23,Joao Alves,"February 11, 2018",1, Sempre a crashar. Inutil
24,Ines Pereira,"May 4, 2017",2," Em geral funciona, mas o facto de não fazer logout automaticamente quando mudamos para outra aplicação é mutio mau.. O logout deveria ser imediato como está implementado em qualuquer outra aplicação bancária (incluindo o MBWay)."
25,Manuel Luso,"July 27, 2016",5,"To be safe Quando estás a viajar, para a tua segurança desinstala a app de telemovel, para não facilitar a quem encontrar o teu telm aceder a tua conta"
26,Marco Marques,"October 18, 2016",1,"Não funciona Simplesmente não funciona com o Galaxy Note 4. Depois de se por o código pin, volta a pedir o pin, nunca entrando na aplicação.  Senão tivesse outro telefone não conseguia aceder à aplicação.  Será possível verem o que se passa por favor?"
27,Helder Capelo,"September 17, 2016",1,Crash depois do PIN Mesmo depois de reinstalar continua a crashar depois do PIN
28,A Google user,"July 2, 2016",3,"App muito básica Algumas funções convenientes, especialmente pagamentos."
29,Monica Carvalho Silva,"May 30, 2016",5, Otimo e funcional
30,Joao Correia,"March 7, 2015",2,Impossível usar para quem tem password alfanumérica O único teclado disponível na fase de autenticação (password) e numérico.  Como a minha password e alfanumérica (mais segura) e impossível fazer o login... pfff...
31,Carlos Camposinhos,"December 8, 2015",5,5 estrelas Funciona na perfeição sem falhas. Falta a opção tap & pay quer para ios quer para Android.
32,Carlos Moreira,"October 21, 2014",5,Great app .
33,Marie Holloway,"May 6, 2014",5,"Great app This is very easy to use once set up! It would be even better if you could add a frequent transaction option, but still very good."
34,Joana Macedo,"January 4, 2014",3,Da jeito mas os limites de valores são demasiado restritos. Falta poder fazer download dos documentos e poder fazer transferências bancárias  normais.
35,Renate Almeida Tojo,"March 21, 2013",5,Bue fixe Muito bom! Parabéns CA!
36,A Google user,"July 13, 2012",5,"Boa Aplicação! Diga-mos que podemos fazer o que normalmente, fazemos no PC de uma forma mais cómoda e tranquila! Ou seja uma aplicação segura e bastante útil.  RECOMENDO!"
37,A Google user,"July 9, 2012",1,Não consigo registar o Smartphone A aplicação é pouco intuitiva .... no inicio tem que se pressionar a tecla de opções para aparecer o menu para registar o numero de adesão... depois de várias voltas descobri isso. Segundo quando aparece o ecrã para introduzir a chave de 12 dígitos só me permite introduzir caracteres numéricos e não...Full ReviewA aplicação é pouco intuitiva .... no inicio tem que se pressionar a tecla de opções para aparecer o menu para registar o numero de adesão... depois de várias voltas descobri isso. Segundo quando aparece o ecrã para introduzir a chave de 12 dígitos só me permite introduzir caracteres numéricos e não alfa numéricos... não sei se por culpa do meu LG Optimus Black ou da concepção do software que induz o método de introdução em erro como código numérico e a minha chave de 12 dígitos é alfanumérica... ou seja nada feito... não me serve para nada!
38,A Google user,"May 31, 2012",5,Muito bom! Aplicação com performance excelente e fácil de utilizar.
39,Tânia Ferreira,"April 13, 2020",3," De facto podia ter muitas mais opções nomeadamente colocar dinheiro a prazo e a ordem sempre que o cliente necessita sem deslocações ao balcão. Também podia facilitar as transferências, nunca guardou automaticamente os NIBs utilizados frequentemente..."
40,Luís Miguel Pires,"July 17, 2019",5, App muito completa!
41,João Daniel Pereira,"December 4, 2016",1, Trampa
