index,author_name,review_date,reviewer_ratings,review_body
0,Claude Lake,"March 14, 2020",1, Just horrible.. i call customer service 3 times to fix a issue about my address.. 1st time system down... 2nd time someone pick up and hang up and 3rd time i got someone and said its fix still nothing.... the app cant find my zip code and my address is block for some reason..... i wouldnt recommend ...Full ReviewJust horrible.. i call customer service 3 times to fix a issue about my address.. 1st time system down... 2nd time someone pick up and hang up and 3rd time i got someone and said its fix still nothing.... the app cant find my zip code and my address is block for some reason..... i wouldnt recommend this plus the app keep freezing .... i will call custormer service again the 4th time and if everything gets fixed il update this review but as of right now horrible plus im a new customer..
1,Eric Mcphee,"March 22, 2020",1, Horrible experience. App keeps crashing...won't allow me to enter the address (doesn't accept zipcode) or use PayPal without crashing. Extremely frustrating given the times and no delivery times available anyway it seems when my girlfriend tries to order on her app. Just wasted an hour putting toget...Full ReviewHorrible experience. App keeps crashing...won't allow me to enter the address (doesn't accept zipcode) or use PayPal without crashing. Extremely frustrating given the times and no delivery times available anyway it seems when my girlfriend tries to order on her app. Just wasted an hour putting together a cart and fighting with checkout.
2,A Google user,"April 22, 2020",2," Lots of crashing and freezing. With strong cell and wifi service, constant error message that app cannot connect. Very frustrating to use."
3,Lawrence Robinson,"March 1, 2020",3, Used to be a good app but since the February 2020 update it regularly becomes unresponsive and has to be closed when prompted. I have the same experience with both my phone and tablet.
4,Peter Withheld,"March 28, 2020",1," Choppy animations. Hard to make delete button appear in cart. Won't accept my address- says zip code not found, so I'm unable to complete my order and the app is useless. I'm also unable to finish adding an address on the website and this whole app feels like a prototype. Very frustrating."
5,Jennifer Golden,"March 25, 2020",1," Where to start....app constantly freezes (Google Pixel 3xl)...finally pushed through entering about 20 items... entering address keeps returning zio code not found over and over. Definitely entering correct zip code, they definitely deliver to my area as neighbors use them. Horrible app!!!!"
6,Cat Lee,"March 29, 2020",1, Just signed up. App won't load. Can't make my first purchase. Very poor first impression.
7,Jason Davies,"April 20, 2020",1," Love fresh direct, hate the app. It is always crashing."
8,Kara Burzynski,"March 4, 2020",1, Regularly stops responding. This was not an issue in previous versions.
9,siva koppireddy,"April 14, 2020",1, Worst app experience ...doesn't accept zipcode and what is the purpose of this app if it does not allow users to buy stuff? I go for web version which works fine.
10,Rob LaRosa,"March 9, 2020",2," Can't enter my address, for the first time. It tells me *all* NYC zip codes are unavailable and clears the field."
11,Amery Rock,"March 31, 2020",2, Terrible app. Things always disappear from my cart prior to checkout.
12,Tali Gutman,"April 13, 2020",1, Bug with identifying zip codes prevents from actually checking out with the app
13,Chris Lombardi,"March 20, 2020",1," Useless. Enter delivery address, nothing happens. Avoid."
14,Lorin Meeks-Harris,"March 20, 2020",1, APP works very slowly. I would highly avoid this APP based on my usage and the reviews of others. This business appears unprofessional. The Better Business Bureau should investigate.
15,Amelia Ehrens,"March 19, 2020",1, Won't even open past the welcome screen.
16,Monique Lowery,"January 18, 2020",3," Easy to navigate, but freezes on me often and can be slow to modify my selections once the order is placed. Also updates to multiple quantities sometimes, so check that you've only put one in your cart."
17,Edward Young,"December 6, 2019",2," App is broken. Will add multiple items to your cart even though you only selected one. Customer support doesn't respond to email, even when then fail to ship items in your order but still charge you for them. Fresh direct used to be a quality service, but over the last 4 or 5 years they have been fa...Full ReviewApp is broken. Will add multiple items to your cart even though you only selected one. Customer support doesn't respond to email, even when then fail to ship items in your order but still charge you for them. Fresh direct used to be a quality service, but over the last 4 or 5 years they have been failing more than succeeding."
18,Andrea Rummans,"January 20, 2020",2," Zip code issue, doesn't matter what zip code I type it erases it all and asks me to re-enter it. Navigating the site was great. No problems anywhere else except for when it comes down to ordering."
19,Anthony Flores,"February 3, 2020",1, Does not allow me to input my address. It just keeps on loading
20,Huma Kamgar,"February 17, 2020",1, App cant find my New York zip code App shows prices in £ instead of $ Fkd up app
21,Lisa Conneely,"December 9, 2019",1, Barely functions. Crashes frequently and constantly spirals. A waste of my time.
22,Alex Mills,"November 24, 2019",1," Will not let me move forward from address. ""Can't find my zipcode"" . Would not recommend this app"
23,Jonathan Corbett,"December 30, 2019",1, You guys suck for intentionally making your mobile site so annoying with ads to download the app that I'm forced to download this app that does nothing more than the mobile site.
24,Adam Clemence,"December 8, 2019",1," Seriously how is this so bad. ""Can't find your zipcode."" I'm trying to give you money and you made it impossible through the app."
25,Sam Wilkinsn,"March 28, 2020",1, Not available in my area
26,sherrod lonnie,"January 19, 2020",1, Stops working every few days and has to re installed.
27,Shawn Ebanks,"March 1, 2020",1," It's a hard no for me. My very first order never came. After I received a notification that my order was delayed by more than and hour and a half and was going to arrive after midnight, I called customer service to locate my purchase and they said ""a delivery attempt was made"" over the phone while i...Full ReviewIt's a hard no for me. My very first order never came. After I received a notification that my order was delayed by more than and hour and a half and was going to arrive after midnight, I called customer service to locate my purchase and they said ""a delivery attempt was made"" over the phone while in app the order was still saying ""en route"". After waiting (over 20 min in a queue) the associate couldn't even give me a straight answer as to the location of my groceries and I cancelled the order."
28,Alex ?,"March 15, 2020",2, App sucks. Littered with bugs. Delivery tracking is poor. Customer flow isn't intelligent enough. Lots to improve here folks. Food is great though.
29,David Fouch,"March 31, 2020",1," Tried to setup account. I'm not even able to shop. It asks for address before adding anything to the cart, but adding an address doesn't work. I had installed for 10 minutes before I removed."
30,Isaiah Cangro,"January 10, 2020",1, My zip code on long island can't be found can't even use app don't advertise it on long island if it isn't long island ready
31,Shawn Pritchett,"November 12, 2019",1," Shocking how much better competitor apps are. So much more intuitive. Sharper display. Problems scrolling when looking at my cart on this. Better invest in better technology. Not the only game in town anymore and these guys are out to eat your lunch. If you can't have a good app, you're done."
32,Breton Shindel,"June 9, 2019",1," This app is terrible. The layout of everything is not helpful at all, you have to search every specific type of item you want, rather than displaying categories (meat, dairy, etc.), making it very easy to overlook items you need. I can't even put in my apartmrnt because their aufofill address and th...Full ReviewThis app is terrible. The layout of everything is not helpful at all, you have to search every specific type of item you want, rather than displaying categories (meat, dairy, etc.), making it very easy to overlook items you need. I can't even put in my apartmrnt because their aufofill address and the manual address i give is aparently not valid. These people need to get it together."
33,Maria Erukhimovich,"June 19, 2019",1," I have been using this app for a while but it never really worked great. Today, though, it's the last straw. So previously, the app would add some crazy amounts od items you only tapped once, and I learned it the hard way, after receiving 7 packets of dill, or 5 watermelons, I learned to carefully c...Full ReviewI have been using this app for a while but it never really worked great. Today, though, it's the last straw. So previously, the app would add some crazy amounts od items you only tapped once, and I learned it the hard way, after receiving 7 packets of dill, or 5 watermelons, I learned to carefully check the cart before checking out. The speed has also been not great. Today though, the app just won't let me log in saying ""no response received"". I reinstalled it, didn't help. Too bad."
34,Ivana M,"April 2, 2020",1, Can't enter zip code. Can't use WIC.
35,K A R M A,"February 19, 2019",2," Nice idea but the fact that I had to go back online to order, because this app won't let you add your phone number at checkout is almost bad for business because you can't checkout unless you do this. I almost went with another company entirely. Also, the hold that they put on your card looks like t...Full ReviewNice idea but the fact that I had to go back online to order, because this app won't let you add your phone number at checkout is almost bad for business because you can't checkout unless you do this. I almost went with another company entirely. Also, the hold that they put on your card looks like they charge twice. I'm not comfortable with that. I called to inquire but I'm still lacking trust now. Uninstalling."
36,Candia Kenific,"May 1, 2019",1," this is app is the worst. it almost makes it inconvenient to shop online. it is so slow and it has been for as long as I can remember, and I have been using it awhile. yesterday and today, the pictures of items won't even load. at this point I would rather shop in the stores and carry home heavy bag...Full Reviewthis is app is the worst. it almost makes it inconvenient to shop online. it is so slow and it has been for as long as I can remember, and I have been using it awhile. yesterday and today, the pictures of items won't even load. at this point I would rather shop in the stores and carry home heavy bags on the subway than continue using this terrible app. this doesn't seem like rocket science so I don't understand why it is so bad."
37,C S,"June 18, 2019",2," This app can be very frustrating. It adds extra items to orders so I have to be very vigilant when I pick an item that it doesn't add 3 or 4 extra items to my cart when I only wanted one. It never remembers my account or address. Makes me lose my ordering window because of login glitches or deleted ...Full ReviewThis app can be very frustrating. It adds extra items to orders so I have to be very vigilant when I pick an item that it doesn't add 3 or 4 extra items to my cart when I only wanted one. It never remembers my account or address. Makes me lose my ordering window because of login glitches or deleted cart items that I end up rushing to whole foods to stand in line and ponder my hunger and existence.. I know, first world problems! I want to order my Steaks and eat them too! darn it!"
38,Carmen Siano,"December 5, 2019",1, There is a problem every time I try to order.I am going to Amazon.
39,A Google user,"February 12, 2019",1," this app is horrible. its extremely slow and every tim I pick something to app to my cart it says they need an address to deliver to. When I put the address it just loads for a very long time only to never have anything happen. I have refreshed, closed, reopened, deleted and redownloaded this app. N...Full Reviewthis app is horrible. its extremely slow and every tim I pick something to app to my cart it says they need an address to deliver to. When I put the address it just loads for a very long time only to never have anything happen. I have refreshed, closed, reopened, deleted and redownloaded this app. Nothing has changed..."
40,Michael Denker,"May 5, 2019",1," Garbage. App is super glitchy and freezes up nearly every time, assuming you can even get it to load. When it crashes you lose everything in your cart... even though you were logged in. Fire your development team."
41,Wade Cook,"October 5, 2019",2, Great concept but not user friendly... Clicking the shopping cart icon doesn't bring you to the shopping cart and I can't figure out how to check out.
42,Dino Mytides,"October 23, 2018",1, For a digital first company you need to have an app that works. This turd crashes every few seconds. It's faster to go to the grocery store don't waste your time until they get this fixed.
43,Rakesh krishnan,"April 6, 2020",1, I didn't listen to these negative reviews . But boy they are true. Everything like adding groceries and address location started clocking. Removed tht app since it's a waste of space
44,Laura Sywulak,"December 10, 2018",3, The app is always had a lot of functionality issues But the customer service made up for it. Now the customer service is declining to so I'm looking for a new service
45,Amanda Yan,"May 2, 2019",1, is there a bug? recently the app is acting up. it would load but no pictures.
46,Miss Larisa,"June 19, 2019",1, App crashing... won't allow me to put anything in the cart. Fix asap
47,Quintino Di Cicco,"May 5, 2019",1," recent update just freezes on home screen, never loads"
48,Joan Introzzi,"April 28, 2019",1, Really awkward and cumbersome to navigate.
49,Daphne Prodromidis,"February 2, 2019",1," I can't modify my order. I set it, then it goes away. What I deleted is still there. Fix it!"
50,Olivia Sudduth,"July 20, 2019",2, food could of been bigger. needs more options and more veggies.
51,Jacqueline Matalon,"April 13, 2019",5, I love FreshDirect! I use it so much. It brings everything very good. You should really use FreshDirect!!
52,Ifeoma Okereke,"February 4, 2019",1, Why do you need to access my contacts first before I can create an account with Google+?
53,Sebastian Weigand,"September 21, 2019",2," Terrible app, barely works. The website is better."
54,S A,"August 4, 2019",5," ok I'm very happy and exited with fresh direct cause of their setup like neotritional values, helps choice the produc."
55,The Johnson 4,"October 22, 2018",1, Can't log in. It's a waste of time.
56,Therese Pauline,"June 7, 2019",5," You have to sign up, n call your order in. Very nice and helpful."
57,Walter Steckman,"September 27, 2019",5, Always the best quality at a fair price.
58,Dana P,"January 12, 2019",5, Informative and user friendly:)
59,Evelyn Mora,"March 24, 2020",1, I will not use this app or store as they dont delivered on my zip code.
60,Olivier Mayer,"February 2, 2020",1, Since the update I can see any items anymore
61,Tracy Schwartz,"September 16, 2018",1, Can't log in - ever...
62,Charlie McDaniel,"March 16, 2020",1, Just horrible. Never should have updated it
63,CHOO-CHOO collector of weird,"October 5, 2019",1," Sucks, wont take address or order....waste of time."
64,Joe B,"January 12, 2020",1," These morons are a shop on the go company and their BIGGEST ASSET is this stupid app that doesn't work! We have some real winners here. I placed my first order... on the computer, because this doesn't work. We'll see..."
65,bklyngurl,"October 7, 2018",2, Can't get log in on the app
66,C M,"January 9, 2020",1, It been a month since I'm unable to place an order. Everything goes ok until I'm ask for my zip code ...it says it can't be located. Funny...my roommate has no problems placing his..🙄🙄🙄
67,jairtzinio ortiz,"November 26, 2019",1, Not available in my area
68,Patrick Sullivan,"April 19, 2020",1," AWFUL, ZIP CODE"
69,Michele Cannon,"April 28, 2019",5," Got my first order. Hallelujah, I am delivered from schlepping bags of groceries on the subway, taxis, etc. What took me so long? My BFF swore by FreshDirect. Well, now I do too. FreshDirect is AWESOME 😘😘😘 Oh yes and the food is fresh! Marinating my tuna steaks right now. Gonna throw the swiss ch...Full ReviewGot my first order. Hallelujah, I am delivered from schlepping bags of groceries on the subway, taxis, etc. What took me so long? My BFF swore by FreshDirect. Well, now I do too. FreshDirect is AWESOME 😘😘😘 Oh yes and the food is fresh! Marinating my tuna steaks right now. Gonna throw the swiss chard and dandelion greens in the pot and do some quinoa. #sundaydinner ❤"
70,Leon Delacoudray,"January 8, 2020",5, Thank you guys you have made me very happy for medical rreasons i cannot lift anything heavy and youall made my day. Thankyou.greatly apprrciated.
71,megapper,"January 7, 2020",1, App does not work.
72,Liquid Emeralds,"February 1, 2020",1, I saw that it lists nassau county as a delivery place but it will not recognize my zip code. It looked like it has a better variety of food than peapod but at least peapod allows you to use it.
73,Ripon Banik,"April 3, 2020",1, Shittiest app I have ever used. Makers of the app should be fired.
74,Kaz Kazba,"January 1, 2020",1, Not good for Android
75,Daniella Itin,"October 2, 2018",2, would be great if it let you log in....
76,A Google user,"October 5, 2018",2, Never works correctly
77,Steven Gilbert,"November 13, 2018",1, Cant find login
78,Shirley Hayes,"November 9, 2019",2," I can't get the time for my delivery, today, i need help i need it today any time 10:pm ok"
79,Chris Woodard,"March 30, 2020",1, Way too expensive
80,Patricia Yohe,"March 22, 2020",1, Didn't work at all.
81,robert bass,"April 19, 2019",1, they don't deliver to my area
82,Ryan carmean,"May 2, 2019",2, No more pictures?
83,Ann Jackson,"September 23, 2019",5, Like very good to me
84,Renee Wright,"October 19, 2019",5, Easy to use
85,Hossick McDonald,"October 16, 2019",1, None
86,A Google user,"January 19, 2019",3, The app needs an option to view all new products like you can on the website.
87,A Google user,"August 15, 2018",2," I can't remember the last time this app actually let me log in. Very 
frustrating."
88,TJ Jannar,"September 3, 2018",1, I tried to purchase an item with Paypal on this app and it didn't allow me to do that. Not only that but trying other payment options were not accepted.
89,Ron B.,"August 31, 2018",2, Unable to sign into app. Very frustrating
90,Dr Mark Helfand,"July 24, 2018",3," After two years, they finally have an app that works on my HTC phones. I 
installed this on my HTC 10 with Android 7.0 and so far it works. 
Unfortunately their staff doesn't. For the prices they charge, they should 
go out of their way to make sure everything is perfect. I've been using 
them for p...Full ReviewAfter two years, they finally have an app that works on my HTC phones. I 
installed this on my HTC 10 with Android 7.0 and so far it works. 
Unfortunately their staff doesn't. For the prices they charge, they should 
go out of their way to make sure everything is perfect. I've been using 
them for prepared foods for over 3 years but now the quality has dropped. 
Some of their food is good but it used to be restaurant quality. Not any 
more."
91,A Google user,"June 20, 2018",1," Last update broke the app on my Samsung Galaxy. Picking an item now takes 
10 seconds scrolling is next to impossible. Please fix"
92,A Google user,"July 5, 2018",1," FreshDirect completely botched a delivery and ruined my plans for a party 
because of their transition from boxes to bags. I'll be transitioning to a 
better delivery service."
93,Maryam Hakam,"June 27, 2018",2, This app is not allowing me to sign in anymore. Very frustrating.
94,Wendell Wilson,"June 11, 2018",1," Entering the address is an endless loop. Must do it each time you add an 
item to the shopping cart. Items do not appear to stay in the shopping 
cart. No way to ask for customer service in the app. Definitely not ready 
for prime time. It's 3.2 star average rating is a result of not being able 
to ...Full ReviewEntering the address is an endless loop. Must do it each time you add an 
item to the shopping cart. Items do not appear to stay in the shopping 
cart. No way to ask for customer service in the app. Definitely not ready 
for prime time. It's 3.2 star average rating is a result of not being able 
to give a zero-star rating or a negative-star rating."
95,Steve Romagnoli,"May 8, 2018",1, Buggy. Not even functional
96,T H,"April 23, 2018",1," The app runs very poorly and gets worse with every update. It is painfully 
slow and logs you out incessantly. It's quicker to go to the store. The app 
also tends to randomly increase the number of items when you are ordering."
97,Sam Goldgeier,"April 8, 2018",2, This app has so many bugs. It's really not as well made as the website. It's hard to get normal things done most of the time and logs you out so frequently.
98,Nicolas Lee,"March 3, 2018",3," The app is good but there's a bug in the quantity when you shop from past orders. I just don't understand why it's not 1 by default. As an example, I clicked once to order 1 carton of milk (and have never ordered more than 1 previously) but the app added 2 to the cart by default. And sometimes I get...Full ReviewThe app is good but there's a bug in the quantity when you shop from past orders. I just don't understand why it's not 1 by default. As an example, I clicked once to order 1 carton of milk (and have never ordered more than 1 previously) but the app added 2 to the cart by default. And sometimes I get 3 or 4 of the same item added and have to manually check the cart to remove them."
99,Ashleigh Batton,"March 8, 2018",3," I LOVE FreshDirect. The latest app update, not so much - I can't log in and it can't even find ""chicken""....  FreshDirect's selection and quality are amazing - literally unrivaled in the DC market; and I've tried it all.    This is my first app issue, uninstslling and reinstalling didn't work - hope...Full ReviewI LOVE FreshDirect. The latest app update, not so much - I can't log in and it can't even find ""chicken""....  FreshDirect's selection and quality are amazing - literally unrivaled in the DC market; and I've tried it all.    This is my first app issue, uninstslling and reinstalling didn't work - hopefully this will get fixed fast (otherwise I might have to actually walk to the grocery store)!"
100,A Google user,"February 23, 2018",3," lags a lot of the time, have to constantly check my cart b/c sometimes things get inexplicably added"
101,Elena Cassella,"February 5, 2018",1, It doesn't work anymore. Cannot sign in.
102,Redwan Huq,"January 19, 2018",1," Difficult to navigate, doesnt remember to keep you signed in, constantly asks for address even after signing in, and loading screen can take over 1 minute. I never use the app if possible and rely on the website. Clearly, the development team doesn't pay attention to reviews. Simply terrible design."
103,Honey Lee Miller,"December 8, 2017",3," Maybe it's just me but I can add anything to my ""lists."" I see things I know I'll need but not yet and the only option I have is to add them to my cart. That's not a very good experience."
104,Brian Oconnell,"January 1, 2018",1," Create new account, then log in. ""Whoops Something went wrong"". Yeah, you lost a new customer."
105,Roberta Gelfand,"January 1, 2018",3, It crashes a lot
106,Chrysta Banks,"January 25, 2018",5, I will buy Vegetables and Fruits Fresh Period. 😊
107,Vineet Doshi,"November 11, 2017",1, Terrible app! I spent 30 minutes creating a shopping cart. The app then crashed and didn't retrieve my cart. Just not worth it. Uninstalled.
108,Kidale Smith,"October 20, 2017",1, Doesn't work
109,Nancy Caivano,"October 2, 2017",1," This app is the most user UNFRIENDLY app there is. It didn't work half the time, it won't let me check out, loses my timeslot, or won't get the sales. I love FreshDirect, but HATE the app!!"
110,CaSaundra Thomas,"August 18, 2017",1," When I started using this app I had no issues. The more I use it the worse the service becomes. Now my order comes damaged, opened and crushed. When I order things like bacon they ask how I want it cut but never deliver it like I want it. It seems that the more I spend the worse it gets. I'm going b...Full ReviewWhen I started using this app I had no issues. The more I use it the worse the service becomes. Now my order comes damaged, opened and crushed. When I order things like bacon they ask how I want it cut but never deliver it like I want it. It seems that the more I spend the worse it gets. I'm going back to Amazon where the people who deliver aren't the best either but at least the food is not damaged."
111,Karen Galli,"September 19, 2017",1, So many probs! Reserve a time and doesn't always stick. Open the app and it doesn't automatically load your account information. It says I'm logged in but my information such as previous orders does ss not pop up.
112,A Google user,"August 21, 2017",1, App is pretty clunky but the selection and service itself are what keep getting more expensive and worse. At this point I'd recommend a competitor.
113,Adam Kantor,"August 10, 2017",2, Fresh Direct is great but the app has a lot of issues. It makes it very difficult to place an order and navigate. I keep waiting for them to fix the bugs but it hasn't gotten any better.
114,A Google user,"September 10, 2017",1, OLD APP WAS WAY BETTER!
115,NJ Spice,"July 7, 2017",4," New version takes looong time to load, but overall I have had good luck with the app and with FreshDirect in general. UPDATE 7/7/17: load time is faster, but sometimes it doesn't recognize me, as if I'm logged out. Frustrating."
116,Ralph Bigio,"July 9, 2017",1, Malicious! Do not download! It does not let you create an account withoutgiving them your entire contact database! This is malicious!
117,christine Smith,"July 7, 2017",2, Sloooooow app. Just use the site save time. Once u delete an item in your cart it jumps right back to the top of your cart. Also scrolling through your cart is the slowest task on the planet. Deleting...
118,Gaming 6FeetUnder,"July 17, 2017",4, Needs more work but better than previous encounter.
119,Michelle Harmon-Madsen,"June 28, 2017",5, Love FreshDirect
120,GLENN EVANS,"June 19, 2017",4," Received $25.00 coupon figure I would try.  Was very happy with quality and surprised  of the prepared dishes. Have ordered a second time and can have products the next day.  App works fine I found that when reviewing order easy to delete items,  may be my  note 4."
121,Keiko Cervantes-Ospina,"May 28, 2017",1, Worst app. Slow. Links don't work. Makes shopping more difficult than on the website.
122,Raffi Khatchadourian,"June 20, 2017",2, Very clumsy interface but actually better regarding responsiveness to the mobile app.
123,will james,"July 17, 2017",1," Never loads, freezes, terrible app for a good sevice"
124,A Google user,"June 5, 2017",3, Clunky
125,Rebecca Frahm,"April 30, 2017",1, Love FD but the new version of the app is so slow - to the point I can't actually use it to buy groceries. The only redeeming feature is that I can see the final prices of items in the cart more clearly. It constantly just shuts down. Please fix!!
126,Nitza Vargas,"April 30, 2017",2, Doesn't not load properly. Unable to see items in my cart and when I try to look for products it just keeps loading.  For now I will stick with the web version.
127,Alicia Cable,"April 21, 2017",2, Seems like they went back time with the new version of the app.Much slower harder to get to work than the one before.Their website isn't much better.
128,Phelms215,"April 27, 2017",5, Love the new app much cleaner and more responsive. Lightning fast on new s6 edge plus  but Sluggishr phone but that's more Android issue than an app problem
129,Chaim Schramm,"April 30, 2017",2, Sluggish response times and kept crashing - gave up
130,Brenda Ramos,"April 28, 2017",1," The last updated sucks! It order when I didn't press ""order""! Please fix it"
131,A Google user,"April 14, 2017",3," Version 4.0.3 seems to work OK on my Samsung Galaxy 5 phone running Android 6.0.1.  However, when I try to install on my Verizon Ellipsis 8 tablet running Android 4.4.2, I get Version 2.9.5 of FreshDirect, which does not work.   It would be easier to use the app on my tablet if only it worked."
132,Casey Bartels,"April 13, 2017",1, Super buggy... Can't even log on or find products
133,Steven Schwimmer,"April 18, 2017",3, Slower and clunkier than last version - which worked pretty well.
134,Hugh Hansen,"April 5, 2017",1," After many years, this app can't pull up any items I've ordered in the past (always says there are none) and can't recognize that I've reserved a delivery time. It's a very poor experience.  Also, it just updated and now I can't log in because it says that my password doesn't satisfy the length requ...Full ReviewAfter many years, this app can't pull up any items I've ordered in the past (always says there are none) and can't recognize that I've reserved a delivery time. It's a very poor experience.  Also, it just updated and now I can't log in because it says that my password doesn't satisfy the length requirement. I can't login with my real, actual password because the app says it's too short."
135,Brooke Richartz,"April 4, 2017",1, This app requires me to log out and log back in to update my cart all the time. It takes forever to load. Today the page won't even open to allow me to shop. I love Fresh Direct  but hate this app. I might have to switch to Amazon Fresh
136,Svein Lindal,"March 31, 2017",1," The app simply doesn't work. The old version sucks. The new one simply says:""oops something went wrong"". And that's all it's done for me."
137,Srimoye Banerjee,"April 3, 2017",1," Horrible app..first takes a long time to load, then its saying my google+ social profile does not exist. Nonsens!"
138,Caryn Weiss,"April 4, 2017",1, Not user friendly. Crashed 3 times. Very difficult to place an order
139,Jin Bae,"April 3, 2017",2, Too many bugs
140,Nikki B,"August 7, 2016",1,Worst app This app is the worst! My phone is my primary method for ordering and I am constantly having problems. Past orders never show up so it's not easy to reorder. App is constantly freezing while trying to search or add items to cart. Items mysteriously disappear from cart which I do not realize until or...Full ReviewThis app is the worst! My phone is my primary method for ordering and I am constantly having problems. Past orders never show up so it's not easy to reorder. App is constantly freezing while trying to search or add items to cart. Items mysteriously disappear from cart which I do not realize until order arrives without items I thought I ordered. I end up having to go to the supermarket every week anyway. I am not autorenewing my delivery pass because of these issues. I will try another delivery service.
141,Karen Abbruzzio,"August 29, 2018",3," FRESH DIRECT IS GREAT. I USED IT ALL THE TIME IN PAST. I HAD Y STOP SERV. IT WAS THEY WERE ALWAYS OUT OF THE ITEMS I USED. I GAVE IT 2nd,3rd, etc TRIES IT SEEMED THE SITUATION WORSENED. NOW I'VE BEEN USING FOOD KICK. ILIKE IT ALOT BUT IT'S THE SAME SITUATION HAPPENING. I WISH THEY WOULD ORDER MORE O...Full ReviewFRESH DIRECT IS GREAT. I USED IT ALL THE TIME IN PAST. I HAD Y STOP SERV. IT WAS THEY WERE ALWAYS OUT OF THE ITEMS I USED. I GAVE IT 2nd,3rd, etc TRIES IT SEEMED THE SITUATION WORSENED. NOW I'VE BEEN USING FOOD KICK. ILIKE IT ALOT BUT IT'S THE SAME SITUATION HAPPENING. I WISH THEY WOULD ORDER MORE OF THE FOODS THAT SEEM TO GO FAST SO I CAN USE THE SERV. AGAIN !!!"
142,A Google user,"October 16, 2016",2,Used to love it but devs have left it for dead Was the best app version of a store. Now I get login issues and past orders don't show up. Not sure why the wrecked a good thing. My only guess is they didn't update with Android version updates.
143,Gabriel Klavun,"February 5, 2017",1, I like fresh direct but the app is useless.  I was surprised after many months they still didn't fix bugs.  Without ability to order from previous orders the app has no use as I'll just go to web or use Instacart which I generally end up using as it has faster delivery and works from my phone.  Not ...Full ReviewI like fresh direct but the app is useless.  I was surprised after many months they still didn't fix bugs.  Without ability to order from previous orders the app has no use as I'll just go to web or use Instacart which I generally end up using as it has faster delivery and works from my phone.  Not sure what's going on over there but you're losing business due to bad app support.
144,Bill Clay,"May 14, 2016",1,No place to enter coupon codes! This app is a scam. It also didn't take off $50 for my 2nd order. All these apps are designed to gather your data and not for your benefit.
145,Steven Baker,"May 9, 2016",1,"My shopping list, with 59 items, shows empty! I created a shopping list online using our Win 10 laptop which shows correctly when logged in from our laptop. However, despite this app showing our custom shopping list's name followed by (59) indicating that it understands it has 59 items,  the app shows ""Your shopping list is empty"".  Support sug...Full ReviewI created a shopping list online using our Win 10 laptop which shows correctly when logged in from our laptop. However, despite this app showing our custom shopping list's name followed by (59) indicating that it understands it has 59 items,  the app shows ""Your shopping list is empty"".  Support suggested that I update the app, which was installed with the latest version (2.9.5). And still does not work after uninstalling and reinstalling on my new Samsung Galaxy Android running ver 6.0.1. Seriously flawed!"
146,Claire McTaggart,"January 29, 2017",1," One of the worst apps I've ever used. Constantly says ""unable to connect to fresh direct"" for days at a time, and even if you delete and reinstall it works about 20% of the time. I've filled up a cart only to have all items deleted. Honestly  the food is great but why have an app if it doesn’t even ...Full ReviewOne of the worst apps I've ever used. Constantly says ""unable to connect to fresh direct"" for days at a time, and even if you delete and reinstall it works about 20% of the time. I've filled up a cart only to have all items deleted. Honestly  the food is great but why have an app if it doesn’t even have basic user functionality.  I'd give the company a 5 if they had a working app. I switched to Peapod."
147,Romy Vreeland,"January 7, 2017",2,"Great service, bad app This app is barely usable. All sorts of problems, plus no Swype. Things that I thought I added to my cart are not there, special instructions to drivers sometimes do not appear when an order is placed through the app, search functionality is not great. Past lists routinely do not show up. Bad. Also,...Full ReviewThis app is barely usable. All sorts of problems, plus no Swype. Things that I thought I added to my cart are not there, special instructions to drivers sometimes do not appear when an order is placed through the app, search functionality is not great. Past lists routinely do not show up. Bad. Also, FD, if you're reading this, please make the descriptions of quantities clearer. Am I buying 1 pound of something, or one of it? It's inconsistent."
148,Amy Gibson,"January 31, 2017",2," Since the latest update I constantly get messages on both my phone and my tablet that say ""unable to connect to fresh direct."" Sometimes things save to the cart, sometimes they don't. App crashes often and requires signing in over and over. I use this app daily and am about ready to give up on FD if...Full ReviewSince the latest update I constantly get messages on both my phone and my tablet that say ""unable to connect to fresh direct."" Sometimes things save to the cart, sometimes they don't. App crashes often and requires signing in over and over. I use this app daily and am about ready to give up on FD if these issues aren't fixed soon.  Update 01/31/2017: 10 months later and the app crashes less often, but still often enough to be very frustrating! Also, ""past orders"" and ""saved lists"" are always empty on the app (but work on the full website). Love FD, and the full website is great, but the app is a pain sometimes... Which is a shame because it would be so much more convenient than using the computer if it actually functioned properly."
149,Sarah E. Newsome,"July 2, 2016",3,"Shopping lists still don't work Shopping lists and past orders STILL don't work. In the app, they come up blank, even when they should not.  These two features stopped working over a year ago, and still haven't been fixed. For a grocery store that is entirely online, that's kind of embarrassing, no? Fix it."
150,A Laub,"July 31, 2016",1,"Unreliable app Can't access shopping list or previous orders on Samsung tablet. Used to work, doesn't anymore."
151,Sarah-Kay Lacks,"September 11, 2016",3,App isnt perfect You can't pull up an old shopping list and shop from a prior order on the app (although it claims it can be done.) This makes online food shopping harder and more labor intensive.
152,moe pro,"September 6, 2016",1,"Horrible Don't bother downloading. Never connects, always crashes, no place for coupon codes."
153,Manu Kapoor,"June 25, 2016",3,"Come on guys... The Quickshop features do not work anymore. I'll select either ""Past Orders"" or ""All Items Ordered"", and it tells me that no items can be found. Also, the customer service phone number is no longer available on the button in the Contact Us menu."
154,Paul Kang,"April 30, 2016",2,Updated terms broke the app Updated terms of service and when I press 'I agree' it gives me an error screen. It continues to give me error that I cannot connect to fresh direct I believe as a result of me not agreeing to the terms.
155,Darcel Gary,"October 19, 2016",3,Fix past orders items page The app is not that great. It gets errors frequently causing you to have to go in and out of it too much. Also past orders are never shown. This is the biggest bug it has.
156,Constance Wilkins Taylor,"January 5, 2017",5,A BLESSING FROM GOD Shopping on line when you're not able to go out in the store for oneself!!! Restores self dignity along with good food/ a establishment who cares about it's customer's satisfaction!!! Fresh Direct Assures Accountability & Courtesy!!!
157,Isreba Aiken,"December 22, 2016",5,"Fresh isn't the word.... Fresh as heck is more like it.  I love everything about fresh direct.  It's fresh produce, beverages, pastries, fruits, vegetables, meats, housewares, appetizers,deli, desserts, and breads...delivered directly to your welcoming arms, from local farm soil to your front door.  Who could ask for anythi...Full ReviewFresh as heck is more like it.  I love everything about fresh direct.  It's fresh produce, beverages, pastries, fruits, vegetables, meats, housewares, appetizers,deli, desserts, and breads...delivered directly to your welcoming arms, from local farm soil to your front door.  Who could ask for anything more?"
158,Jesper Q,"April 18, 2016",1,From bad to worse The 2nd round of update is even worse... now I can't even open the app. No stars!!
159,Brett Kassel,"December 28, 2016",1,App doesn't work Couldn't view past orders for awhile and now nothing shows up in the cart so can't even place a new order. Have to use their website.
160,Heather Stewart,"April 27, 2017",1, This app is now horrible. I'm considering using Amazon Fresh instead.
161,Rachel Ward,"January 2, 2017",1,Terrible app Doesn't work at all.  Freezes when I try to check out and will not let me log in.  Very frustrating.
162,Marna Howard,"December 27, 2016",1,Worst app ever You can't do anything on this app. It just Hogs your data and your memory
163,Ted Jensen,"May 30, 2016",1,Useless Previous orders and shopping lists come up empty. Uninstalled.
164,Jay Kolomeysky,"November 30, 2016",1,Unusable The app is completely unusable and keeps saying unable to connect.
165,Jimmy O'Neill,"January 1, 2017",1,Use your browser App looks and feels like it is from 1996. The mobile version of the site is 100x better then the app.
166,Radam Ady,"February 1, 2017",1, Without the ability to use lists you must search for each item. Even past orders do not appear
167,Jeremy Rempel,"January 16, 2017",1,Crashed on startup Crashed on first page after the agreement with a Java RMI exception
168,A Google user,"December 11, 2016",2,Buggy Super buggy and its really disappointing.
169,A Google user,"October 29, 2017",1, Doesn't let me check out.  Horrible
170,Camille Perez Rodriguez,"September 29, 2016",1, My orders show up empty
171,Justin Taylor,"September 21, 2016",1,Make a real app Non native app that is slow and takes forever to load.
172,Alex Czetwertynski,"February 15, 2017",1, This app must have been developed in the 90's
173,Antony Damianos,"December 5, 2016",1, It doesn't work!
174,ENERGETIC BORN ALLAH,"August 15, 2016",5,"Employee Transportation Route Runner I work for Fresh Direct, and it's one of the best choices I've made."
175,Eileen Cheng,"November 20, 2016",1, The phone app takes forever to open and load.
176,Simone Isaacs,"September 20, 2016",5,Fresh direct Very fresh everything
177,A Google user,"December 20, 2016",1, Do any even let you log in.
178,Chaun Smith,"March 22, 2017",2, Great service. Buggy app. Online is better.
179,Dorothy Gherdovich,"September 7, 2016",5, Great app easy to use food is fresh n excellent homemade  foods r different..
180,irene tofiles,"February 12, 2017",2, Awful delivery service
181,Seth Merritt,"July 8, 2016",1, Complete garbage
182,Nu Life,"August 8, 2016",5,Love this app Favorite
183,Cameron Smith,"July 26, 2016",1, broken
184,Courtney Sawicki,"March 24, 2016",2,So Glitchy I've been having the same problems as everyone else. I have to login each time now and keep getting unable to connect error messages. I would have rated this app as 5 stars prior to this last update
185,Christine Wesley,"March 24, 2016",3,"Fresh Direct I used to LOVE this app, but now I have to log in every time I open the app. I keep getting this notice box that says "" cannot connect to Fresh Direct"". I ordered anyway and didn't have trouble getting my order. I hope this problem gets fixed because I really rely on this service."
186,A Google user,"July 5, 2016",1,From 5 to 1 star This app no longer works. I had to uninstall it. You can't use quick shop and it crashes all the time. Please fix it. It made my life so much easier.
187,Kathleen Pettinati,"March 6, 2016",3,"Normally love it I would have normally put 5, but this last update messed things up. I detest signing in every time I open the app. Immediately something pops up that says 'unable to connect to fresh direct'. Sometimes when I keep going things save to the cart, sometimes they don't. I love fresh direct, so please fi...Full ReviewI would have normally put 5, but this last update messed things up. I detest signing in every time I open the app. Immediately something pops up that says 'unable to connect to fresh direct'. Sometimes when I keep going things save to the cart, sometimes they don't. I love fresh direct, so please fix things soon!"
188,nikki Kimboko,"April 6, 2016",1,"New update SUCKS. It no longer functions. Every. Time. I have to log in and then it tells me it can't connect to fresh direct.  What’s up? I am forced to get to my computer, defeating the purpose of having the app and convenience of shopping on my phone. Ugh."
189,Marc Gerstein,"March 22, 2016",1,Fresh Direct's IT Management team should be embarrassed! There's no way this app should've passed testing. So many bugs.  Might as well use a mobile browser.
190,Jennifer Wills,"March 28, 2016",2,"Crashes constantly Takes so long to complete an order because crashes every other time I use it, and lately keeps saying ""unable to connect to fresh direct."" This must be hurting their business, as I find myself just quitting app and going to store the next day rather than using Fr Direct-  and I've used them since th...Full ReviewTakes so long to complete an order because crashes every other time I use it, and lately keeps saying ""unable to connect to fresh direct."" This must be hurting their business, as I find myself just quitting app and going to store the next day rather than using Fr Direct-  and I've used them since they 1st came to NYC... I'll go back- just via the website, not app."
191,Susan Roy,"March 2, 2016",2,Constantly crashing The app constantly can't connect to the website & will log me off. Also if I try to modify my order on the app it forces me to change my delivery slot. I can't complete the order without changing the delivery time.
192,Marc Richardson,"March 19, 2016",2,"Unable to connect errir Login is annoying as it can't retain your login.  It produces an error ""unable to connect"" whenever attempting to access past orders which also come up empty."
193,Duncan Arundel,"March 13, 2016",1,"New update bad The latest update had rendered this app almost useless. I get constant crashes, connection failures and fingers crossed if you try to modify an existing order."
194,Bob Doto,"March 15, 2016",2,"Can't shop from / Does not sync previous orders Not worth it if the app doesn't sync with the website properly, making it impossible to shop from a previous order."
195,Kiersten Reed,"March 16, 2016",1, The latest version does not work well with my phone. I am considering cancelling my account.
196,Christina Mixon,"April 3, 2016",1,Can't connect I keep getting an error that the app can't connect to the server. Please help.
197,Stuart Goldstein,"April 8, 2016",2,A joke Do you morons understand how much business you are losing because you can't get the app to work?
198,s key,"March 26, 2016",2,There is a problem with this App I can't view my old orders
199,Lenore Diamantidis,"March 16, 2016",2,"Not working since update Keep getting message ""unable to connect to Fresh Direct""   please fix! - or I shall have to permanently move on to peapod:/"
200,Mark Troyan,"March 6, 2016",3, I think the last update was not a good one. Things worked great until the last update.
201,Ivy,"March 16, 2016",1, When are you guys going to fix this latest app issues??!!
202,Kevin Galligan,"April 2, 2016",1,Update broke Basically doesn't work after update
203,Neil Wiita,"April 8, 2016",1,New update doesn't work Nexus 5x
204,Gale Joseph,"March 5, 2016",2, App will not connect
205,Rich Adams,"January 20, 2016",1,"Slow and buggy Past orders do not show up at all, therefore I cannot reorder from my past orders thus slowing down the whole process of ordering things I buy regularly.  Reserve delivery slot yet it doesn't show at checkout.  Crashes every time I try to view/select a multi-buy item (e.g 2 fresh fruit for $7).  Slo...Full ReviewPast orders do not show up at all, therefore I cannot reorder from my past orders thus slowing down the whole process of ordering things I buy regularly.  Reserve delivery slot yet it doesn't show at checkout.  Crashes every time I try to view/select a multi-buy item (e.g 2 fresh fruit for $7).  Slow to load lists and items, slow to select/view products,  generally not very user friendly. Takes 3x the time it took me on my desktop."
206,A Google user,"January 21, 2016",1,"Used to like FD, always hated their app In my rev 9 mos ago gave this app 1 star. Wish it were possible to give zero or negative stars. App not letting me view shopping lists or past oders. Contacted FD 5-6  times in 2wks.by phone & e-mail. FD repeatedly asked me to go thru the same steps over & over & over again. Then I'm assured FD will...Full ReviewIn my rev 9 mos ago gave this app 1 star. Wish it were possible to give zero or negative stars. App not letting me view shopping lists or past oders. Contacted FD 5-6  times in 2wks.by phone & e-mail. FD repeatedly asked me to go thru the same steps over & over & over again. Then I'm assured FD will follow up & try to offer an actual fix. Not holding my breath. ### 4/3/2015 -- Clumsy & crash friendly.  After so much negative feedback one would think that FD would realize their buggy app is costing them $."
207,Angel Juarbe,"February 26, 2016",1,"App doesn't really work. Past orders don't show any items, makes it a chore to place an order. Pointless to have the app."
208,Lara Wechsler,"February 13, 2016",1,"Does not function anymore Needs serious overhaul,  can't shop from past orders or lists,  therefore a non-functioning app.  Uninstalled.  Please fix it.  I shop every week with fresh direct but this app does not work at all.  It used to.  I can only use it on laptop because this android app does not function anymore. As of F...Full ReviewNeeds serious overhaul,  can't shop from past orders or lists,  therefore a non-functioning app.  Uninstalled.  Please fix it.  I shop every week with fresh direct but this app does not work at all.  It used to.  I can only use it on laptop because this android app does not function anymore. As of Feb 13, 2016.   STILL APP DOES NOT FUNCTION.  Nexus 6p  it used to work a while back,  what happened?"
209,Genevieve Roth,"February 13, 2016",3,It use to be great but now its not None of my past orders show up anymore. I use the easy reorder function all of the time. Because the past orders no longer show up there is no point in using this app
210,Andre Richardson,"January 30, 2016",2,Back button issue Looks nice but pressing back sometimes causes me to exit the app. Turns me off from wanting to buy anything
211,Jeremy Gourd,"February 14, 2016",1," Just like everyone else, my list and past orders don't show up. You think you would do something about it?"
212,eevie,"February 3, 2016",1,Wasted 15 min on this. Y doesn't your app work lol.
213,MrDagr8rylz,"February 9, 2016",1,"App does not work Like the title says, app simply does not work, why even have the app? Just direct us to the website"
214,Adam Bolton,"December 26, 2015",1,Crashes very often I can't put an order in because the app crashes when trying to put certain items in the cart. Won't use again.
215,jan nelson,"January 2, 2016",1,Despicable that FD Can't get the app to work!!! Hate it!! Doesn't secure your delivery slot. And now it will not display all items I've ordered in the past so i need to go into each dept one by one to do so. Just gets worse and worse!!!
216,David Langolf,"December 19, 2015",2,Weak Shop from prior orders does not work. 'Your Lists' does not work. FD shopping lists do not work.
217,Zachary Cooper,"December 27, 2015",1,Crashes every time Useless
218,Faye McNeill,"December 14, 2015",2, Crashes
219,Matt Kalan,"June 13, 2015",1,"Poor experience They don't seem to realize their value proposition is convenience because a mobile app could offer that if done well. The response time is so slow. Often after I reserve a delivery time, I check out and isn't available (but is on my desktop). I tell them every week and they don't fix it. When I ente...Full ReviewThey don't seem to realize their value proposition is convenience because a mobile app could offer that if done well. The response time is so slow. Often after I reserve a delivery time, I check out and isn't available (but is on my desktop). I tell them every week and they don't fix it. When I enter words in the search box on my S4, it suppresses the word options so I I have get the words exactly right and they also don't put spaces between the words. I can't save to my list from the mobile app."
220,Joanna B,"September 14, 2015",5,"Love Fresh Direct! FreshDirect was perfect to use during my 3 month recovery after having emergency ankle surgery on December 26th! I am so thankful it is in existence! I still use it and it is so helpful when I am physically unable to walk and stand for a long period of time. The app is so very useful, thank you! Als...Full ReviewFreshDirect was perfect to use during my 3 month recovery after having emergency ankle surgery on December 26th! I am so thankful it is in existence! I still use it and it is so helpful when I am physically unable to walk and stand for a long period of time. The app is so very useful, thank you! Also, customer service staff and deliverers are so professional and courteous!"
221,Michelle Vincent,"August 8, 2015",2,app fails on checkout FD is 5 stars in quality and service but had been devastatingly terrible upon checkout for existing reservations.  Timeslots get compromised and are lost far too often in the final step.  Why the tech team does not respond to/address the issue that has existed for years is beyond me.
222,Keith Tallbe,"December 13, 2015",1,Meh Love FD but this app is awful. The cart is often out of synch with my cart in my computer. It is very slow and poorly organized.... . Recent update still stinks.  Often have to force close. And loses my reserved delivery times.  Update: still the worst app on my phone. Please fix!
223,kelli bond,"November 20, 2015",2,App worked great until 2 weeks ago I've been using this app on android for over a year. 2 weeks ago the app started to fail everytime I tried to check out. Can't modify an order either without the app force stopping. I sent FD an email with screenshots but I'm frustrated that they still haven't fixed the issue.
224,James Lawry,"September 27, 2015",1,"Still worse than the iPad app Freshdirect has a wonderful iPad app, but Android users have to put up with a vastly inferior experience. It's still extraordinarily difficult to add items to an existing order without changing delivery or payment details. These issues directly affect FreshDirect's revenue so why aren't they address...Full ReviewFreshdirect has a wonderful iPad app, but Android users have to put up with a vastly inferior experience. It's still extraordinarily difficult to add items to an existing order without changing delivery or payment details. These issues directly affect FreshDirect's revenue so why aren't they addressed? Perhaps FD believes only iPad owners buy groceries."
225,A Google user,"November 22, 2015",1,Fails and freezes a lot Please update this app. I don't use the website and keeps me from ordering all the time. If rather go to the store than dream with this app's bugs.
226,Michael ROUX,"June 3, 2015",1,This app doesn't work As soon as I installed and load the app up it says that the app can not connect to fresh direct server . dev you guys need to first make sure the app actually works before putting it out there.
227,Jon B,"July 27, 2015",1,No longer opens on my Nexus 6 Can no longer even use the app after last update. Running Android M preview 2 on Nexus 6. Crashes immediately after logging in or stalls for upwards of a minute on logging in and then crashes.
228,Ky Nicole,"July 1, 2015",4,"Like it, but would love a coupon They have great deals for new customers, but for their existing customers, there is just sales on certain foods. Like can I get 20% off my order once in a while. I order there a lot, but I like to save one just as much as the next person."
229,Chris H,"June 8, 2015",1,Waste of a half hour App works right up until you have entered in a half hour of shopping and address data.... then it says all three of my credit cards are not correct credit card numbers. Galaxy s5
230,Domenico Pontoriero,"May 19, 2015",5,"Actually improves my life Fresh Direct is so dope, probably one of the most practical and useful apps out there.  Easy to use product finder, well-organized food items, simple and explicit sales/discounts, tight delivery window, fresh products with reasonable prices, and seamless interface with friendly, helpful, and respons...Full ReviewFresh Direct is so dope, probably one of the most practical and useful apps out there.  Easy to use product finder, well-organized food items, simple and explicit sales/discounts, tight delivery window, fresh products with reasonable prices, and seamless interface with friendly, helpful, and responsive staff.  Perfect customer experience all the way.  Especially helpful for someone who is busy and can't drive to go grocery shopping."
231,Felicia Alleyne,"October 9, 2015",5,"Fresh in the City Being new to NYC I was not sure where to get my food.  I need value and quality in one location.  With Fresh Direct, I also found convenience.    The app is easy to use, the food is great, and the delivery service is professional and timely.  Kudos to Fresh Direct!"
232,Tracey Lander-Garrett,"September 21, 2015",2,Reservations I am also experiencing the app not showing my reserved delivery timeslot. I have to finish checkout on my laptop. Droid MAXX running Android 4.4.4
233,Renata Bystritsky,"November 7, 2015",1,"Terrible app Great service, but the app is awful."
234,Glenn Gatlin,"October 10, 2015",2, App doesn't recognize already reserved time slots.
235,Camille Brisbon,"December 16, 2015",1,Still installing?? Its been 3 hours and I still can't load the app....even restarted the phone.
236,Joe Eklectik,"June 8, 2015",1,Not sure Wont let me signup because I cannot enter my first and last name
237,Monique NoneYa,"September 20, 2015",4,Super convenient!! It would get 5 stars if the app didn't  take forever to load at times
238,Simon Cousins,"April 11, 2015",4,Works great for me Nexus 5 with Lollipop 5.1
239,Carolina Neubern,"April 24, 2017",5, The new version takes longer to load. The previous app was faster.
240,Matt Cimiluca,"April 24, 2015",1, Crashes after logging in
241,Cesar Alejandro Montero Orozco,"April 19, 2015",1, Does not deliver to my address
242,A Google user,"December 18, 2018",1, Buggy!
243,Ian Gillespie,"February 11, 2015",1,Love the service hate the app I don't usually rate apps but I feel I need to with this one. The app is barely functional and is completely outdated. I was trying to switch between the app and a recipe to order ingredients and lost half my order. Since you don't have stores it might be a good idea to invest in your online infrast...Full ReviewI don't usually rate apps but I feel I need to with this one. The app is barely functional and is completely outdated. I was trying to switch between the app and a recipe to order ingredients and lost half my order. Since you don't have stores it might be a good idea to invest in your online infrastructure
244,Ben Cornish,"March 24, 2015",1,"Love the service, app sucks, and has for years Has been buggy for years. Cannot modify orders without being forced to select alternative delivery times. Have reported bugs years back and it still sucks."
245,John Ha,"March 15, 2015",1,"Unusably crashy Not stable enough to ever complete an order. Keeps crashing, and when it does, the cart is emptied."
246,Jared S. Stein,"January 31, 2015",2,"Buggggggggy Would love to order groceries, but I can't..."
247,Dan H,"March 20, 2015",2, Fresh Direct is great... App is buggy
248,Sugar Hubby,"March 2, 2015",5,Awesome I love it
249,Heather P,"November 1, 2014",1,"Problems with reservation times and modified orders This app is horrible Really gives a great service a bad name.The app never has my reserved time showing at check out. I often end up shopping from the desktop site on my phone so I can use the time I reserved. Also when modifying an order it won't let you pick a time that is sold out, even the time ...Full ReviewThis app is horrible Really gives a great service a bad name.The app never has my reserved time showing at check out. I often end up shopping from the desktop site on my phone so I can use the time I reserved. Also when modifying an order it won't let you pick a time that is sold out, even the time already selected on the order being modified. The sync between the app and the desktop site is often doesn't sync. More than once I have been shopping in the app and all of a sudden my cart will be empty."
250,Shanna Cummings,"October 6, 2014",4,"Love it....mostly I really love this idea. And the app works great on my Samsung Note2. Checking out is easy. I like the choice to confirm where it will be delivered. And how to pay for it.  However,  the actual delivery has been problematic. And they insist on calling the wrong number to verify an absent tee deliver...Full ReviewI really love this idea. And the app works great on my Samsung Note2. Checking out is easy. I like the choice to confirm where it will be delivered. And how to pay for it.  However,  the actual delivery has been problematic. And they insist on calling the wrong number to verify an absent tee delivery despite me having signed the waiver to make it ok. Grrrrr!"
251,A Google user,"October 18, 2014",1,Worst App EVER How does an internet company put out such a crap app?  Every time I use it I curse it and have to go back to the website to fix whatever it screwed up with my order.  Plus it doesn't work with tablets??
252,A Google user,"December 17, 2014",3,"Sync issues The app constantly drops items from my cart while shopping for other items. It's especially bad when syncing across devices. They're missing out on tons of sales due to this, you'd think FD would want to fix this..."
253,Matt G,"December 4, 2014",2,Too slow. Better off using laptop browser for orders
254,Ross Thomas,"October 26, 2014",1," ""Doesn't delivery to my area"" it says.. Yes with that typo."
255,Pilar Gonzalez,"November 2, 2014",2,Crashes Crashes constantly on my Google Nexus 5 phone
256,Lissette Stewart,"December 20, 2014",1,Fix it App doesn't work at all!!!
257,Natalie Lauder,"October 13, 2014",5,Easy convenient & functional Useful. Great you can still shop from previous orders.
258,Janee Lytch,"November 16, 2014",4,Good idea Love it
259,A,"October 29, 2014",5, Love it
260,Dave D.,"September 7, 2014",1,"Fresh Direct App is Comical and Customer Service Pathetic I have yet to get resolution on  $200 gift card sent to me by email which never appeared. Then my order was cancelled when they unnecessarily overcharged me (up to $200.02) when I had no weighable items and my order was under $200, the gift card value.  Of course,  the gift card digitally vanished a...Full ReviewI have yet to get resolution on  $200 gift card sent to me by email which never appeared. Then my order was cancelled when they unnecessarily overcharged me (up to $200.02) when I had no weighable items and my order was under $200, the gift card value.  Of course,  the gift card digitally vanished as a result and I still wait to use a gift given to me over a month ago. I also just tried the app which offers no info about or ability to use a gift card. FD has been around for how long now? GET IT TOGETHER."
261,A Google user,"September 21, 2014",1, Worthless app. No wonder Amazon ate their lunch.
262,Oscar Ruiz,"August 5, 2014",1,"Not 4 poor Not for poor people. Buy in bulk here to pay more. No membership, its ok youll pay for the cost of a cheap stores membership 10 times over with just a few purchases."
263,Janice Kastendieck,"September 21, 2014",4,Fresh Direct Easy to use
264,Nicholas Tang,"July 16, 2014",3,"Service is good , UI is terrible. I like the service that Freshdirect offers, but this app is ugly, doesn't adhere to any of the modern Android style guidelines. The company has never seemed to value design much, but the website has always been acceptable.  The app is slow, hard to use, has poor information density, and in general l...Full ReviewI like the service that Freshdirect offers, but this app is ugly, doesn't adhere to any of the modern Android style guidelines. The company has never seemed to value design much, but the website has always been acceptable.  The app is slow, hard to use, has poor information density, and in general looks and feels like an IOS app from when the iPhone first came out.  It's a shame. I avoid using the app whenever I can."
265,Daniel Leong,"May 26, 2014",3,"I want to love it.... Would be fine if this were iOS, but since this is for Android it desperately needs a face lift. Also, loading images on the UI thread? That's just lazy. Look into the Picasso library and your app will run much smoother"
266,A Google user,"June 30, 2014",3,NO TABLET VERSION - WHY? Almost everyone has a tablet and the lack of this app in tablet version makes little sense.  Would like to see this happen
267,marion gurney,"June 10, 2014",5,Easy. Intuitive. Pretty! Laid out just like walking the aisles. Great ease of selection. Gorgeous pictures actually depicting the actual product.
268,Gro Pedersen,"March 29, 2014",2,Chrashed ALL the time This app chrashes or freezes more or less every time I use it. Especially if adding to cart from previous orders. I don't know how many times I've lost the content in my chart.
269,Kassie Phillips,"May 11, 2014",1, This app is constantly crashing or freezing.
270,Mcneil Perry,"April 22, 2014",5, I Will give it a chance to see if it works. I will make it known if it works stand by. And I Will let you know if it don't work.
271,Miguel Carr,"March 17, 2014",5,Great app to shop for food I always order food from work beats the lines at the supermarket
272,Melissia Lenox,"January 10, 2014",4,A working mother's grocery solution Fresh Direct's delivery service has blessed my family w/all food & other grocery store items on consistent basis w/no increase in cost. Imagine no longer navigating crowded aisles> moving items from shelf> cart>conveyor belt>bag>cart> car>carry into house>unbag> put away? Saves precious time & energ...Full ReviewFresh Direct's delivery service has blessed my family w/all food & other grocery store items on consistent basis w/no increase in cost. Imagine no longer navigating crowded aisles> moving items from shelf> cart>conveyor belt>bag>cart> car>carry into house>unbag> put away? Saves precious time & energy.  Highly recommended. :-)
273,Federico Torre,"February 8, 2014",1,Horrible Sorry excuse for an app. Barely workable. Horrible UI and navigation.
274,Paul DiCesare,"February 12, 2014",4,It works Previous versions were faulty for sure. However the recent update seems to be working fine for me. It's actually a pretty decent app.
275,A Google user,"January 12, 2014",5,"App works. Not the best app in the world, but it gets the job done. I'm satisfied."
276,Shelley Montano,"January 23, 2014",5,Nice! Pretty smooth. Love the scanner that you can use!
277,Erik Moore,"January 19, 2014",3,nice app but limited selection and high prices still not ready to abandon my supermarket
278,Thomas Giovanni,"December 9, 2013",3, Doesn't rotate on my asus tablet
279,Shannon Brown,"January 3, 2014",5, Wonderful app. Very convenient
280,Michele Weston,"February 2, 2014",5,****best delivery!!! Seriously!!
281,Nick K,"February 9, 2014",1,BUGS CRASHES WTF! 
282,A Google user,"October 4, 2013",3,"Nice app Very convenient, but would be nice if app didn't crash often."
283,Deborah DePalermo,"October 4, 2013",5,Like it Works great on Incredible 2 and Galaxy 4S.
284,Zachary Rea,"October 15, 2013",1,Sucks Balls.
285,Anthony Vavasis,"October 3, 2013",1, Terrible
286,Joshua Chaitin-Pollak,"July 30, 2013",1,Cannot paste text into login fields I was unable to login because I could not cut and paste my password from my password manager into the login text fields. The 'paste' button disappears as soon as you lift your finger off the screen.
287,Eric David Benari,"September 29, 2013",1,"Most buggy app ever encountered Crashes constantly, expect 10+ times to place a order of 15 items. Add a few items to your cart, then it crashes and empties your cart, or sometimes just removes a few random items from it. Horrible app."
288,glenn martell,"August 29, 2013",4,Works great Would get a 5star if you didn't have to log in again every time you want to order. The logon info should get saved
289,Christina,"July 21, 2013",4,Excellent App! Easier than using the website and I NEVER say that. 5th star for adding list management.
290,Justina Walford,"March 10, 2013",2,"No pics, no help Tried to order, but no pictures uploading. Tried the help button and no connection to FD. And even without pics, I tried to order...no connection to delivery. :("
291,Joshua Writer,"March 24, 2013",1,"No pictures are loading I can't see any photos of what i am ordering, loading circles only. Please update."
292,Justin DiSanto,"June 4, 2013",3,"Good selection, decent prices, app gets job done No Android Tablet support is a bummer, easier to shop on a bigger screen"
293,A Google user,"November 14, 2012",2,Needs Tablet Support App needs to be optimized for Nexus 7 & Nexus 10 availability
294,Jonathan Rosenfinger,"June 21, 2013",2,Bad produce App if fine I guess but the quality of the procure leaves something to be desired.
295,tynia yang,"March 26, 2013",2,No images Same issue as other reviewers.  Images never load.
296,A Google user,"November 4, 2012",5, Works so far: MyTouch 4G Slide
297,JP 1and2,"June 8, 2013",5,I like it fast and easy
298,A Google user,"October 22, 2012",5,Works on Droid4 Works fine on Droid4
299,A Google user,"August 30, 2012",3,"Unuseable *update 8/30 Provides all the basic functions you'd need to complete and order on the website. And it no longer crashes  Forces closed very frequently. Never was able to successfully place an order before the app shuts down. I even tried wiping my Galaxy Nexus clean just to make sure there's no othe...Full Review*update 8/30 Provides all the basic functions you'd need to complete and order on the website. And it no longer crashes  Forces closed very frequently. Never was able to successfully place an order before the app shuts down. I even tried wiping my Galaxy Nexus clean just to make sure there's no other app conflicting with it, and still no luck. Pretty much a useless app as it stands."
300,A Google user,"September 15, 2012",1,"Love FreshDirect, hate the app Unstable to the point of useless. I've never successfully managed to get more than a few items in my cart, much less made an order."
301,A Google user,"September 3, 2012",1,It sucks!! Everytime i try to submit my order the app crashes...
302,A Google user,"September 27, 2012",1,Used to love this app I order from Fresh Direct every week. Used to love this app but now it crashes ALL THE TIME please update.  Thank you
303,A Google user,"July 29, 2012",5,Finally working No more force close errors. I ran this app on my Galaxy Nexus (Jellybean OS) and it worked perfectly.
304,A Google user,"August 28, 2012",5,Great app! I do all my shopping from my phone on the go.
305,A Google user,"September 14, 2012",4, Better than before
306,A Google user,"June 1, 2012",1,"Terrible and useless Like the rest have already said, this app is terrible. On an HTC one s, the app crashes, can't update anything or do anything.  Pictures look good but that's about it.  It should never have been released into the app marketplace ."
307,A Google user,"July 10, 2012",1,"Unstable This app force closes every time you try to add an item to your shopping cart. Apparently, an ICS affliction. Considering their demographic is one of mobile savvy early adopters, they really dropped the ball with this app. Keep your code current or don't offer an app at all. You risk disenfranchisin...Full ReviewThis app force closes every time you try to add an item to your shopping cart. Apparently, an ICS affliction. Considering their demographic is one of mobile savvy early adopters, they really dropped the ball with this app. Keep your code current or don't offer an app at all. You risk disenfranchising your core patrons."
308,A Google user,"February 22, 2012",3,"Please fix fc I don't know if this is ICS related but when ever I tried to open an item through searching, it force closes. I tried it without Force GPU Rendering but it's still having problems."
309,A Google user,"March 24, 2012",2,Really buggy Got stuck on the cart and had to kill the app.  Great start but needs some serious QA
310,A Google user,"May 20, 2012",1,Useless Crashed the first time I tried it. Needs some serious work.
311,A Google user,"April 19, 2012",1,"Doesn't work I have a Samsung Galaxy Nexus and it stops after I click on any food, can't even put anything in cart"
312,A Google user,"July 9, 2012",3,"Improvements would be appreciated I would give it 5 stars because I love the convenience of it, but many times I remove or add items to my cart and when I return to the cart a day or even 10 minutes later, the changes are not there."
313,A Google user,"July 9, 2012",1,"Htc If I need my delivery by tomorrow, then I would've placed the order tomorrow!! Terrible customer service over the phone. Never again."
314,A Google user,"April 3, 2012",3,Force closes when an item is clicked Please fix this as soon as you can. The app is not much help if I can't view the details of an item.
315,A Google user,"April 20, 2012",1,Gnex crashes Completely unusable on galaxy nexus.  Crashes any time you click on anything
316,A Google user,"February 21, 2012",1,"No open account option Honestly - reading the reviews - not sure why this needs to be a native app. Coupled with the fact that they haven't got account registration set up makes this a ""mobile fail""."
317,A Google user,"July 19, 2012",2,Crashes all the time Using it on a sprint Evo 4G lte and it can't be on for more than 30 seconds at a time without crashing.
318,A Google user,"February 8, 2012",1,"It doesn't work This app doesn't work. Every time I try to add something to the shopping basket, it crashes."
319,A Google user,"April 24, 2012",1,Crashes When I try to do anything. Verizon Galaxy nexus with ice cream sandwich.
320,A Google user,"May 27, 2012",3,"Crashes consistently Love the app when it works but it crashes when trying to shop from prior orders or looking at information about individual products after searching.  Samsung Galaxy Nexus, Verizon LTE"
321,A Google user,"July 15, 2012",1,Unusable on galaxy nexus Jellybean This app does not work at all on the galaxy nexus with jelly bean.
322,A Google user,"May 5, 2012",1,Please fix for ICS! I echo the other reviews that it crashes on ICS.  It's a shame.
323,A Google user,"March 22, 2012",2,Doesnt work for ICS Force close when try to check out
324,A Google user,"July 24, 2012",5,"Great app! Order your groceries from anywhere, at anytime. Super convenient. Remembers your favorite things."
325,A Google user,"March 8, 2012",1,Disappointed No delivery to the Bronx??? Good people live there too!!!!
326,A Google user,"February 12, 2012",1,Really Annoyed Can't Log Onto the App using the same login as website
327,A Google user,"June 7, 2012",2,Looks good...wish it worked good too... Force closes on Galaxy Nexus after attempting to add item to cart....uninstalled...I'll just use the website :)
328,A Google user,"June 12, 2012",1,Crashes Constant crashing on HTC One S.
329,A Google user,"January 25, 2012",5,Fresh direct Go grocery shopping from bed amazing
330,A Google user,"May 23, 2013",4,It works... It's working smoothly.. I'm in and out easy.. (that's what she said)
331,A Google user,"February 3, 2012",1, Still no support for ice cream sandwich
332,A Google user,"April 15, 2012",5,"Works great Ultra smooth, convenient. Thx."
333,A Google user,"April 1, 2012",4,good app very useful
334,A Google user,"October 20, 2011",4,"Log-in Issues (Resolved) I was having trouble logging in, it was saying my password was incorrect. However, I noticed that my Samsung Galaxy was forcing my first letter in my password to be capitalized, once I fixed the cap-sensitive issue I was able to log-in w/ no problems"
335,A Google user,"December 25, 2011",2,"Functional but has quirks Works decently, but is not a native app and suffers from poor UI and the occasional bug. Much easier to work with the full website in the browser making this app useless. Also, likely reads IMEI based on the permissions it asks for, as there is no reason for the Read Phone State permission based on ...Full ReviewWorks decently, but is not a native app and suffers from poor UI and the occasional bug. Much easier to work with the full website in the browser making this app useless. Also, likely reads IMEI based on the permissions it asks for, as there is no reason for the Read Phone State permission based on what this app does."
336,A Google user,"January 15, 2012",1,"Terrible UI Terrible port of an iPhone app, very low usability on an android device. Stop being lazy, fire your head of mobile and make a real android app!"
337,A Google user,"January 21, 2012",4," Been waiting so long for this! Finally. It could be cleaned up and a little more functional, but it's still heavily useful."
338,A Google user,"October 10, 2011",5,Awesome app. Works perfectly on Droid Incredible. Like it even better than ordering on computer. Great job fresh direct.
339,A Google user,"January 13, 2012",4,Works on ICS Works on ICS 4.0.3 nexus s 4g (Peter Alfonso)  But there is no option to use my gift card from the app as of today.
340,A Google user,"January 9, 2012",1,Ice issues Force close Issues on ice cream sandwich. Unusable
341,A Google user,"December 27, 2011",1,ICS issues Worked great on my previous phone but now just stops  when I look at anything. Please update for ICS
342,A Google user,"October 9, 2011",4,Too easy! As good as the desktop site I've used for years. Great!
343,A Google user,"December 12, 2011",2,"No checkout options Get stuck at the ""select a checkout option"" screen with no options to select. App doesn't sync with my account order history when I log in."
344,A Google user,"October 13, 2011",1,"I can't log in I enter my email address and password, but there is no log in button, and I can't use the app because I never get into the program"
345,A Google user,"December 2, 2011",1,Fix password input Should not be getting word suggestions on it.
346,A Google user,"September 28, 2011",1,"How to log in????? Enter my user name and password on the login screen, but no link provided to actually log in! Fix, please; useless until then. Droid Pro."
347,A Google user,"September 29, 2011",5,"Yes, finally FD on Android Devoted FD customer and I like what I see so far. One request. Add barcode scanning so I can order by just pointing my phone at a label."
348,A Google user,"September 28, 2011",1,Unable to get past the login screen Typed in my username and password and unable to select anything to actually log in. Using an HTC EVO 4G phone.
349,A Google user,"September 29, 2011",5,"Love it If you're having log-in issues, just tap ""enter"" or ""go"" on your keyboard. Thats what I did. What a great app!"
350,A Google user,"September 29, 2011",1,"Won't log me in Even though I'm sure I'm using the correct username/password. Please fix, htc thunderbolt"
351,A Google user,"September 28, 2011",1,No Connection My login just hangs. Fail DroidX.
352,A Google user,"September 24, 2011",4, Finally on Android and loving it! 5 stars if you could ads recipes and categories for search
353,A Google user,"September 29, 2011",5,Fresh And direct. What more could you ask for?
354,A Google user,"September 29, 2011",1,"T-MOBILE G2Xdoesnt let me log in T-Mobile g2x, doesn't let me log in!"
355,A Google user,"November 12, 2011",2,How about some Tablet love? When is a tablet version coming?
356,A Google user,"September 29, 2011",1, Can't log on!
357,A Google user,"September 28, 2011",5,Great Love it
358,A Google user,"September 5, 2011",5,High hopes for Beta release Been using their service for a few months now and have been waiting impatiently for this release. 5 stars just for putting it out on the market.
359,A Google user,"August 27, 2011",5,AMAZING I have been waiting for the android version! It's the easiest thing to use! Now i can add items to my order as i remember them throughout the day
360,A Google user,"August 25, 2011",5,"Thank you! Been waiting for this app to hit Android forever, as it was on iOS since early 2010. Does everything I need to place my grocery orders remotely"
361,A Google user,"September 7, 2011",4,Finally! Thanks for releasing this. Doesn't seen to let you add new products to existing orders though ( can only delete items from existing orders)
362,A Google user,"September 8, 2011",5,Finally here... ...and I love it!
363,A Google user,"September 7, 2011",5,Great app Finally!
364,Sarahann Swain,"August 10, 2016",2,"Drops items This app drops items from your shopping cart, even though the items are in stock. If you shop by recipe instead of by an itemized list, you can expect to check out and miss items you know you added but have been deleted from your cart. It measures me not want to shop with fresh direct."
365,A Google user,"September 15, 2012",1,"Fix it please! I use fresh direct for almost all my food shopping, it's so frustrating not to be able to use my nexus 7 for it. App is pretty bad on my galaxy s3 as well. Please work on it!"
366,A Google user,"July 22, 2012",1,Doesn't work For ICS or above this app is totally useless. I use fresh direct for all my shopping and it would be nice if you actually made an app that works. Hire a new developer or something and listen to them.
367,Michael West,"September 13, 2017",1, Good luck even entering your address. Sat the phone down for 30 minutes meanwhile the icon to find my address kept spinning. Haha never did a damn thing
368,David Coleman,"February 25, 2016",1,Garbage Cannot view anything without creating an account.  Tried to create an account automatically with my g+ login and the app imploded.  Now it won't even present the login screen.  It just shows the preloader spinning 4ever.  This is junk guys.  If you need a good programmer my rate is $120/hr
369,Brenda J.,"May 2, 2015",1,Didn't Work for me 😕 The app kept running on my Samsung Galaxy S5 acting as if it was installing but after about 3 minutes I gave up.  I'll see if the website will be a better option.  Good Luck.✌
370,Andrew LoPinto,"January 19, 2013",1,"Pretty embarassing This app barely works.  Lack of tablet support is inexcusable.  All this is exasperated by the fact that their site is nearly unusable in the 3 major android browsers.  Pretty pisspoor considering there business model of convenient, premium food sold ON THE INTERNET."
371,A Google user,"July 29, 2012",4,"Need to open up app to tablets too! Easy to use app. Fast and simple. Makes it easy to order from previous orders as well. Works well on Samsung Epic 4g, but not compatible with the galaxy tab... c'mon!"
372,Candace Martin,"March 30, 2016",1,Same as everyone else Relied on the reorder function and now it's gone. Get that unable to connect thing too. Emailed them about it and they asked me for a screenshot of it. Are they not reading these comments?
373,A Google user,"November 9, 2012",3,Can't reduce quantity App doesn't allow me to reduce quantity to 0 of a previously ordered item. Very annoying. Otherwise UI pretty good.
374,Scott Zawalski,"May 31, 2016",1, Previous ordered items no longer works making this app close to useless for quick shopping. No caching of pages. This really is a poor excuse for an app.
375,auria ortiz,"July 26, 2014",1, Just shut it down and fix! Doesn't recognize my password or email. So much for convenience!
376,Oluha Ryu,"April 11, 2016",1,It's impossible to use it It's been months since the beginning of troubles...but nobody try to fix this app...it's a shame !
377,Marilyn Lion,"March 16, 2013",2,Doesn't sync with website Changes on app don't reflect online and vice versa. That goes for cart and reservations.
378,Florence M.,"February 23, 2018",1," Horrible. And then mobile site doesn't take some data. Boy, I wasted my golden 30 minutes until I read the reviews that confirmed it all!"
379,A Google user,"May 19, 2012",1," Like other GNex users, app crashes when I pick a product. Too bad."
380,edward ayala,"May 14, 2015",3,Fixed income To expensive for me I can't afford to eat from FreshDirect
381,Gaelle Azor,"June 14, 2018",2," I'm unable to log into the app. Before this, I constantly had to put in my 
log in info every time I momentarily left the app."
382,Caleb Epstein,"January 25, 2015",1,Zero Stars Crashes all the time on Nexus 5. Completely useless app.
383,Patti Kelly,"June 6, 2017",3, The app overall I like but it still glitches and is slow.
384,Michael Edelman,"November 14, 2016",1,Worthless Can't enter credit card expiration date. App is unusable.
385,Alex Morse,"June 3, 2014",1,Doesnt Run. Crashes And takes my S4 down with it.
386,Lori Butler,"March 29, 2015",1, I ran into issues before even getting into the app.
387,A Google user,"July 9, 2012",1,Crashes on galaxy nexus On opening any item.. don't u guys do any testing?
388,Simone Brooker,"September 9, 2016",1, Waste of time ordering. Error msgs galore!
389,A Google user,"November 5, 2012",4,Good So convenient! Just don't like that it loads as I scroll through a search result.
390,A Google user,"September 30, 2018",1, It does not let me login. The App does not work.
391,Priscilla Lewis,"March 9, 2016",1,Bad They don't come to Allentown pa
392,Seungjoo Song,"January 21, 2013",1,Doesn't support all tabs Doesn't work with galaxy tab 10.1
393,Josh Ford,"November 24, 2013",1,Sizing Interface Doesn't size right.  Nexus 5. KitKat
394,Sarah May,"January 21, 2013",1,Unusable Unusable on the Nexus 4.
395,A Google user,"October 5, 2012",1,Not compatible with a tablet? Why?
396,Gina Popp,"June 28, 2015",1, Doesn't go to very many states. Way too limited.
397,Knoosha Bisi,"March 15, 2016",1, Had to uninstall after last update
398,A Google user,"October 28, 2012",5, Works and 100 percent reliable
399,Roger Schonfeld,"November 30, 2012",3,Waiting for Nexus compatibility Nexus 7
400,Wren Longno,"January 9, 2014",1, Crashes a lot.
401,A Google user,"July 16, 2017",3, Slow. Crashes.
402,Mini Monzon,"April 28, 2016",5, Awesome app!
403,Narendra Babulal,"June 23, 2016",5, Great service!
404,Claudia A RozonVegaHurtado,"January 13, 2017",4,Fresh direct Food
405,Keith Cousar,"September 7, 2015",5,FreshDirect Very good
406,CHERYL LAWRENCE,"January 17, 2015",5, My  my my
407,A Google user,"June 2, 2012",5,The best Yup!
408,Oleg Prymak,"March 18, 2017",5, Great!
409,Mark Goell,"December 6, 2016",5,FresDirect Awesome
410,John Hill,"January 12, 2016",4, Fresh directly
411,Mary Hurley,"March 11, 2017",3, Good
