index,author_name,review_date,reviewer_ratings,review_body
0,Monica Martin,"March 2, 2020",1, After the update log in info doesn't work. Tried another email thinking I used a different one. Nope. Tried resetting password and it doesn't recognize the email. I enter my phone number and it tells me I already have an account. What the hell is going on? I'm beyond frustrated and apparently lost m...Full ReviewAfter the update log in info doesn't work. Tried another email thinking I used a different one. Nope. Tried resetting password and it doesn't recognize the email. I enter my phone number and it tells me I already have an account. What the hell is going on? I'm beyond frustrated and apparently lost my points I earned. I'm pissed.
1,Derek Sturm,"February 26, 2020",1," After the update I couldn't log in. Tried every password combo imaginable. Tried password recovery and the app shows an error saying ""enter valid email"". Went to the spendgo site, same problem. Tried using my points in-store with my phone number and they get an error saying I ""have not completed reg...Full ReviewAfter the update I couldn't log in. Tried every password combo imaginable. Tried password recovery and the app shows an error saying ""enter valid email"". Went to the spendgo site, same problem. Tried using my points in-store with my phone number and they get an error saying I ""have not completed registration""... Try to register on the spendgo site and it says my number is already registered. No contact info on the spendgo site. Idk what else to try. gg goodcents, you got me. What a rip off"
2,Zac Duggan,"January 31, 2020",1," Limited options to edit selections. If you typo your card info it will not tell you so, just that there's an ambiguous error and to try again later. By the time I figured out that it was an expression date error and fixed it, the app had locked me out with no specific reason why."
3,Sasha Welch,"February 15, 2020",1," Got the updated app and I was able to sign in. It there is no way to actually order food? And after trying to figure it out I now can't get back in. Please revert the app back or do a major update as the app has literally no purpose. I can see my profile, Points, Activity, and a description of the P...Full ReviewGot the updated app and I was able to sign in. It there is no way to actually order food? And after trying to figure it out I now can't get back in. Please revert the app back or do a major update as the app has literally no purpose. I can see my profile, Points, Activity, and a description of the Penny Club but can't order delicious sandwiches. :("
4,Jessica H,"March 20, 2020",4," The new update made it a little difficult. You have to reset your password in order to access your account again. It was a pop up Instruction on the app after the update. Once this is complete the app works perfectly, I was able to order online and it had all my reward points."
5,Kory Duff,"January 30, 2020",1, I was told to reinstall the application because they switched to a new provider or something along those lines the points on my app where showing 9.44 and in the store they said I only had 160 but a quick reinstall would fix everything but now it tells me my number is taken and password recovery wil...Full ReviewI was told to reinstall the application because they switched to a new provider or something along those lines the points on my app where showing 9.44 and in the store they said I only had 160 but a quick reinstall would fix everything but now it tells me my number is taken and password recovery will not work because my email that's registered to literally everything I have is some how not registered to this app any more very bad app host/provider
6,caleigh410,"February 24, 2020",1," The old app was great! Why are my points no longer showing since I updated the app. Also i noticed that the new app sells your information, WHY??? I want the old app back."
7,John Michael,"February 8, 2020",1," The developers got rid of the ""pay at store"" option, so it forces you to enter your card info. No thanks"
8,FOZ,"February 11, 2020",1," POS...had to uninstall my app to install new version, now I can't log in at all. Beyond frustrated!!"
9,Sam Johnson,"February 15, 2020",1," I loved the app, I updated it and now I can't log in i can't do anything on the app."
10,Ariel Paul Melin,"March 6, 2020",1," Worthless app. Ever since the last update, I am unable to log in and it doesn't recognize me."
11,David Petro,"February 21, 2020",1," You might want to tell your customers that they need to install the app in order to get points. I was told points were accumulating on my phone number everytime I placed an order. I've been to your store dozens of times before downloading the app, and I have zero points."
12,Kat Zapp,"April 4, 2020",5, Super easy to use! Love it and Good cents food is always delicious 😋
13,tod william,"February 12, 2020",1, Not user friendly. Old app was better. The collection of personal information in the user agreement seems shady. If it wasn't for helping my father with his order I would never use this app.
14,David Sanford,"March 1, 2020",1," By now your company has realized that the update has severely damaged the online ordering base of your customers. I could say what everyone else is pointing out about the new app/update; however, I'll simply state that your company is about to lose a lot of loyal customers because you didn't test th...Full ReviewBy now your company has realized that the update has severely damaged the online ordering base of your customers. I could say what everyone else is pointing out about the new app/update; however, I'll simply state that your company is about to lose a lot of loyal customers because you didn't test the update rollout and you're about to provide (sell) customers personal information to other companies. Sometimes it's better to be loyal to people who are making your business a success. Fix the App."
15,Christina Baker,"February 4, 2020",1, There is no way to check your rewards points without starting an order. This is a bad design.
16,Dustin Hutchinson,"March 31, 2020",5, Simple functioning and it gets the job done!
17,Barbara Collins,"February 21, 2020",1, Had to reinstall and now it won't let me in.
18,Chelsea Allen,"March 5, 2020",1," The new app, and even online, is a big no go for me now so I wont be using the new app and I won't be signing in online. However I do see you can still use your number at the stores to earn and redeem rewards which is helpful. It just sucks I can't order from an app anymore or know what rewards I co...Full ReviewThe new app, and even online, is a big no go for me now so I wont be using the new app and I won't be signing in online. However I do see you can still use your number at the stores to earn and redeem rewards which is helpful. It just sucks I can't order from an app anymore or know what rewards I could have, I guess no more free birthday sub. >_>"
19,A Google user,"March 19, 2020",1," I get a message telling me to update, but it wont let me?? I can't log in and now am unable to use the app to order sandwiches and I'm pissed because I had over $30 in my reward points. I will no longer go to goodcents because they have taken away the use of this app and it can't be updated. I guess...Full ReviewI get a message telling me to update, but it wont let me?? I can't log in and now am unable to use the app to order sandwiches and I'm pissed because I had over $30 in my reward points. I will no longer go to goodcents because they have taken away the use of this app and it can't be updated. I guess goodcents doesn't care about losing customers! The app is now worthless....plus loosing over $30 in reward points. GOOD JOB GOODCENTS"
20,Travis Corbin,"April 13, 2020",5, Always easy to navigate. Given the current circumstance it's a life saver for our house being able to order meat and bread. It's far cheaper and better quality. Thanks!
21,Lisa Kenny,"February 23, 2020",1," New app is HORRIBLE! Won't allow me to log into my acct and keeps telling me my email is invalid, but won't allow me to create a new account because my#and email are already registered."
22,Brian St.John,"February 24, 2020",1, New app has disagreable data sharing policies. I ordered my food as a guest and won't be using Mr.Goodcents nearly as often as I once did. That's a shame. I'm a big fan.
23,Dustin Lineweber,"February 7, 2020",1," Says an update is needed, but no updates are published to Google play. Developer must have screwed up the rollout. As we do."
24,Karissa Tarlowski,"February 26, 2020",1," Trash app. No actual update available on the app store, reset password option makes you agree to personal info being pimped out to god knows who. Goodcents screwed the pooch on this one, and I've lost all my loyalty points."
25,kerry brown,"February 9, 2020",2, Love the app. However when it comes time to do an app up grade your completely locked out of using your points until you completely abide by the up grade.
26,Carol R,"March 2, 2020",1," Worked great until the update. Now i can't log in, even after resetting my password."
27,Matthew Rasmussen,"April 17, 2020",1, App does not work. Cannot get an order in because of a big constantly asking to upgrade there version when no upgrade is available.
28,Zena Bena,"March 28, 2020",5, New app is so much easier than the old one. Sandwiches are always good! Hi
29,Tyler Blank,"February 17, 2020",1, Doesn't work anymore. Wants me to download a new app I can't find. Has like 50+ popups telling me to do that with a link I can't click.
30,Jeremy King,"March 1, 2020",1," Will NOT use the new app. They are using a company that sells your info. No thanks. Sorry goodcents, you lost a loyal customer. Hit me up when you change it back and maybe I'll come back. Too many sub shops to use one that wants to sell my name number and address to others"
31,Chris,"March 17, 2020",1," App login no longer works. Takes you to an external website that fails to connect due to ""unknown protocol."""
32,John Standridge,"February 3, 2020",3, Normally great app. Cannot find vendor currently and will not allow me to report problem. Will be a 5 star app when rectified.
33,Peter Hubenett,"February 12, 2020",1," Lost my reward points with newest version and it won't let me log in, say to update when I already have and have reinstalled the app. What happened?"
34,Josh Nethery,"February 13, 2020",1, No way to find rewards in the new app. Made me reset my password. Horrible migration and trash app. Uninstalling as this is useless now for me.
35,Jake Young,"January 22, 2020",4," It's pretty good. It does what you'd expect. I'd really like the option to select ""lite"" or ""easy"" on things like condiments. Another area for improvement is including real-time delivery alerts."
36,Randall Eaton,"March 4, 2020",1, Makes you look in to different web based app. Down not make sense. Old app much better.
37,Jen,"March 13, 2020",1, Keeps telling me to update the app and get the latest version but goes straight to the one I already have.
38,Chris Johnson,"February 21, 2020",1, Doesn't work. Doesn't recognize the store that is less than 2 miles from my house. Have to agree to let app provider give my information to all sorts of different businesses.
39,Tony Amelio,"February 13, 2020",1," The Goodscents company is no longer a client of theirs. I had issues logging in, so I emailed them and that is what the told me. Along with you should uninstal the app because it is no longer any use to me."
40,Inderpal Bains,"October 21, 2019",4," The app is good, nice and simple. BEFORE YOU READ ANY FURTHER THE APP IS ADEQUATE AND NEEDS NOTHING Else, but it would be nice if you could start a custom sub instead of having to choose one of the options and adjusting it to your liking. For example I get a BLT and there is no BLT option or custom ...Full ReviewThe app is good, nice and simple. BEFORE YOU READ ANY FURTHER THE APP IS ADEQUATE AND NEEDS NOTHING Else, but it would be nice if you could start a custom sub instead of having to choose one of the options and adjusting it to your liking. For example I get a BLT and there is no BLT option or custom option so I end up modifying the veggie one. It doesn't bother me much especially since the App saves your orders so it's easier the next time around, however it just makes sense to have a custom one."
41,Shirley Mitchell,"March 17, 2020",1, App keeps saying I need to upgrade n won't let me do anything. This is ever since I updated it.
42,Bobby Zink,"April 7, 2020",2," When I open the app, it says it's needs to be updated (or upgraded). I come here and there is no update option."
43,casey keck,"April 22, 2020",1, The app keeps saying it's out of date but there are no updates in the Google Play Store.
44,BLoves J,"February 14, 2019",3, Works well for ordering but could use some work as far as accuracy of what's available at each location and convenience when it comes to getting points for what you've ordered. You should be able to scan your receipts to get points as well.
45,Korinda Bizek,"October 8, 2018",4, The app was fine except when you went to put in special request every time you hit the button and it kept pushing you out and wouldn't let you make any special requests. It did let you do it at the end but not where you wanted to for each item.
46,Jason Holmes,"January 4, 2020",5, This app is fantastic. The rewards program is the simplest and most rewarding that I've ever used. I love the new Goodcents sandwiches.
47,Egoless Mortal,"June 21, 2019",5," To me this is a GREAT app! I have only ever navigated the app and havent used it to order anything yet. I love that my In-store purchases count towards my points, the convince to place an order any time makes me smile. I have no idea why people down vote this app. The food is great the, the app is e...Full ReviewTo me this is a GREAT app! I have only ever navigated the app and havent used it to order anything yet. I love that my In-store purchases count towards my points, the convince to place an order any time makes me smile. I have no idea why people down vote this app. The food is great the, the app is easy to use. 10/10 in my book."
48,Melissa McClure,"February 28, 2019",3," I'm having problems with the app not transmitting my full order to the store yet charging me the price for the full order. my app history has all items, the store ticket they fill the order from does not. yet the total charged is the full order total on their ticket, though an item is missing."
49,James_wingthwong_ Banks,"November 13, 2018",5, Always have loved Goodcents over all the other sandwich shops. Prices are cheaper. Food is fresher. App is easy to navigate. You get 10% reward directly for food orders. You can also add notes about each order.
50,Kory,"December 7, 2018",5," Great app to order goodcents! The response of each screen is nice, choosing your toppings and sandwich are easy, and scanning your card at checkout is helpful. Love the rewards program, too!"
51,A Google user,"November 24, 2018",4," Fast and easy to use. Needs more detail on little things like how many ounces are in a cup vs. a bowl of soup. Overall great savings, and convenient for quick service."
52,Jack,"December 18, 2019",5, Only used it a few times so far but it is simple and has a clean interface.
53,Bridgette Foerster,"March 10, 2019",5, Always easy to use. Love how easy it is to go back and change things. Super simple makes it super user friendly. Makes placing an order very convenient!
54,Shiraz Sheikh,"March 2, 2020",1, Can't see my points anymore. Just shows that I can order after updating and logging in.
55,Michelle Carroll,"May 24, 2019",4, app is great but Mr Goodcents where I live their machine didn't take my rewards nor did it do it last time they're having some type of problem with it and im sad wont let me add my birthday keeps saying I need a 10 number and my cell number is 10 digets
56,K Black,"June 6, 2019",1," Terrible app! Originally, I could place a takeout order and pay with gift card or cash when I arrived. Now the only option is a credit card which I don't use."
57,Rob Ram,"December 26, 2018",4, The app is nice and easy to navigate. Need to have other options listed (with prices) when adding other ingredients.
58,Judy Waddell,"September 19, 2019",3, Took awhile to figure out how to delete an item in the cart. It took a process of trying different things as there was no where that it explained how to do it....you had to press down and hold on items to delete.
59,John Hufford,"January 24, 2019",4," The app is pretty good, the biggest issue is the lack of customization allowed when building your sandwhich if they fixed this it would be the best sandwich phone app."
60,Andria Jeffries,"September 15, 2019",3," One big flaw: cannot enter gift cards for payment, and you must play through the app, so you can't use them to pay when you pick up."
61,BootsDocs andConspiracies,"January 19, 2020",2, App in very slow loading. Terrible has been timrs rakes ovet a hour to load. Plus tge rewards program free birthday sub just changed from have 30 days to kt it to niw only 4 days why??
62,Jacob Cambridge,"May 9, 2019",3," Very slow interface! Could be more intuitive. But does the job, eventually."
63,jesus gonzolez,"March 20, 2020",1, Was told I had to update and change my password to order food. Why would I go through all that for something I use once every other month. Don't make it hard for me to order or I won't.
64,Duck8887,"April 7, 2020",1, Ordered from the app and the time for it to be ready kept changing and they ran out of wheat bread before 5pm. How the freak do you run out of a main bread you serve. I wanted wheat because it's less fattening and I had to freaking settle for white bread. Never again will I be ordering from noland r...Full ReviewOrdered from the app and the time for it to be ready kept changing and they ran out of wheat bread before 5pm. How the freak do you run out of a main bread you serve. I wanted wheat because it's less fattening and I had to freaking settle for white bread. Never again will I be ordering from noland roads location again.
65,Susan Klingenberg,"October 8, 2019",4," Like being able to order exactly what I want on the sandwiches, but I wish it would give you the choice of drink and chips OR drink and cookie before you get to the check out."
66,Sherie Donnelly,"March 18, 2020",1," Every since the last upgrade, I can't get in to order. It is a worthless app now. Go back to what you had. Until then, I'll go elsewhere."
67,Gabby Santos,"January 30, 2019",5," Very simple to use. Only complaint would be this...the store I order from has Mrs.Vickys Salt & Vinegar chips, but it's not an option to select when placing an order, so I alwyas have to remember to add a note when I order."
68,Brian K,"September 11, 2019",5, The app works great after you get the initial set up completed. Save your favorite sandwich for easy ordering on the go.
69,Kaler Cook,"January 18, 2020",1," Claims that it delivers to my entire town. When the delivery option is chosen, it says i am outside of the delivery zone. I'm in the middle of town so there's a glitch for sure. Bummer, goodcents is so good!"
70,Jatia Buchholz,"April 4, 2019",5," Absolutely worth it. Love there food an Love the app. Helps me save cash on food an drinks. Soo, glad I downloaded the app."
71,b foster,"March 21, 2019",4," The app should allow you to remember a ""favorite"" location so you don't always have to choose a location off of the map for pick-up."
72,Brent Kubik,"February 3, 2020",1, Doesnt work since update on January 28!... why do you have to mess up a good thing!
73,Cassie Haas,"October 20, 2019",2," I love using the app to put the order in but there was no way to go back and change anything once I submitted it to the order, before checking out. That sucks!"
74,Joy Peek,"July 3, 2019",5, It's very easy and fast to place your order. You can find everything you need to make your sandwhich. If you want to remove something it's also easy to do that.
75,jennifer lowe,"August 18, 2019",5, I love the app but I wish they would put a additional button for pepperoni! you cant add pepperoni to your sandwiches! but other then that the app is amazing
76,Veronica Mittenfelner,"September 15, 2018",1, This app sucks. I have tried numerous times to download and install.....it will not. It will not allow me to troubleshoot either.
77,Amy L,"November 7, 2018",5," Love it! Everything works, it's super easy and convenient."
78,Michelle Greco,"August 11, 2019",3," usually i hav trouble with your app (mostly user error, I'm sure) but it went great this time! 😃"
79,Amy Kenney Hudson,"September 30, 2019",5, I love this place! Always taste super fresh and they deliver! ANDDDD-THEY HAVE TATER TOTS!!! What else could you ask for? HAHA! Also-their app is really easy to use!
80,David Grasmick,"April 17, 2020",1, They updated the app and the new version barely works and is literally garbage!
81,Rebecca Katherine,"August 14, 2019",5, love this app! Saves orders and ready to pick up in 20 minutes. rewards as well 😋
82,Tony Rice,"March 4, 2020",2, Don't like the way the app is set up plz go back to the old version or something similar to it it was easier to use
83,ERI GON,"September 29, 2019",3," I would give it 5 stars, but not being able to use gift cards on the app is a real inconvenience."
84,Preston West,"October 1, 2019",5," Gets the job done, very easy to navigate through options."
85,Gregg Bates,"March 7, 2019",2, I like GC but disappointed in the app. Really wanted nutritional information but it cannot be accessed through the app.
86,Frank H,"February 24, 2019",1," Didn't apply rewards balance to order. Can't customize a sandwich such as tomato only on half, can't use Google pay, ordering through app shouldn't be the only way to get rewards."
87,Carl Witte,"July 5, 2019",4, good ordering app. has memory. doesnt crash. would be 5 stars if you could add points later from reciept.
88,Bee Bradley,"March 31, 2019",5, Easy to customize and save order as well as rack up rewards.
89,Juan Gutierrez,"February 27, 2019",5, Easy to use and a great way to keep track of reward points
90,Megan Timperley,"November 24, 2018",4, Usually works great. Handy to repeat orders that are favorites.
91,Daniel Hamilton,"January 11, 2019",5, It works. The interface is probably one of the better ones I've seen for fast food apps. Now make me a sandwich!
92,Nicholas Keel,"September 3, 2019",4, Favorites is hard to spot and should be easier to navigate to previous/last order
93,Scott Sterling,"November 21, 2018",5, Love this app. Saves you money and easy to order.
94,Liz Syrigos,"January 29, 2019",3," you have to watch the time and date that you select to pick up, it keeps changing it back to the defauled time and date"
95,Jeff Smith,"February 14, 2019",4," works good, wish I could order just a cookie and not have order a drink with it. otherwise would be 5 stars."
96,Rachel Thiele,"August 20, 2019",5, It's so easy to use and my food is always ready when I get there. They are always busy but no waiting in line for me!
97,Liz Tilley,"July 21, 2019",4," It is easy to build the sandwich, but it is really hard to change your order."
98,Anastasia Graham,"November 14, 2019",5, They could not have made this any easier. I just love it!
99,H4rley Quinn78,"October 20, 2019",4, Great app. Should consider making flatbread an option.
100,Danielle kennett,"November 12, 2019",5, Great app easy to use and great rewards
101,Lena Mosley,"February 26, 2020",1, Won't give me the option to update but my account says that I have to in order to access my points.
102,William Adams,"February 9, 2020",1, Last update broke app completely.
103,A Google user,"November 12, 2018",4, Very easy to use and get exactly what you want.
104,janee polk,"October 17, 2018",5, Excellent sandwiches and pasta . Best sub shop ever .
105,Dan Vietze,"December 28, 2018",2, Nice app but can't use their own gift card as payment!
106,Marissa Yount,"March 12, 2020",5, Nice design & easy use!
107,Aaron Carpenter,"April 23, 2020",1," Says to update, but no updates."
108,Paula B.,"November 15, 2019",4, Easy to use. No issues.
109,Jason Knox,"July 24, 2019",3, A little cumbersome to navigate.
110,Kristin Anderson-Haecker,"January 14, 2019",5, Fast and easy online ordering!
111,Miggie Maldonado,"February 8, 2019",5, I like that it keeps track of previous orders!
112,Autumn Smith,"March 6, 2019",4," Would be nice if you could add notes or customize with ""light, extra"" etc."
113,Richard Welsh,"June 10, 2019",5," Smooth app, easy interface."
114,A Google user,"October 22, 2018",5, I love the food ! Fast delivery and always right !
115,Shelley Howard,"June 29, 2019",5, Easy to use and convenient!!
116,Ryan Stark,"October 29, 2018",5, Easy to use app to place orders and check your rewards
117,Cory Thompson,"February 27, 2020",1, Well tried to get to use my points and now it says update required. Wth
118,shelly brewer,"October 5, 2018",5," being able to sending my order with this app, walk-in pick up my food and get out makes my life so much easier"
119,Jim Peot,"July 7, 2019",5, Works everytime and in 15 minutes I get a delicious sandwich!
120,Laura Yount,"June 23, 2019",4, app is easy to navigate.
121,A Google user,"April 1, 2019",5, App is easy and quick!
122,Brett Cottrell,"April 5, 2020",3, I can't use the app because it's out of date and there is no update.
123,CW,"November 7, 2018",3," Need to make it where, if you have a receipt and they didn't ask for rewards at register you can scan receipt"
124,andrew thomas,"October 21, 2018",4, It's ok can get orders in but need a place to leave notes per item. Like light mayo or mustard.
125,Shane Thurman,"October 6, 2019",5," Easy to use, great food!"
126,shelly daniels,"February 2, 2019",5, quick and easy to use!
127,Joyce Hadley,"October 23, 2018",5, Easy! Convenient! Fast! LOVE IT!
128,Brian Messmer,"January 7, 2019",5, Fabulous app for the best sub sandwiches on the planet!
129,Helen Hendrix,"April 24, 2019",5, fast and easy to use
130,Megan Elbers,"April 13, 2019",5, so easy use to make your own or change out stuff you dont want on your sub!
131,Vani Gunturu,"September 26, 2018",5, Quick and easy to use
132,Bryan Howe,"June 18, 2019",5, easy to use kid friendly
133,Chris Hamel,"August 25, 2019",4," Need to be able to give feedback to particular locations, or management"
134,A Google user,"February 12, 2019",5, very easy and rewarding
135,Stephen car,"January 24, 2019",5, easy to use no problems
136,Susan Wilds,"January 13, 2019",5, would like if you could have 2 phone numbers listed. Cell phone and home phone.
137,Carol Decock,"February 13, 2019",1, to order thru the app or online they require a credit card even when you have a zero balance.
138,Jeff Swanson,"March 3, 2019",4, works great. easy to use
139,Margaret Martin,"April 1, 2020",5, App isn't working. Help
140,Lisa hall-miller-estes,"February 5, 2020",2, The new app is not the best way that tjey could use their effort. Please fix the kinks now plz or i am going to stop my business with your company.
141,Christopher Porter,"November 25, 2019",5, Love the service tastes amazing
142,Joan Haffiz,"July 1, 2019",5, very easy to use!
143,HerrBoodah TYT,"April 2, 2019",3, always a good experience
144,Ed Knotts,"October 12, 2018",5, Very easy to use
145,Patsy Duggan,"May 24, 2019",5, So easy to use this app!
146,Jerod Euwer,"September 13, 2019",5, Very user friendly
147,J. B.,"February 7, 2020",1, App doesn't work.
148,Ryan grimes,"January 25, 2019",5, Very easygoing app
149,kris christensen,"February 13, 2020",2, You changed your app I'm changing my rating you had 5 star app now it's a 2at most really want to give it a 1 star it sucks
150,Ashley Bergen,"August 3, 2019",5, easy to use love it makes things easier
151,Debbie Smith,"April 3, 2019",5, they are very friendly people fixing your sandwiches in a quick and quality experience
152,A Google user,"November 30, 2018",5, Love the staff!!!
153,A Google user,"March 31, 2019",5, very easy to use
154,Natasha Kay,"July 19, 2019",5, So easy to use.
155,joylyn kinney,"April 17, 2019",5, I have had great service in the past.
156,Peggy S. Miller,"February 14, 2019",5, great easy to use
157,Douglas McKinley,"January 21, 2020",5, Easy & fast
158,Jim Shamrock,"November 30, 2018",5, App is easy to use
159,Patrick Jennings,"August 26, 2019",5, Made ordering very easy
160,Jessica Haywood,"February 14, 2019",1, can't use gift card
161,Teresa Chalk,"January 13, 2020",5," Your restaurant has not only the BEST sandwiches in town.....but your place is now my boyfriend and mine ""special place"". You do not currently deliver to my area {51st and Memorial}.....do you have plans on allowin some food delivery services deliver for you....like grubhub....uber eats....etc? Keep...Full ReviewYour restaurant has not only the BEST sandwiches in town.....but your place is now my boyfriend and mine ""special place"". You do not currently deliver to my area {51st and Memorial}.....do you have plans on allowin some food delivery services deliver for you....like grubhub....uber eats....etc? Keep up the GREAT food!!! A FOREVER customer, Teresa Chalk :-)"
162,kate hardman,"April 27, 2019",5, easy to use!
163,Fernando Nichols,"May 26, 2019",5," easy,and quick"
164,Nancy Shockey,"May 9, 2019",5, Never a problem
165,A Google user,"November 15, 2018",1," Was great before but can't order now without a credit card, I always use gift card or cash. What good is it for me now?"
166,Lorri Howard,"October 3, 2019",4, Overall a good experience
167,Rick S,"August 15, 2019",5, great app convenient
168,Josh Williams,"September 17, 2018",1," You go through your entire order, it says set time you click the drip down menu, and BOOM they are all for tomorrow. Seriously what a freaking joke. Tell us you don't have a delivery driver as soon as I type in my address."
169,Clark Hopkins,"September 3, 2019",5, My order is ready ehen I get there... Love this app
170,Brokersteph,"December 29, 2019",5, They never let me down. I can always count on the consistency of meal. DELISH!
171,Joseph Butler,"December 2, 2018",1," Have to order online, can't get rewards for on site ordering."
172,superblazeoz superblaze,"November 8, 2018",1, Why do I have to have a credit card now? I want to pay at the restuarant like I've always done. I'll be eating less goodcents now for sure
173,Dustin Falkenstein,"February 14, 2019",1," hour and a half for delivery. ordered large drink got small. ordered kids chicken alfredo spaghetti sauce, no chicken. messed up my entire order. uninstalling app."
174,Tracy Green,"January 17, 2019",5, LOVE LOVE LOVE the app!!!
175,Rachel Jones,"May 11, 2019",5, Easy to use.
176,Jace Williams,"September 28, 2019",4, Easy to use.
177,Tom Burcham,"January 30, 2020",5," Does what I need it to do, without fail."
178,B. C. Bruce,"March 17, 2020",1, Ditto to the rest of the comments.
179,Shawn Welch,"February 21, 2019",5," subway look out ,THIS is the future of tasty subs , always my 1st choice for lunch ....... best subs by FAR"
180,genghisjon !,"January 8, 2019",5, Order delivery SANDWICHES! Need I say more?
181,Shawn Welch,"February 7, 2020",5, No other subs beat them.
182,Andrew Bargen,"November 23, 2019",4, Works pretty well!
183,Casie Palma,"March 19, 2020",4, Love this place
184,Tina Doyle,"June 25, 2019",4, i had a very good service today
185,Robert Troop,"February 7, 2020",1, Cant get my rewards
186,Rachael Morrell,"December 9, 2018",4, It was a pretty good experience.
187,Erika Guthrie,"October 8, 2019",5, Love u guys !
188,Mr Creeperly,"March 9, 2019",5, easy to use
189,Braden Ewbank,"June 9, 2019",5, love the app!
190,Jessica Koester,"October 7, 2018",5, Easy to use
191,Michael House,"April 6, 2019",5, easy to use
192,b cingu,"May 31, 2019",5," working allot better,"
193,Jesus VillagomezII,"May 11, 2019",1, won't open
194,Judy Caples,"March 18, 2019",5, love the app
195,Chris Hassenpflug,"October 26, 2019",5, In luv wit it
196,Mike Dorsey,"April 7, 2020",1," App keeps closing before I can finish ordering. Was great, hasn't worked for me since the update."
197,Emily Schmucker,"April 24, 2020",5, Great subs! Timely manner is always great! All of the employees are so respectful!
198,John McMillan,"April 13, 2020",5, So bomb!!!!
199,D Dubya,"April 4, 2019",4, nice for keeping track of your reward points.
200,Olivar Piontek,"August 17, 2019",5, YAY SANDWICH
201,Harleigh Parker,"February 23, 2019",5, Love It!
202,Stacy Craig,"February 20, 2019",5, Love It!
203,Brittany Fancher,"January 16, 2020",5, Great app!
204,Renee Stafford,"November 11, 2018",5, Easy to use!
205,Benjamin Clarke,"November 20, 2019",5, Dope
206,Karen Blunt,"October 29, 2019",5, Great subs!!!!
207,Austin Barclay,"March 23, 2019",5, great!
208,Andrew Casteneda,"January 19, 2020",4, Great!!
209,A Google user,"November 11, 2018",5, Great app
210,Walt M.,"November 23, 2018",4, Good eats
211,Shannon Branting,"October 12, 2018",5, Works great
212,Byron Bishop,"October 19, 2018",5, Very convenient
213,A Google user,"January 6, 2019",5, awesome sandwich
214,Cecil Moore,"June 24, 2019",5, Great app
215,Jason Patterson,"August 7, 2019",5, awesome service
216,GamingSoul,"December 9, 2019",4, Works great
217,Jimmeister Pickett,"January 31, 2020",5, Great app
218,Tereasa Holm,"March 9, 2020",5, Good food
219,rochelle haines,"April 18, 2019",5, Love it!!!!
220,Nichelle Kelly,"March 6, 2019",2, slow
221,Benjamin McCain,"November 7, 2018",5, Mmmmmmmmmm......
222,Jeremy S,"May 15, 2019",5, awesome
223,Scott Garcia,"May 22, 2019",5, great
224,Josh Landrum,"October 19, 2018",5, Great
225,nicholas Andekin,"July 2, 2019",5, love it
226,Melanie Schmalken,"October 7, 2019",5, Great
227,Tori Schroeder,"October 30, 2019",4, Awesome
228,Bailey Roberts,"March 13, 2020",5, Love it
229,Lisa Welch,"August 26, 2018",3, App needs to give delivery option not just say your address is not in range...when the store is a mile from my location :|
230,Christian,"September 6, 2018",4, It's missing spinach on the list of add on veggies.
231,David William B. Jr.,"August 30, 2018",5, Love the app. Simple to use. Wish that you offered diet mountain dew as a drink choice. Really love the food.
232,A Google user,"August 10, 2018",3," Have written 3 times re not being credited with 50.00 in points with no 
reply"
233,Justin Nyberg,"September 2, 2018",5, A short review
234,malicea ward,"August 9, 2018",5, Love this app!!!
235,Latrice White,"August 20, 2018",5, I love it
236,A Google user,"September 27, 2018",5, Works great
237,Amy Pritchett,"September 5, 2018",5, Tasty McTasty
238,DeLisa Galate,"July 10, 2018",1," Always super slow! I have to put my order in twice because it kicks me out. 
I try to use my rewards but it doesn't come off my bill... This app this 
the worst! DO NOT USE!"
239,manda james,"July 13, 2018",4," Absolutely love the app. But be warned. It does NOT include the delivery 
charge in your total when you check out. Just made an order that was $25 
and when they guy got here it was $27. So now I feel like a cheap ass only 
tipping $3."
240,Stacey Deragowski,"July 12, 2018",5," Love their food! Love their driver's! And when I mess up my order, which 
happens often... They always are quick to call me! ❤"
241,Dean Edington,"July 18, 2018",4," Does what it's supposed to. Do wish it had an option to ""Set Home Store"" or 
something like that rather than having to search by location each time 
though. I rarely order from a different store/location."
242,Sean Van Liew,"June 16, 2018",3," Navigation is user friendly. The location I order from typically doesn't 
have an ASAP choice on delivery time so you have to add it in the notes, or 
else they won't deliver for about an hour. Also about half the time their 
driver doesn't show up, so you submit your order then they call about five...Full ReviewNavigation is user friendly. The location I order from typically doesn't 
have an ASAP choice on delivery time so you have to add it in the notes, or 
else they won't deliver for about an hour. Also about half the time their 
driver doesn't show up, so you submit your order then they call about five 
minutes later telling you they cant deliver. So either you go pick it up 
yourself (already charged a delivery fee) or wait for a refund. If they 
cant deliver, take the option away before we submit the order or notify us 
before we spend our money."
243,Crazygirl Payton,"June 27, 2018",3," It would be a five star but you only get rewards for card purchase and 
that's not really fair"
244,Adam,"June 29, 2018",5, Much easier than their website. Took me 2 minutes to order my favorite sub.
245,Christopher Bond,"June 12, 2018",5," Love the ease of use as well how many details for sandwiches are available. 
I also like the ability to add my penny club points balance to my order 
total."
246,Brian Laiderman,"June 6, 2018",5," Chesterfield store is amazing, they are always clean, quick and precise! 
Thanks!"
247,A Google user,"June 23, 2018",5," I mean, it works and does what I need it to do."
248,Jen Scheid,"July 1, 2018",5, Love this app and so easy to use and the good is the best sandwiches in town
249,Todd Berke,"June 27, 2018",5, Great way to order a sub
250,Pezcara123,"July 27, 2018",5, Nice simple app to order delivery or takeout
251,Eric McCormack,"June 23, 2018",5, Awesome Possum So Far!
252,Griffin Spencer,"June 21, 2018",5, Works well
253,Drew Mies,"August 7, 2018",5, Very convenient. Rewards are awesome
254,Lisa Leoppard,"May 2, 2018",1," I only ordered online to receive the points and the store stopped 
delivering 50 minutes before the time they said. I had to pick up the order 
which was wrong and they took my points away. Bread was soggy by the time 
they told me they were not delivering. Go to Jimmy John's. Way better."
255,Carolee Gernhardt,"March 23, 2018",1," Horrible. Every address I put in is outside of every store's delivery area. Have tried different delivery locations, have called stores to ensure my address is in their area and they assure me it is. Very disappointed."
256,Jenaye B,"March 22, 2018",4, Delivery was late and my order wrong. So i prefer to pick up to watch them prepare my food. The app is convenient for storing favorite orders and keeping track of points
257,Kayla Marshall,"February 11, 2020",2," The new app is garbage. I can't order children's drinks, i cant make notes about my sandwich, and the customization options are much more complicated than they used to be. Not a fan."
258,Jakob Roberts,"January 21, 2018",5, Well I have worked here and the employees of gardner Ks are still professional the food is great without a doubt on each order does not matter what my wife and I order on top of it all they have a great deal on their weekly toasted subs wonderful place crossed with excellent food and customer servic...Full ReviewWell I have worked here and the employees of gardner Ks are still professional the food is great without a doubt on each order does not matter what my wife and I order on top of it all they have a great deal on their weekly toasted subs wonderful place crossed with excellent food and customer service.
259,Jake Kimpston,"May 26, 2018",3," It's an ok app overall, but the navigation is horrible. The fact that you 
have to reverse through your previous sandwich to add more than one is 
annoying."
260,Tom Tow,"May 2, 2018",3," Very rough app. Not a smooth interaction. Not user friendly and too may 
limitations. Simple option to order a cookie by itself is a basic example."
261,lost girl,"February 8, 2018",5, I love mr. Goodcents so to be able that put in my order on a nap and have it delivered?! That's just gravy
262,Nancy Marx Eman,"January 11, 2018",5, Love your app so easy to use. Will never eat at another sub shop.  The store I ordered from is amazing.
263,Matt Staley,"April 18, 2018",3," Wanted to order chips and cookies no drink. App forced me to order a drink, 
and didn't get cookies because I would have had to order another drink."
264,Ed Cathers,"March 24, 2018",1," Can't find a store to deliver, despite calling the store and ordering delivery just fine."
265,Christine Morris,"March 10, 2018",2," This app is so confusing to and when trying to check out, the app keeps changing information."
266,Amanda Brown,"January 24, 2018",5, Works great! Only thing I would add would be estimated delivery times
267,Jason Roosevelt,"December 20, 2017",4, Needs a better way back to add additional items. Once you add an item the only way back is to click back repeatedly. Needs a back to menu or continue ordering etc.
268,Cameron Hershiser,"January 17, 2018",4, App is very easy to use. Have had no trouble with it. Love the subs!
269,Gabe Smith,"February 25, 2018",5," Best samiches in town + they deliver, makes Goodsence to go to Goodcents 6 STARS"
270,Brian Foster,"June 20, 2018",2," App won't update, I uninstalled, cleared cache, and still get error code 
after install. No other app I have does this."
271,Throwin Bonz,"February 12, 2018",4," Good ap, could not access kids meals while ordering and my kids will definitely not eat a while 6 in."
272,Joshaua Hoover,"April 9, 2018",4, App would benefit from an auto return to menu after your order is placed for multiple order input
273,A Google user,"April 23, 2018",5," Me & my husband LOVE Mr.Goodcents, better than Subway."
274,cody sorgen,"April 5, 2018",5, It works great and it never messes up my order
275,Stephanie Bokelmann,"March 14, 2018",5, One of the easiest apps I've ever used!
276,A Google user,"March 26, 2018",4, First on line order. We shall see if it works properly
277,Brian Auldridge,"March 25, 2018",5, Love the new look!😎
278,Jessica Rand,"February 21, 2018",5, Awesome great food
279,Kaydi Forgia,"December 22, 2017",4, Great app. Would like to be able use a gift card to order.
280,toussaint barrett,"December 19, 2017",4, Great app very practical forward thinking good job
281,Vincent Nunnally,"January 11, 2018",5," It's a good app, especially for delivery orders."
282,Janell Owens,"April 30, 2018",4, So easy to use and always accurate!
283,A Google user,"February 17, 2018",5, Very good sandwich
284,Jodi Eastin,"May 4, 2018",5, Best quality brand price is best
285,Alise Valdez,"March 7, 2018",5, I absolutely love this app and love the food!!!
286,Ethan Thomas,"January 15, 2018",5, Litty tity
287,Susan Trail-Brown,"April 2, 2018",5, Love me some Goodcents!!
288,Jason Hennessy,"March 20, 2018",5, Yummy food.
289,Heather Cotten,"April 2, 2018",5, Super easy & great sandwiches!
290,A Google user,"April 9, 2018",5, This app is very good.
291,Kayla Bosarge,"February 22, 2018",3, Would be better with delivery tracking
292,Willie Schrader Jr,"March 16, 2018",5, Easy to use and very helpful
293,Elizabeth Ramos,"April 3, 2018",5, Really good app
294,robyn allison,"February 15, 2018",5, Very handy
295,James Lewis,"May 4, 2018",4, Good food
296,Miguel F,"December 22, 2017",5, Great
297,Kyle Tingley,"October 29, 2017",4, Haven't had any issues so far. I think it would be cool to see previous orders without having to go all the way through an order though... maybe I'm missing something.
298,Justin,"October 12, 2017",1," This AP IS Bs, i tried to use my rewards to order and it just freezes every time rendering it useless.  They only allow you to use your rewards when ordering on thia AP.  It's Useless"
299,Jessica Hasselbach,"September 6, 2017",4," If go in to change something you have to fix times for pick up. Also of my order is 7.00 and i have 3.00 on loyalty, would be nice to have the option to use it and then pay diffrence with card."
300,Aaron Lackman,"December 13, 2017",5, I love this app. Tells me how much I have in rewards and let's me choose pick up time for my order.
301,matt erwin,"September 8, 2017",5, Works great. Use it multiple times each week. No errors yet. Local store always delivers ahead of scheduled time!
302,Am Bo,"September 6, 2017",4, I would like it if you could find your last order and total in the app.
303,Lori Mclaughlan,"October 4, 2017",3, Great except i can't delete something I don't want so now I have to just go there anyway or order as a guest.  A delete item would be nice.
304,Shelia Holm,"November 1, 2017",4, Quick and easy to order from this app location kinda iffy sometimes but so far it's great👍
305,Christina Herron,"December 18, 2017",4," Good app, easy and functional. Kids meal has no option to add condiments to sandwich or change from rainbow bread."
306,jim coy,"September 28, 2017",1, It sucks doesn't work
307,Ali Holloway,"October 18, 2017",5, Works great every time. Use it to get lunch delivered to my office often
308,Jarrett Woolfolk,"October 11, 2017",5, always concise and very quick! they have never given me a wrong order!
309,Ramone Hicks,"September 13, 2017",3," App works great, just needs a method to modify an order from the cart"
310,Box Rec,"August 26, 2017",5, Very easy to use I love it the rewards are awesome too
311,Savannah Smith,"December 1, 2017",5, It's super simple and has everything I need.
312,A Google user,"September 10, 2017",5, This app is so simple to use and very detailed.
313,Louise Daugherty,"September 30, 2017",5, Been there many times great service and food.
314,Matt Bauer,"December 10, 2017",5," Quick, easy way to make delivery order."
315,jerry schwartzmeyer,"October 1, 2017",3, Needs a build your own sub option.
316,Cameron Davenport,"November 16, 2017",4," Quick, easy and saves a load of time!"
317,Brodie Rock,"November 6, 2017",5, Works exactly as you would hope.
318,sofia gerasimchuk,"November 5, 2017",5, Great app hands down!
319,Meg Trendel,"September 2, 2017",5," Easy, Fast, good descriptions & pictures"
320,J.D. Progger,"October 26, 2017",5, Great way to order!
321,Christy Graham,"November 20, 2017",5, Love it...really easy to use.
322,Chris Reynolds,"December 9, 2017",4, Great app
323,Jack Blair,"August 25, 2017",5, Awesome app
324,Lee Delaney,"September 19, 2017",5, Good sandwiches
325,Joey's Egg,"October 11, 2017",5, Great
326,Gregory Gordon,"August 9, 2017",1, Dont like the new program at all. They hardly ever ask you for your info in the store so you dont get points for your purchases.  The punch cards were much better.  Com e up with a better system!
327,Lissa H,"June 19, 2017",3, The app is okay to redeem my points wish I could redeem my points in store instead of having to download this app on my phone and the ordering does not give you all of the options that the store inside does you do not have everything listed that the store offers inside maybe you should fix that prob...Full ReviewThe app is okay to redeem my points wish I could redeem my points in store instead of having to download this app on my phone and the ordering does not give you all of the options that the store inside does you do not have everything listed that the store offers inside maybe you should fix that problem
328,A Google user,"July 31, 2017",3," Firehouse Subs lets you redeem points in-store, they usually tell me ""You have free sub, would you like to redeem?"" I have a cheap Straight Talk phone & I can't have an app for everything just not enough storage on my phone. I signed up then deleted the app."
329,Nancy Webb,"July 11, 2017",3," Seems to have issues with delivery orders, every time I put in for delivery, it gives me the takeout menu!"
330,Donald Cherry,"June 1, 2017",1," Useless app, I don't order online."
331,Brad Chandler,"August 1, 2017",5," Works great,  unless you put an order in & THEN sign in..  have to redo the whole order... blah. Otherwise, easy and quick."
332,Jonathan Ervin,"July 16, 2017",4, It's a great app. A delivery tracker would be nice
333,John Bartlett,"July 15, 2017",4, Really like the reward points and saved pmt info feature.
334,james humphrey,"August 1, 2017",5, Online App rewards versus in store card punch.  App is good and efficient.  Easy e-commerce transactions
335,Jenn Venne,"June 13, 2017",5, Love this app and how easy it is to use!
336,Mike Aldridge,"August 2, 2017",4, Would like to see it have the ability to show extra/light on an item chosen.
337,Whyte Rhyno,"August 18, 2017",5, App works great!!! Espically when I have my hands full with the kids or do not have access to my computer!!!
338,Michael Leonas,"July 10, 2017",5, Best food order app I have used.  So quick and easy
339,Alison Troy,"August 9, 2017",5, Love the app! Got a free sub today!
340,Amy Sinner,"August 11, 2017",4, Better than the old ordering online!
341,A Google user,"July 21, 2017",5, Yummmmm.
342,Lee Turner,"May 30, 2017",5, Love it!
343,Mason Turner,"June 10, 2017",4, Works great!
344,joshua hall,"July 21, 2017",5, It good
345,Felicia Valdez,"June 14, 2017",4, Its cool
346,jasonjunior74,"August 22, 2017",5, Good
347,reba lansdale,"April 1, 2017",1," App defalted back to my home address even though i changed it and it placed my order twice. Paid for food to be delivered to my work, it wasnt and management told me only that id get my food when i got home."
348,Ginger Grigsby,"April 19, 2017",4," Almost Perfect! The app was much easier to use than ordering online. There were minor issues - like it insisted that I enter my birthday but only offered 6 months to choose from!?? Weird. The reason I deducted a star from this otherwise perfect experience was due to the delivery time option. I was s...Full ReviewAlmost Perfect! The app was much easier to use than ordering online. There were minor issues - like it insisted that I enter my birthday but only offered 6 months to choose from!?? Weird. The reason I deducted a star from this otherwise perfect experience was due to the delivery time option. I was so happy to see that I could select the time for my order to be delivered (so it would arrive right before my company). However, my delivery arrived 25 minutes before my selected time - leading me to believe that they didn't even notice the order had a later delivery time. On the receipt - the requested delivery time was in HUGE bold print! If they are going to offer this option, they need to provide it. Otherwise, seriously great app and service!"
349,David Dotson,"April 14, 2017",1," Have to enter a valid credit card just to use this app, even if you have enough reward points to not require one. Slow, constantly reminds you to turn on location services that aren't required."
350,Reg Hamilton,"April 21, 2017",1," I like the app overall and was easy to set up period however when I went into the Gardner Kansas store, they told me I could only used by a points online ordering. Was very discouraging as I had plenty of points for my family and I to get a free meal and when I asked the cashier he said only on onli...Full ReviewI like the app overall and was easy to set up period however when I went into the Gardner Kansas store, they told me I could only used by a points online ordering. Was very discouraging as I had plenty of points for my family and I to get a free meal and when I asked the cashier he said only on online orders even though the app says use your points at anytime.  Makes no sense!"
351,Andrew Guthrie,"May 31, 2017",1, This app is kind of jankey. The ordering page is outdated and very basic. The real problem is that after you place an order there is not way to track it. There is no.way to even verify the order has been submitted or received by the store.
352,Erik D15,"June 8, 2017",3, It doesn't have all of the choices.. like the pepper bread or sea salt & vinegar chips etc...
353,A Google user,"April 13, 2017",3, App was great until this last update...WHY does it need access to my camera!  Will be deleting the app.
354,Jennifer Sampson,"April 3, 2017",5, So Easy!  Just reordered my favorite just the way I like it and paid for it in less than 4 minutes!
355,Chris Larsen,"July 5, 2017",2, Not able to order full menu on app.
356,Lois Sterling,"April 18, 2017",3, App was difficult to sign up for and use the first time today went much better
357,Taytra Woullard,"April 28, 2017",5, Awesome love it best thing they've came up with better than carrying cards
358,Whistle Norvell,"June 27, 2017",3, A bit difficult to use
359,Todd Munjak,"May 1, 2017",5," Works well, no issues. Usually discount of some sort available"
360,Mary Frazier,"May 19, 2017",5, Love the app & the worker at my store
361,Jason B,"June 25, 2017",4, Great app for order ahead and pick-up.
362,kevin val,"July 7, 2017",2, Couldn't use my points at store..kinda of useless..
363,La'Ondrill Brown,"April 12, 2017",5, Simple makes life tasty!
364,Joseph Pearl,"March 24, 2017",5, I love goodcents and they're app is cool
365,Chris Pawlak,"June 16, 2017",5, Very easy to use.
366,Julia Benson,"April 12, 2017",5, LOVE Goodcents! LOVE the app!!!
367,Barry Hafermann,"April 27, 2017",5, Good ap.  Good food
368,John Biehler,"June 20, 2017",5, Worx great!
369,Amy Hill,"April 22, 2017",5, Super easy to use
370,Kevin Logan,"May 30, 2017",4, Nice app
371,Heather Whitfield,"April 10, 2017",5, Awesome app.
372,William Ong,"April 12, 2017",5, Handy
373,David Fuller,"May 12, 2017",5, Love it
374,Kimberly Nolan,"April 5, 2017",5, Convenient
375,Michael Czech,"March 18, 2017",3, Too many permissions
376,Ardadria Davis,"March 16, 2017",5, I like this app it work good n i love the rewards
377,James Gallant,"March 17, 2017",4, Simple and easy to use.
378,Greg Davison,"February 21, 2017",5," Pretty good app for good food. It's still in the works but nice for constant discounts. Stores say they can't use the points in store it's online only, but will be getting the in store hardware soon. Seems most people who have issues using the app and rewards system are just dumb in terms of using m...Full ReviewPretty good app for good food. It's still in the works but nice for constant discounts. Stores say they can't use the points in store it's online only, but will be getting the in store hardware soon. Seems most people who have issues using the app and rewards system are just dumb in terms of using modern electronics lol. Never had an issue myself. Internet 101 needed for most of the bad reviews! Or Common Sense 101!"
379,Jill Williams,"December 13, 2016",1," This might be the worst rewards app ever.  When I first joined,  it took forever for my points to be added.  Every time I go into the store, I always ask how I can redeem my points  (which states can be redeemed at any time), the employees keep telling me they know nothing about it,  they've receive...Full ReviewThis might be the worst rewards app ever.  When I first joined,  it took forever for my points to be added.  Every time I go into the store, I always ask how I can redeem my points  (which states can be redeemed at any time), the employees keep telling me they know nothing about it,  they've received training,  etc and this is the same response I get since I signed up over 3 months ago. Why is it a rewards app when you can't redeem rewards and the employees know nothing about it?"
380,morissa stokebrand,"November 13, 2016",1,Rip off I have got 3 sandwiches since getting this app and have not got any points!!! Bring back the punch cards! This is way too much work.
381,Marlee Smith,"December 22, 2016",2,"I miss the punch cards!! I actually like being able to stand at the line and watch my sandwich get made. I hate that I have to order it online to get my points. It would be much better if I could order in the shop and then just scan something on the app to add my points. And where's the dine in option? All my subs are wrapp...Full ReviewI actually like being able to stand at the line and watch my sandwich get made. I hate that I have to order it online to get my points. It would be much better if I could order in the shop and then just scan something on the app to add my points. And where's the dine in option? All my subs are wrapped to go now thanks to only being able to order take out. Also, the rate at which you earn a free sub is ridiculous compared to the cards. As a long term customer and former Goodcents employee, I'm disappointed."
382,Amy Sibson-Jensen,"January 7, 2017",3,"The good..The bad Very convenient, fast and easy. I get points here and on my punch card! App is easy to use...Except.... Please change it so you have to check everything you want don't have it checked by default."
383,zaharabme1,"January 26, 2017",3, The menu options are not kept up to date. There is no way to use points on newer menu items such as the sensible sandwiches...would get another full star for sure if the menu was kept up to date. I'm stuck ordering a sandwich I don't want or ordering through the app while in store so I can tell them...Full ReviewThe menu options are not kept up to date. There is no way to use points on newer menu items such as the sensible sandwiches...would get another full star for sure if the menu was kept up to date. I'm stuck ordering a sandwich I don't want or ordering through the app while in store so I can tell them what I really want before it's made; leaving then to scramble with price differences! My store is awesome btw and always make it work for us :)
384,Joshua Morrow,"February 11, 2017",1," I'm unable to use my rewards points. Every time I try to it says either balance with cash or balance with card, neither of which uses the points I've accumulated."
385,Jeffrey Lewis,"March 14, 2017",2," I love Mr. Goodcents but this app is so terrible and buggy. It's a real inconvenience to use, I only use it for the promotions."
386,Terry Menosky,"February 18, 2017",1," I've placed 2 orders over $40 since enrolling in the rewards program, and neither has credited to my account, despite it being a week and two weeks later. WORTHLESS"
387,A Google user,"November 3, 2016",1,"Promo codes are BS I get a pop up notification with a promo code, enter my order, put in the code and an told it is not valid. Bye."
388,micah brewer,"January 6, 2017",3,"Worked fine with one exception It doesn't give me the option to get just chips with my sandwich. Drink and chips, drink and cookie or drink and apples. I just wanted chips."
389,Jesse Harrison,"October 30, 2016",4,Could be better The drink options on the app should include all the things they have in that huge coke fountain machine they have. Otherwise great.
390,A Google user,"May 11, 2017",1, Won't let me use my points. Tried contacting via email.....no response. Cant use my points. Store dosent know what's wrong. Can't use my points. Error message. Can't use my points. Surely store charges more to have rewards but I can't use my points. I'M FEELING SCAMMED BY CORPORATE GREED AGAIN BECAU...Full ReviewWon't let me use my points. Tried contacting via email.....no response. Cant use my points. Store dosent know what's wrong. Can't use my points. Error message. Can't use my points. Surely store charges more to have rewards but I can't use my points. I'M FEELING SCAMMED BY CORPORATE GREED AGAIN BECAUSE I CAN'T USE MY POINTS AND THEY JUST BLAME IT ON AN APP THAT DOES NOT WORK!
391,Christopher Carithers,"December 12, 2016",1,Had to redo order several times It crashes all the time and did not see an option to remove a sub from the cart before placing order.
392,Cory Yates,"November 23, 2016",4,"Good, could be better The app works great for sandwiches, but you can't individually add sides and drinks. You have to add Drink AND Chips, or Drink AND cookie. What if I just want a drink?"
393,A Google user,"December 30, 2016",2,Promo codes I get pop up promo codes then try to use them and they say not valid.
394,Andrew Trefethen,"January 3, 2017",5,Preordering Is Awesome I love that I can order my sandwich ahead of time now. Makes my lunch hour less of a rush.
395,Dengee Freeman,"February 17, 2017",1, What good is it... Takeout/delivery why not dine in ? Does my GC have a delivery and drive thru.....NO.   will be deleted
396,Stephenie Ferguson,"December 11, 2016",5,"Easy to use Very easy to use, glad I can easily apply reward points and save payment information. Super convienet."
397,Kevin Schwaderer,"January 17, 2017",1,"Bad app! App doesn't update my purchases, need to go back to the punch cards!"
398,Shawn Spurrier,"December 18, 2016",1,This sucks Bring back the cards.. this app is lame
399,Gohring Family,"November 28, 2016",5,"Quick Order! Easy quick Order, ready when I came to pick it up :) Skip the line ;)"
400,Frank Wonka IV,"December 7, 2016",4,Great but... How do I add or edit my favorites? I love this app and I don't usually do these kinds of offers
401,Linda McGuire,"June 21, 2017",1, Steps are confusing as hell and the employees had a hell of a time trying to figure it out.
402,Michael Casady,"February 11, 2017",1, Points are only accrued if you order online. This is Goodcents! Most people order at the store. It won't give you points if you order at the store. Horrible app.
403,Heather Lynn,"February 23, 2017",1," Keeps failing, can't log in can't do anything with it!"
404,Samantha Bracken,"October 23, 2016",5,"Makes ordering simple! Easy to use, quick and saves time."
405,Tyler Shade,"October 20, 2016",5,Great app Great app for one of the best sandwich places around jus love goodcents jus wish it was still Mr goodcents
406,Beth Bembry,"December 17, 2016",4,Live their subs The penny club is my favorite and this app makes it easy to order
407,A Google user,"February 6, 2017",5, Easy-to-use and I love this app and shows my points right after my purchase!
408,Skylar Dodds,"December 20, 2016",4,Works pretty well! Would like to be able to get points for in store orders.
409,A Google user,"December 3, 2016",5,Super easy Ease of use make this app 5 stars. Thank you!
410,A Google user,"December 30, 2016",4,Points Immediately! Got my first sanwich a few minutes ago.   Set up my account and WAHLAH!  There was my purchase AND points!  Cool!
411,Sandra Lusk,"December 6, 2016",5,"Love the app Good food, good atmosphere, clean place. Continued customer."
412,Aaron hoogs,"November 12, 2016",5,App works great I love goodcents. I like the app because I can ponder my options and nobody's waiting on me.
413,tasha baker,"March 19, 2017",3, Used this app until they asked for so many permissions. Now I'm deleting it. No need for access to so much.
414,Robert Skrydlak,"October 15, 2016",5,"Works great Easy to use, and makes ordering easy"
415,Angela Johns,"March 16, 2017",5, Quick and easy to use app. Makes life easier for quick and on the go. Get to skip the waiting in line is best part!
416,Melissa Pena,"October 25, 2016",5,Best sandwiches ever.! Goodcents  is my favorite Sammie shop . Absolutely love it. !
417,Joshua Brumm,"February 26, 2017",4, It needs to be clearer when you start an order if it is delivery or carry-out. Other than that it's a great app.
418,Vicki Rose,"December 19, 2016",5,The better way So much better then the punch card way to earn points
419,Debbie Cox,"December 28, 2016",5,Quick and easy Easy ordering and payment. Even easy to redeem loyalty points.
420,Clint Mulkey,"March 19, 2017",1, Why does this app want access to basically everything in my phone
421,Adell Pankovich,"January 11, 2017",5,So easy! I love the app it's so easy to use and navigate!
422,Patricia Flowers-Palmer,"November 2, 2016",3,Poor options No option to order chips but no drinks
423,Steven Houser,"February 28, 2017",1, Won't stop loading
424,Nick Walters,"October 22, 2016",5,Love good cents Great food and great app
425,Amber Crabbs,"November 3, 2016",5,Simple to use Makes ordering very simple.
426,Joel Bostick,"February 18, 2017",5, 3 wholes and almost a free sandwich!  Nice!
427,Rhonda Bush,"December 23, 2016",5, I love goodcents and ordering is so easy !!
428,Larry and Renee Stafford,"December 29, 2016",4,In store points Need the ability to get in store points!
429,Meg Hunting,"December 2, 2016",5,Super Easy To Use! And fast!
430,Hollie Meeks,"December 1, 2016",5,Awesome! Quick and easy way to order
431,Beth Taylor,"April 5, 2017",5, Love this app and the money back you get just for buying what you were already going to buy anyway!!!!
432,Josh Gama,"December 18, 2016",5,Good Very simple and easy to use.
433,Matthew Oberheide,"December 7, 2016",4,So good so far Ayep
434,Brandie Barrett,"March 9, 2017",4, Pretty good app for food. I love Mr. Goodcents and I love the reward program.
435,Amy Wiedemeier,"November 6, 2016",5, Super easy to use!
436,Tanya Noriega,"November 6, 2016",5, Great app that works!
437,Susie Walker,"October 28, 2016",5,Awesome Great food app
438,Hayden Davis,"November 13, 2016",3, How do u add just extra chips???
439,Jordan Everts,"November 28, 2016",5,"Solid Great app, saves me a lot of time."
440,Todd D,"November 10, 2016",5,"Fast, simple app Quick app, simple order process, no issues!"
441,Micheala Parrott,"October 2, 2016",5,"Great! Easy to use, fast and so convenient"
442,F. A. Randlett,"December 4, 2016",2,App sucks Foods great
443,A Google user,"December 9, 2016",5, goodcents is fire
444,John Pulley,"January 14, 2017",5,Good app Easy to use
445,alice paws,"November 27, 2016",5,So useful So easy to use
446,A Google user,"March 9, 2017",5, great app. has never failed.
447,Bambi Leveritt,"September 30, 2016",5,"Awesomeness!!!! Love love love, Goodcents!!!!"
448,Ruby Billings,"October 25, 2017",5, Great app!
449,Melissa LaBenske,"October 26, 2016",5,Love ut Easy
450,Stephanie Gamache,"November 27, 2016",5,Love Im hungary
451,Nicole Dunaway,"January 5, 2017",5, Fast and easy to use
452,Alexander Meza,"February 3, 2017",4, Subs are yummy
453,A Google user,"March 6, 2017",4, Works
454,jennifer miller,"November 6, 2016",5, Great app.
455,Danielle Skrainski,"December 9, 2016",5, Love the app
456,hope williams,"December 1, 2016",5, Love it
457,Wesley Hare,"February 19, 2017",5, Good
458,A Google user,"January 19, 2017",5, Convenient
459,Angela Holliday,"March 21, 2017",5, Love it
460,Aubrey Kennedy,"September 4, 2016",5,"Finally, i can get everyone's order correct! Do you love sammiches? Hate getting your orders wrong? Love Mr. GOODCENTS? Then this app is for you! LITERALLY couldnt be easier."
461,Mallory Widebrook,"September 10, 2016",5,"Stoners dream When I get stoned I always crave fresh sandwiches. I can spend my afternoons getting high on my couch and order a sandwich. No driving, no getting dressed and above all, no getting sober."
462,Lydia,"August 2, 2016",5,Super Easy Love using the app. Especially at work when our computers take forever to load. It's also a plus that their food is super good.
463,Craig Pittz,"July 30, 2016",5,"Doesn't get any easier Very easy to navigate app, best sandwiches in town."
464,Ashley Elliott,"September 12, 2016",5,Simple. It does exactly what I want it to do.  Simply and efficiently allows me to order food.
465,Michelle Hullman,"September 1, 2016",5,Fave Sub Shop Goodcents is the BEST and this app is fantastic...I love convince!!
466,Gunnar Green,"August 12, 2016",5,Easy to use Easy to use and it saves time once you pick up your order
467,April Robertson,"September 22, 2016",5,Best subs in town I love this app i love this deli and i love my job!
468,A Google user,"August 14, 2016",5, Ordering is a breeze with this app
469,Nick Lovell,"September 2, 2016",5,User friendly Easy to operate with great food.
470,Taylor Malesky,"August 22, 2016",5,Love the good cents across the street Love the app.
471,Terrie Meek,"July 21, 2016",5, Mr goodcents
472,LaQuita Lewis,"September 17, 2016",5,Fast ordering Love the app
473,Sarah B,"August 29, 2016",5,Awesome! Great time saver!!!
474,Megan Richard,"September 12, 2016",5, Love it
475,Paul Mohr,"June 4, 2016",5,Great App The app is very straight forward and makes ordering easy.
476,Joshua Hiegert,"June 3, 2016",5,Easy to use Great app easiest to order of any app I've used.
477,Sandra Anderson,"August 3, 2016",5,Great app! Love the app. Makes it easier yet to get our meals quick! Love the occasional discount we receive too!
478,Derek Pearson,"June 21, 2016",5,Nice. Actually works really well. Works and looks better than any other food app.
479,Josh Aguilar,"June 9, 2016",5,Easy to use and saves time Can't complain
480,Jason Hawkins,"June 30, 2016",5,Easy ordering Very fast and convenient.
481,Dean Paro,"June 20, 2016",5,Great! Easy to use ordering app!
482,Pam Burleigh,"June 3, 2016",5,Very convenient Easy to use
483,Z B,"July 5, 2016",5, Nice! Works great!
484,Alan Edgington,"June 9, 2016",5,Delivery Easy to engineer
485,Stephanie Fletcher,"May 11, 2016",4,Easy to use I used this app for the first time today. It was actually really easy to use despite a few bugs that could be worked out. Nothing significant enough to make it a negative experience though. Plus you get 50% off your first order placed through the app with code FIRSTORDER. It worked for me no problem...Full ReviewI used this app for the first time today. It was actually really easy to use despite a few bugs that could be worked out. Nothing significant enough to make it a negative experience though. Plus you get 50% off your first order placed through the app with code FIRSTORDER. It worked for me no problem!
486,Jay and Daria Preston,"April 22, 2016",3,"With some help It could be better. Such as adding the ability to add an additional drink and chip to the order. Possibly using a credit card to pay for the purchase. That's the only thing Jimmy John's has on you, although their sammiches suck."
487,Julie Smith,"May 7, 2016",2,"Not an intuitive app Watch the pickup or delivery option. Didn't see that mine was placed for pickup till it was placed, even though I swear I chose delivery. Hard to figure out how to delete items from cart, too. Not a fan of the app yet."
488,Jackson Taylor,"March 19, 2016",1," Very buggy. Randomly selected a date in the future (even though there is no option to pick a date besides today), has random error messages like ""Authentication Error"" even though I never put anything in and nothing was wrong"
489,Matthew Cullinane,"March 29, 2016",1," It let us order food for delivery at 3:30, but the store doesn't start delivering until 5.  We didn't know that until the store called us half an hour after we ordered."
490,Valerie Banks,"March 4, 2016",1, I know I live in the delivery area because I order from Goodcents often but the app tells me otherwise. Useless.
491,Matt Hoover,"March 2, 2016",5,"So far so good! I've only placed one order through the app, but it was just as easy as going online!"
492,Brandi Austin,"April 30, 2016",1,DO NOT DOWNLOAD App constantly crashes and tries to take your whole phone with it. Awful app!
493,Katie McCreath,"April 21, 2016",4,"Gets the job done Works very well. I like that I got a discount for using it the first time! It isn't as user friendly as it could be, but it gets the job done."
494,Jadena Benson,"March 31, 2016",1,Ugh Crashes just as much as their website. Can't even login!
495,Jen J,"March 7, 2016",5,"Love it Wonderful subs, great soup and delicious pasta."
496,Shelly Bruhn,"April 7, 2016",5, Love it ! The other sub place nearby doesn't have an app which is just one reason why I chose Goodcents over them :)
497,Nate Pellegrino,"April 19, 2016",4,"Good but... It would be nice if I can save multiple cards, but other than that easy to use and accurate delivery times"
498,Christopher Cash,"March 16, 2016",5,Easy to use app The ordering process was simple. I'd like to see an order history that I can reorder from in a future update. Otherwise it's a great app.
499,B-rad jeezy,"May 19, 2016",3,Hm. Should be some kind of incentive for ordering through the app. Like coupons released every once in a while to make you want to order goodcents.
500,Jessica Jones,"May 26, 2016",5,Big time saver Use it for lunch  when I am at work.  Easy to use.  I love just walking in and getting my lunch without waiting in the long lunch line.
501,B Tameka,"March 20, 2016",5, Loved it as always goodcents is still handsdown my favorite sandwich shop!
502,Melissa,"May 26, 2016",5,Very easy to use The app is very streamlined and easy to use. I can select exactly what I want and checkout in less than a minute.
503,Kimberly Burke,"April 6, 2016",4,"It's OK but didn't get my discount Webpage said download and use for a discount,didn't get it. Otherwise the app is fine."
504,Rachel Fair,"May 2, 2016",4, Wish you could look at an order after its been placed.
505,Amanda Knowles,"April 10, 2016",5,Pretty Great My order went through quickly. I'm impressed so far.
506,Jenny Rarden,"March 15, 2016",5,"Great app! Easy to use, looks great, and very handy!!"
507,brandon jarvi,"May 25, 2016",5,Love this App! It is perfect for the store! It gives me all the options and it makes me want to order from here more!
508,Ariel Abelein,"March 24, 2016",4,Decent app. Had no problems ordering using the app.  Got a discount for first time order.  Love their sandwiches.
509,Christine Senne,"March 14, 2016",5,Great! Very easy to use and I have never had an issue with it.
510,Ashley Breedlove,"March 11, 2016",5,Yum Love this place order from here all the time and the app is so easy
511,April Castillo,"May 7, 2016",5,Impressed I love Mr. Goodcents even more now. (:
512,Wess Heavner,"May 20, 2016",5,Makes good sense Pretty much works as it should.
513,Muddy Raccoon,"April 4, 2016",5,Better than the website And talking to people face to face.
514,Jason Fraggetta,"April 20, 2016",5,Great app Awesome works perfectly and easy to use
515,Megann Jones,"April 21, 2016",5," Absolutely the best Subs, Soups in Sioux Falls."
516,Dad Durnin,"May 3, 2016",5,A lot easier Easier than the website
517,Kendall Herman,"April 9, 2016",5,Finally Love the app. Easy to use!
518,TheSmokingMoose,"March 2, 2016",5,"Nice, about time Very easy to use."
519,Nichole Zelaya,"March 15, 2016",5,Making lunch a lot easier! Love it!
520,Chris Serrioz,"April 21, 2016",5,Love it! Glad to have the Goodcents app!
521,Megan Gunter,"March 11, 2016",5,Great! Love it. Easy to use and convenient.
522,Tim Weeks,"May 3, 2016",5,Works well Easy to use and works well.
523,Amanda Vinyard,"March 9, 2016",5, Great food and awesome app!
524,Creighton Coover,"March 4, 2016",5,Great app! No complaints.
525,Jordan Schinstock,"March 2, 2016",5,Nice App Works great!
526,Sarita Mercado,"May 17, 2016",5, Mr Goodcents
527,Caleb Rector,"April 25, 2016",5, Works well
528,Richard Sciachitano,"April 14, 2016",4,Sh9ck Rico
529,Shirley Prater,"April 18, 2016",4,Nice app Easy to use.
530,victoria johnson,"April 8, 2016",4,. Very quick and easy!
531,Melissa Northern,"April 8, 2016",4, Love the app and the food!
532,Ally Luna,"April 25, 2016",5,Love it Easy to use and fast
533,Adam McKeeman,"May 21, 2016",5,Great app Easy to use
534,Carla Helm,"May 7, 2016",5,Good sandwiches Good customer service
535,Jahzlin NeverMorexX11,"March 8, 2016",5,"Simple Simple,  easy,  wonderful"
536,Kalysta Rogers,"March 14, 2016",5, So much easier
537,Jordon Urbanc,"April 25, 2016",4,Works good Convenient
538,Lorna Hudson,"May 20, 2016",5,Great App Get it
539,Gina Miller,"May 17, 2016",5,Turkey club Yummy
540,M Dam Sorensen,"April 26, 2016",4, Easy to use
541,Sarah Rist,"April 1, 2016",5, Love this app
542,Jeremy Barnett,"March 7, 2016",5, Works great
543,Stephanie C,"March 4, 2016",5, Easy to use
544,Kelly LeeAnn,"March 7, 2016",5, :]
545,Jacklyn Clemente,"May 11, 2016",5, Easy
546,Ashley Logan,"April 4, 2016",5, Love
547,Adair McGraw,"May 19, 2016",5, Convenient
548,Sam Smity,"May 6, 2016",5,Love Love
549,ben lueders,"March 9, 2017",3, I would love using the ap while in store and not just ordering ahead .we always eat in store as a family weekly so to use the tons of great reward money we started to have to order our meals.on the drive over. Very obnxouois. Great rewards though.
550,Dave Moock,"August 28, 2016",1," Put in the promo code from snapchat for this app, but the special was not reflected when I went to pick up my order. Uninstalled this app."
551,Brooke Jacoby,"April 7, 2016",1,Stores near me are never delivering And today the store closed early.
552,Jennifer Haase,"February 6, 2017",1, Bring back the punch cards! It's easier and better to use.
553,Colin Crabb,"January 10, 2017",5,Colin Good store
554,Arriana Bose,"November 4, 2016",5,"Great!!! Great service, great people."
555,A Google user,"January 31, 2018",5, It's good yo!
556,Jason Blunt,"April 21, 2017",5, Awesome food and people
557,lisa conway,"May 17, 2017",5, Very easy to use
558,Rick Steineke,"March 5, 2017",1, Sucks
559,Janee' Poe MUA/LE,"October 3, 2017",5, Love it!
560,Jason Payton,"August 17, 2018",5, Easy to use
561,Nyna Harris,"February 13, 2020",4, Great food
562,A Google user,"March 10, 2019",5, great
