index,author_name,review_date,reviewer_ratings,review_body
0,Jade Guess,"January 7, 2020",5, I have never had issues with the app. They have even started including the seasonal grill items. Makes ordering from the grill easy.
1,Lika Ana,"December 8, 2018",2, It didn't work with 6 attemps. Couldn't place order
2,Mary Jane Peterson,"April 11, 2020",5, So Helpful!!!
3,SoG,"February 14, 2018",5, Works out beautifully!
4,Laurie Hurst,"March 15, 2017",1," Unbelievably inconvenient. Only prepared food, no ad, not departments. Installed and app precisely for that purpose."
5,LESLIE CABRAL,"May 6, 2017",5, This app is so convenient for me to order from the deli. Worked like a charm.
6,Patrice Carter,"March 7, 2017",5, Unbelievably convenient.
7,David Moore,"August 13, 2015",4,"Great App! Only problem is that on Android it has a section for Special Instructions, but they don't get passed on to Deli.  I asked the Deli and they said that feature isn't supported and wasn't supposed to be in the app."
8,David Vijay R,"January 7, 2016",5,Excellent app Tried it for the first time today. Worked great. I see that there's no option to select oatmeal. It would be great if you guys can add it.
9,James Coles,"September 2, 2015",5, We all need to eat here..love this place
10,David C,"May 19, 2016",5,Down to earth deli Awesome.
11,Kenneth Marks,"July 30, 2015",5,Awesome app My food was nice and hot and ready when I went to pick it up. Great app and easy to use.
