index,author_name,review_date,reviewer_ratings,review_body
0,Bart Opiola,"March 5, 2020",4, Better organized menu items is a must.... Other than that good work
1,Maria Perez,"April 20, 2020",4, App needs some work but your sandwiches are the best ever love love your food 💖💖
2,Shannon Condit,"March 24, 2020",5, Amazing food every time ! Spectacular atmosphere when the world is not in quarantine.
3,Levi Baker,"April 20, 2020",5, Works great if you're not too high to use it!
4,Stephen Lovett,"April 20, 2020",5, Cheba huts app is fast and easy and very effective during these times
5,Conservative Thinker,"December 5, 2019",5, Easy app to use. Great Sandwiches!
6,tim varela,"April 4, 2020",5," Great App, Great Service, Love Chebu Hut❤"
7,Shawn Strohman,"March 1, 2019",5," always dope food. great staff, they seem to always be happy."
8,Audri Jarry,"December 17, 2019",1, I live across the street from cheba hut and this app doesn't even know it's there. I can't do anything with this app. 🤦‍♀️🤷‍♀️
9,Mitchell Fisher,"June 6, 2019",4," Can't pay at the store, otherwise good app."
10,Michael Casey,"April 7, 2020",5, Straight forward and dope!
11,Brian Pfaff,"October 17, 2019",1," Useless, no online ordering. Uninstalled."
12,Jackson Mergler,"September 1, 2019",1, Online ordering is down - useless
13,Fabian Esquer,"March 24, 2020",5, Never expect anything less these guys are awesome. Amazing vibes great food .🤙
14,Isabel Manriquez,"April 4, 2020",5, Easy! User friendly.
15,Leroy Martinez,"April 20, 2020",5, This place is awesome been eating it since 2010 great place thank you for being around and serving us stoners haha
16,Tri Rowe,"April 17, 2020",2, It sucks. It takes forever to order take out orders.
17,K-Man Tech,"March 27, 2020",5, Got my order and efficient
18,Candy Espinoza,"January 8, 2019",5," best subs in phoenix!! never disappointed,"
19,Ginnina Peterson,"July 30, 2018",4, Just download it so I'm hoping it worked but it was hella easy to use
20,Michael Brian,"April 12, 2020",5, Awesomesauce
21,Nani,"January 24, 2018",1, I waited for my sandwich (Glendale location on Olive) for an hour and a half (I live 0.2 miles away from the store) and then got the wrong order when it did come. The delivery boy also didn't want to give me my change back and made such a big deal about getting me my change? I even tipped him? Just ...Full ReviewI waited for my sandwich (Glendale location on Olive) for an hour and a half (I live 0.2 miles away from the store) and then got the wrong order when it did come. The delivery boy also didn't want to give me my change back and made such a big deal about getting me my change? I even tipped him? Just leaving this here in case someone is downloading this so they can order from that location.
22,aubrey Burns,"March 11, 2018",1, It never works!
23,Zachary Julian,"April 13, 2018",1," When users specify to save the credit card, try saving the credit card."
24,Harry Wendt,"March 2, 2018",5," Good  food, great service"
25,Rudy Murrietta,"March 8, 2018",5, Awesome and easy to use
26,Taylor Pitts,"October 13, 2017",3," The app seems useful, but I wish it had my local Cheba Hut included... Longmont opened one at least a month ago, and it only sees the Boulder location..."
27,Jazzi Bella,"October 3, 2017",5, I love the option to pay the store directly and not have to use a credit card.  Great job cheba hut!
28,Vincent Brautigam,"June 9, 2017",5, Very simple and fast and very great food! Cheba just became my new favorite place to eat!
29,Lynn Hudson,"November 1, 2017",5, Easy to use. Love this place and their food
30,Kasaundra Nowak,"May 20, 2017",5, Simplified including tips to up the game
31,Anny Nash,"July 15, 2017",5, Bombbbbbb
32,Brad Matson,"May 18, 2017",5, Love cheba
33,Tabby Dowling,"September 6, 2016",4,"Change the tax on your website. I love the food here. On the website though the tax says $1.38, but on my receipt the tax shows up as $1.78. That few cents could mean between someone getting an overage charge in their bank account or not. I suggest you fix this immediately. Also the total on the website for my order is different t...Full ReviewI love the food here. On the website though the tax says $1.38, but on my receipt the tax shows up as $1.78. That few cents could mean between someone getting an overage charge in their bank account or not. I suggest you fix this immediately. Also the total on the website for my order is different than what's on the receipt."
34,B D,"January 28, 2017",5," Super easy to use, everything including tip can be paid with by card.  Makes for a quick dropoff.    One thing though, the ""save card to file"" option isnt clear.  Does the light dot on the left mean yes or is it the dark dot on the right?"
35,Josiah Marhenke,"January 29, 2017",4," App needs to tell you if the store is closed or not delivering before you enter your full order. Delivery or pickup option should be first, for that reason. Other than that it's great."
36,Cale Woodward,"March 16, 2016",5,"The other ""Cotton Mouth Cure"" No more stumbling over the phone and picking off black olives at home! Perfect orders, every time. Delicious."
37,Mobile Moments,"April 30, 2016",5,"Never More Pleased The only App I have ever downloaded that actually deserves 5 stars. Love this place and all the people there. Fast, accurate service and the best toasted subs around."
38,Kenneth Marks,"November 20, 2015",5, This is the best app for ordering sandwiches! I ordered and my food was ready by the time I arrived but still nice and warm. I will use this app all the time to order lunch.
39,Hal Jurgensen,"December 19, 2015",5,Always works! It's a great app and easy to navigate with nice thumbnail sized photos of each sandwich with tons of customizations. I only use the app!
40,Jessica Thorn,"December 27, 2015",5,AWESOME! I've never had a bad sandwich from this place and everyone is always super friendly! Love that they now deliver and have this app.
41,Sam V,"April 18, 2017",4, Very good food the app could be a little more user friendly but is easily figured out. Customer  service is amazing
42,Blair Deyo,"May 3, 2016",5,"Ive never reviewd anything before... This app deserves 5 stars, end of story."
43,Destiny Maverick,"December 31, 2015",5,The Best Best sandwiches you can get on planet Earth!
44,M O,"March 6, 2017",5, So convenient. Love that I can save my favorite orders and payment info.
45,Lemar Smith,"May 18, 2016",5, Helps when u have munchies
46,Shaun Patterson,"November 21, 2015",5,Yuuuummmm!! Cant go a weekend without at least 1 order from here!! SOOOO GOOD!!! Super fast and friendly delivery!! GREAT FOOD!!
47,Kat Reece,"October 22, 2016",5, Addiction made easy!
48,Donald Price,"November 21, 2016",5,Cheba Hut Rules Works great
49,Ang Salazar,"May 27, 2016",5, Very easy to use
50,Darla Williams,"September 18, 2016",5, Awesome App
51,Gabriela Gamez,"April 18, 2016",5,"Wonderful App! My co-workers, friends and I love coming here. Cheba Hut always sounds good! So glad they made an app, now we can order ahead of time before our breaks. :)"
52,Michael Voss,"September 27, 2016",5,"Fantastic Wish I didnt have to drive 45 minutes to get it, but its worth."
53,Lizeth Garcia Cortes,"January 27, 2016",5,Love it Love this place and can I can order in less then a 1 minute ❤😍
54,Owen McReynolds,"December 22, 2015",5, Cheeba hut!!
55,ty bappe,"January 26, 2016",5," Love the cheba, live the cheba"
56,Melinda Whitley,"June 14, 2016",5, Great places for stoners 😎
57,Laurie Newbury,"April 15, 2016",5, Best sandwiches ever &lt;3
58,Holton Butler,"January 5, 2016",5,Hella Good
59,kaden Rickett,"March 2, 2016",5, Awesome
