index,author_name,review_date,reviewer_ratings,review_body
0,Erin Berghold,"March 14, 2020",2, Downloaded the app thinking it would be better to access the rewards program and there is nothing there. Need to include that into the app.
1,Kassie Schnefke,"February 22, 2020",1, My local Lions Choice is not available as an option in the app. Very disappointed.
2,Rich Cheney,"January 8, 2020",3, Got stuck twice while processing payment. Had to start order over for a third time
3,Kenneth Cavin,"July 16, 2019",1," Constantly says ""error validating basket"" when trying to check out. The app has never worked for me. I always forget about it until I attempt to place an order. Uninstalling this time..."
4,Jason,"February 11, 2020",1, It wont let you log in but I can log in on web site
5,Raja Reed,"March 20, 2019",5," great app, user friendly love it"
6,L M Hoffman,"July 23, 2019",1," Used to order twice and both times order was wrong. Ordered mac n cheese like we do through drive up and DoorDash, both times got kid size; doesn't happen when in person or through DoorDash. Always get King meal on steak bun, both times was on regular bun. Drinks listed aren't same as in store or Do...Full ReviewUsed to order twice and both times order was wrong. Ordered mac n cheese like we do through drive up and DoorDash, both times got kid size; doesn't happen when in person or through DoorDash. Always get King meal on steak bun, both times was on regular bun. Drinks listed aren't same as in store or DoorDash. Uninstalling and will user or regular methods."
7,Chad Dierkes,"April 5, 2020",3, Really easy to order and customize. Just wish it had Google Pay setup to use when you checkout. No easy way to view rewards either.
8,USA,"April 25, 2020",1, Totally useless. Says no stores in entire State. And I'm actually in the parking lot of one. Don't bother.
9,Sea Lily,"September 7, 2018",5," Works great, food always ready when I show up. Wish there were more coupons but can't really complain about the app."
10,Brian Lewis,"February 21, 2018",4," Very easy to use and order, however it lacks the group order sharing that the website features which I use for work. But as an individual, it does a great job.  I love Lion's Choice!"
11,FoodService Medic,"May 8, 2018",5," I was able to download and use the app right away with no trouble. 
Everything was intuitive and the app is very nice looking. Great job Lion's 
Choice!"
12,Stephanie Guyot,"February 25, 2018",5, Easy to use app for quick ordering.
13,Elaine Sutton,"June 6, 2018",5, Love my Lion's choice and so far love the app.
