index,author_name,review_date,reviewer_ratings,review_body
0,Jason McIntyre,"December 27, 2019",1, Latest update broke app for me. App crashes when trying to set time for pick up. Can't even order.
1,Eric,"March 28, 2020",1, Not in sync with restaurant wait time. 90 minutes longer than pickup time given.
2,Wade McGillis,"March 18, 2020",1," Can't place order for later time, app crashes when you select that option"
3,Breanna Kelle,"March 10, 2020",1, Can't even download the app
4,Edwin Medina,"September 21, 2019",1, They will not allow me to order take out. Says that cannot be prepared prior to closing Time although I tried to order to hours before closing.
5,Tom Lincoln,"March 10, 2019",3," app does not allow you to order gold fever wings. only buffalo, half and half or plain"
6,D'Anne Dawson,"October 22, 2019",5," Never had a bad meal at the ,99 inconcord"
7,Paul Normand,"March 7, 2020",3, Gyy
8,Jason McKenna,"March 30, 2019",5, <3 <3 <3
