index,author_name,review_date,reviewer_ratings,review_body
0,Amber Gale9,"January 4, 2019",1, Very frustrating. constantly crashes
1,DY OH'AR,"March 26, 2019",5, works great and silky smooth on my Pixel 2XL
2,Mike O'Rourke,"February 14, 2018",2," Significant battery drain while idle. Could also use a map/pin drop feature for delivery location instead of entering a long address.   Also, it's not an app problem, but why would you stop delivering at 1:15 PM?"
3,A Google user,"February 16, 2018",5, Super easy to get around and custom your food! What a game changer. The delievery drivers on bikes are super quick too. I love Happy + Hale!
