index,author_name,review_date,reviewer_ratings,review_body
0,Niki Mahona,"December 13, 2018",1, This is the most frustrating app. Bad UX and very buggy. - Please enable search for currency rather than scroll. - Please enable to upload photos offline. - Please enable a kill switch when the app tries to read a receipt for days. - Even the feedback form that the app sometimes ask you to fill out ...Full ReviewThis is the most frustrating app. Bad UX and very buggy. - Please enable search for currency rather than scroll. - Please enable to upload photos offline. - Please enable a kill switch when the app tries to read a receipt for days. - Even the feedback form that the app sometimes ask you to fill out is a joke. The text overlaps and the UX again is just bad.
1,Simon Darr,"October 6, 2019",1, For a tool that has a very limited scope (capturing expenses) you'd think it would at least be good at that. It isn't.
2,Luke Gibson,"October 24, 2018",1," always crashes takes forever, theyve managed to make an app to make claiming expenses harder"
3,AIRLOUS Beltran,"February 11, 2020",5, Ausome eh Oohhhh lles! ⭐⭐⭐⭐⭐
4,WeFish Diario de Pesca,"September 19, 2018",5, Congrats for the investment round of $25M!
5,Carlos Aguilar,"February 18, 2020",5, Es muy intuitiva y fácil de usar. Muy buena opción para digitalizar todo el tema de gastos de viaje. He utilizado la app por un par de meses y no he tenido ningún tipo se problema.
6,ABN,"December 23, 2019",5," Simplifica el meu dia a dia, i això es tradueix en més temps per mi!"
7,Aleksandar Kurjakov,"April 24, 2020",5," App would be much better if you would allow upload pdf form of invoices. Also, speed of recognition is often too slow. Update : function for upload is added, big thanks to developers. 5*"
8,Xavier Zanatta,"October 8, 2019",5, App de gran calidad y muy bien integrada con los procesos internos de mi empresa. Viajo mucho y me ahora mucho tiempo en gestión de gastos.
9,Alejandro Pina,"October 10, 2019",5, Best app in its class. Could not live without it!
10,Jose Luis,"May 9, 2019",1," Fatal. Las capturas fallan la mayoría de las veces. Se queda indefinidamente con ""leyendo datos..."" No es posible eliminar capturas realizadas. Falla el cierre de sesión. No se puede cambiar el idioma. Los campos para introducir texto salen en colores que no dejan ver el texto. Un desastre."
11,Faisal Sami Qadir,"September 11, 2018",1, I just downloaded it today and cannot create a account. The issue it says is cannot create account correctly but never tells me whats the reason of it. Please fix.
12,Greg Muenzmay,"July 24, 2018",1," This app is absolute garbage, I have used on both Android and iphone 
systems and it does not read the receipts at all it has been several hours 
with ""reading data"" . Unfortunately my company requires us to use this 
garbage."
13,A Google user,"August 3, 2018",1," Crashes all time, completely useless"
14,Carlos Albajar,"May 1, 2018",1," Uploads of receips often fails, takes a lot of time and effort to upload 
all receipts"
15,Alex Simonescu,"December 2, 2016",4,Arreglado.. Ahora me deja por fin entrar en la aplicacion y loguearme. Un avance :)
16,Fernando Pereira,"August 30, 2016",5,Nice app Great app to track your daily expenses. Glad it s not necessary to introduce the info manually.
17,Barry Crozier,"May 27, 2016",2,Still trying it out. But so far not great Can expense category language be changed from Spanish? Cannot see where in settings.
18,Daniel España Tarragó,"January 25, 2017",5, I absolutely love this app!
19,Cristian Moreno Accensi,"June 30, 2015",5, Muy util!!
20,robert kakusuken,"June 11, 2014",1, Online acct req
21,CraftyLadyCam,"March 25, 2014",1,Doesn't fill in receipt info for you Only gives 10 free captures per month and doesn't fill in receipt info for you.
22,Sumit Bhatnagar,"October 27, 2013",2,Average Can't be used... Fixed mileage... My company gives rs 10/km not in .3€/ mile. And u don't allow me to change that. The entire concept collapses.
23,A Google user,"November 14, 2016",5," Got this App as my company wanted to automate expense reporting. Easy to use, intuitive, a lot of functionalities...at least for the paying version my company contracted"
24,Juan Gonzalo,"September 4, 2018",1, Unreliable. It crashes most of the time . AVOID it if possible
25,A Google user,"March 28, 2019",5," Muy útil y práctico, una gran ayuda para ahorrar tiempo y dinero en la gestión de los tickets de viajes de empresa."
26,Arnau Guinovart,"January 18, 2017",1," You can't export data, no puedes exportar las dadas"
27,A Google user,"February 28, 2017",5, From the mwc we loved it
28,Frank Atu,"February 13, 2016",2,Work Painting receipt
