index,author_name,review_date,reviewer_ratings,review_body
0,Detroit CPL,"February 3, 2020",1," Pick up works fine, delivery is forwarded to Postmate or another delivery service, no return number.. driver marked delivery as delivered when it was not.. Zoup store has NO access to the delivery person... no accountability at all..not the apps fault but this is a very poor set up.. period.."
1,Keith Lamb,"January 30, 2020",1, Order came wrong. No obvious way within the app to let them know so they can refund the items that were missing. (I'll update the review when/if this is taken care of).
2,nickk05281982,"February 14, 2020",1, Can't verify email with spendgo so can't use crashes too
3,Jason Pero,"December 11, 2019",1," App submitted my order twice, ending up in a double charge."
4,Jason Moreira,"August 17, 2019",5, My favourite soup at Zoup is North Indian Lentil.
5,Wren Johnson,"July 5, 2019",5, Lobster Bisque?!?! #Bruh!
6,Allison Backes,"July 4, 2019",5," a superb soupy time, brethren"
