index,author_name,review_date,reviewer_ratings,review_body
0,Gautam Anand,"March 5, 2020",2, Very unreliable. Frequently freezes at loading screen with spinning circle
1,Justin Chen,"January 16, 2020",1," Can't use back button anymore! That makes navigation much more cumbersome. For some reason, I am unable to view patients in the ICU after recent updates"
2,Ryan Heath,"December 18, 2019",1," Removed ability to use the back button, navigating back and forth through patient lists is miserable now. Please fix immediately"
3,Ira Bachman,"December 8, 2019",1, No longer able to log in on note 10 plus. Authentication error every time I try. Worked fine a few weeks ago.
4,Justin Tucciarone,"December 25, 2019",1, Horrible. No back button functionality now menus are impossible to navigate.
5,John Ioannou,"January 22, 2020",1, Can't log in any more and they can't help me
6,Jay Patel,"December 19, 2019",3, Unable to login in now
7,Cliff Fornwalt,"October 10, 2019",3," Doesn't resize text if you use slightly larger text in Android system settings. Makes most things in the app unreadable unless you downsize your system don't, which I don't want to do just for this app. Samsung Galaxy note 10+"
8,Guillermo Obregon,"August 13, 2019",1," connects and allows log in after set up only once. If app is close, it will not be able to recognize URL and will not log in. Iphones do not have this problem"
9,Caryn C,"November 7, 2018",5, Great way to manage patient care anytime and from anywhere!
10,Kell Relentless,"May 15, 2019",1, downloaded unable to use
11,George Neiderman,"October 5, 2017",3," Still no way to interact. ""View only"""
12,chirag patel,"July 10, 2017",5, Make Healthcare better and it's future of Healthcare
13,Justin Gallagher,"May 31, 2018",5, I love lamp
