index,author_name,review_date,reviewer_ratings,review_body
0,Laura Forrest McVeigh,"April 18, 2020",3," This app is useful but not as functional as the website. I prefer using an app for simplicity when following a recipe, but have to navigate to the website to look up recipe reviews and comments. Another feature that would be great would be if you could make your own notes on a recipe. I often make m...Full ReviewThis app is useful but not as functional as the website. I prefer using an app for simplicity when following a recipe, but have to navigate to the website to look up recipe reviews and comments. Another feature that would be great would be if you could make your own notes on a recipe. I often make my own changes depending what I have in the larder/fridge so it would be helpful to add notes just for my own records."
1,Ben Kelly,"February 23, 2020",5," Works well, but would be very useful if you could read comments/reviews/Q&As on the app. Currently I have to copy and paste the URL into my browser to view them. Also a very slight irritant is the 'sign in successful! Welcome back ___' blocks the menu buttons at the bottom of the screen for a few se...Full ReviewWorks well, but would be very useful if you could read comments/reviews/Q&As on the app. Currently I have to copy and paste the URL into my browser to view them. Also a very slight irritant is the 'sign in successful! Welcome back ___' blocks the menu buttons at the bottom of the screen for a few seconds, so I have to wait for it to clear before I can look at my recipes."
2,Teresa Boreham,"April 18, 2020",1, Soooo Slooooow. Seriously would take ages to load anything. I could do it so much quicker with a search in their website. I have no issue with the content just the speed and the fact it would come up with Error unable to load data despite my wifi being on. Uninstalled and will stick to the website.
3,Warwick Philip Woodhead,"April 12, 2020",3," Edit: uninstalled and reinstalled and its automatically signed me in It's an OK app but it doesn't allow me to read user reviews. There are certain things that I can't search for. When Im halfway through searching, put down my phone and unlock again, the app almost crashes and i have to start over a...Full ReviewEdit: uninstalled and reinstalled and its automatically signed me in It's an OK app but it doesn't allow me to read user reviews. There are certain things that I can't search for. When Im halfway through searching, put down my phone and unlock again, the app almost crashes and i have to start over again. I've also caught the sign out button by mistake and cannot get back in. The website is very slow to load which I suspect is down to the current lockdown. Niggling things only."
4,Emma McArthur,"February 16, 2020",1, Try to log in with facebook. Doesn't work. Try to log in with google. Doesn't work. I just keep getting the box to agree with the privacy issues. I press ok and then my account came and email have already been used. Try to rest the password and again it takes me to the screen asking if I don't have ...Full ReviewTry to log in with facebook. Doesn't work. Try to log in with google. Doesn't work. I just keep getting the box to agree with the privacy issues. I press ok and then my account came and email have already been used. Try to rest the password and again it takes me to the screen asking if I don't have an account I should create one. I'm trying to!
5,A Google user,"April 12, 2020",1," Loved it until an update a couple of weeks ago made it unusable. It wouldn't load any recipes, so I uninstalled and reinstalled the app. Now it will not let me login. Very disappointing."
6,christopher shirley,"March 27, 2020",2," App crashes every time I open it Running on an older device (Android 5.1) but it has always run really well. Now however every time I open the app, it logs me in then immediately shuts down."
7,codsup man,"February 15, 2020",1," Android tablet version is rubbish! Always freezing, don't have access to the comment's, can't select highest rating first, very often it says no internet and can't connect to the point you have to delete app and reinstall. This version is just awful."
8,Octavia Oprea,"April 19, 2020",3," The dishes are amazing but the app functionality is the worse I have met. Ia taking up to 7 seconds to open and load home page and I m always getting errors when I search, like no result or data load fail."
9,Andy Young,"February 15, 2020",4," The app is great. The ads are a little annoying but that's minor. My only real gripe is; does it have to ask if I want to set up/add to a collection every single time I save a recipe? Surely this can be turned off, or at least give me the option to."
10,Rebecca Herbert,"April 6, 2020",1," Have uploaded app and cannot go any further as have not recieved the confirmation email (to a hotmail account). Have tried multiple times. Please address this, thank you"
11,Richard Hanney,"April 18, 2020",3, Works when it feels like it. When it does work and you open it the loading banner stays on for ages over the tabs. Badly designed.
12,Jerry Tracey,"January 9, 2020",3," Didn't receive account confirmation email, and can't even get far enough in to say so. Neither is there any ""resend confirmation email"" option. And yes, I did check my Spam folder, and it isn't there either. UPDATE email finally arrived about 40 minutes later which allowed me to complete my registra...Full ReviewDidn't receive account confirmation email, and can't even get far enough in to say so. Neither is there any ""resend confirmation email"" option. And yes, I did check my Spam folder, and it isn't there either. UPDATE email finally arrived about 40 minutes later which allowed me to complete my registration. The long delay was frustrating, as I wanted to get on and use it. Appears an OK app..."
13,Kat Heaton,"January 14, 2020",1," Love the website, so had high hopes for the app. But to start with I couldn' even get into it. I already had an account, but had forgotten the password. The reset automatically signs you in, but only on the website so you can't find out what your password is. I created a new one (using lastpass) but...Full ReviewLove the website, so had high hopes for the app. But to start with I couldn' even get into it. I already had an account, but had forgotten the password. The reset automatically signs you in, but only on the website so you can't find out what your password is. I created a new one (using lastpass) but the sign in screen on the app doesn't allow you to paste in the password. So I had to write it down, then type it back in. Once in the app there are no search results, I just get errors. Please fix!"
14,Tally Lorens,"February 17, 2020",3, I love the recipes but it really annoys me that you cannot see reviews as the comments on them usually help improve a recipe. Also it often thinks I am offline and won't let me search recipes even though I have 4g/ Wi-Fi.
15,Zool_ 375,"December 16, 2019",2," The BBC good food website allows you to read reviews of recipes and also tips left by people who have made the recipe before. Recipes aside arguably one of the best and most useful features BBC good food. However, this app doesn't allow that it only displays a star rating. Crazy design decision! Thi...Full ReviewThe BBC good food website allows you to read reviews of recipes and also tips left by people who have made the recipe before. Recipes aside arguably one of the best and most useful features BBC good food. However, this app doesn't allow that it only displays a star rating. Crazy design decision! This should have been a day one feature 🤷"
16,Paul Manzi,"December 23, 2019",4," Great app - no comments though. The web site was great and the best bit was reading the comments to work out the good and the bad, but also for how people have varied the recipe which was really useful. Why is this not available in the app as some of the tweaks that people have added really add to t...Full ReviewGreat app - no comments though. The web site was great and the best bit was reading the comments to work out the good and the bad, but also for how people have varied the recipe which was really useful. Why is this not available in the app as some of the tweaks that people have added really add to the recipes. Are we supposed to use the app and the site? That's makes no sense people."
17,Lorraine Zyss,"January 19, 2020",3, Thought I was going mad trying to read the comments on the App ! Now read reviews of the App and realise this is not possible. As others have said reading the comments and substitutions and other changes people have made to the recipes is all part of the process of finding something new to cook. Wil...Full ReviewThought I was going mad trying to read the comments on the App ! Now read reviews of the App and realise this is not possible. As others have said reading the comments and substitutions and other changes people have made to the recipes is all part of the process of finding something new to cook. Will go back to the web based site.
18,John Dunkley,"March 25, 2020",2, It doesn't seem to show the recipes that you get on the BBC food website which is really frustrating. Why aren't they the same? Feedback would be appreciated.
19,Bert Popping,"December 24, 2019",2," Some good recipes - way too many and intrusive ads! Some decent recipes (mind you, I'm saying this about a British recipe collection! 😁). However, the number and size of ads is more than irritating. Not sure if it's worth keeping the app. No option of payment to remove ads."
20,Neil Anderson,"November 30, 2019",1," Like others, can't paste my email and password into the login screen, so no point in wasting any more time trying to go any further. Similar user review took 2.5 months for a response which basically said we'll think about it. Uninstalled. Developers need a user experience tutorial."
21,Dion Pathmaperuma,"January 11, 2020",1," This app had so much promise but 2 days after installing it keeps saying no internet connection and search function doesn't work, when clearly this is not the case. The only way to resolve it is to restart the phone. I won't be doing this so will probably delete if it doesn't get resolved."
22,Heather Royles,"March 27, 2020",3," It's alright, but disappointed the browser-based shopping list features don't seem to carry across to the app."
23,Kirsty Price,"April 18, 2020",1, Tried creating an account using Facebook and 2 different emails but I get an error everytime so it's completely useless as you can't use the app without an account!
24,Scott Laing,"January 19, 2020",3," Good app with great recipes. My only gripe is that the different advert sizes make the page jump up and down, very annoying while half way through cooking. Either use a fixed space for the advert or stop it changing when in cooking mode to stop it shifting content."
25,Dan Clement,"April 20, 2020",1, Apparently i am using the wrong password. I canconnect on the app. But not on the site.... lots of work to be done here and lots of competition out there so...
26,Liz Playz,"February 26, 2020",5," Much better than Tasty app.....i love the website and the app is great shortcut, everything condensed into one handy little app, excellent selection of recipes, layout of app is very simple,i recommend 10/10."
27,Tina M69,"January 23, 2020",5," Great App, loads of recipes and ideas, also recipe mode to keep the screen active. As others have mentioned it would be great to have the shopping list available on the app as it is on the website."
28,orla o callaghan,"February 7, 2020",5," Great app with lots of really great recipes. All organised into categories like healthy meals, family dinners etc. Definitely my favourite app for recipes and I love that I can save my favourites"
29,Big Boss616,"February 2, 2020",3," Very convenient app but cannot give it full stars, it is missing the crucial recipe tips (available on the website) part from the recipes"
30,Isabel Hole,"December 26, 2019",4," Good app, able to read recipes and find recipes easily Would be better if you could read reviews for the recipes. You can see how it has been rated but you are unable to read people's comments like you can online"
31,Katie Chedburn,"February 23, 2020",3," It shows recipes and how ever many stars, but you can't actually go to reviews on the app, which defeats the purpose as msot of the best information is in the comments"
32,A Google user,"October 16, 2018",1," Loaded this app and tried to log in, unfortunately 10 minutes later I'm still looking at the log in page. Undeterred I thought I'll open a new account. Why did I waste my time! After almost 15 minutes I was still looking at the new account page with the progress bar not moving. I'm going back to sea...Full ReviewLoaded this app and tried to log in, unfortunately 10 minutes later I'm still looking at the log in page. Undeterred I thought I'll open a new account. Why did I waste my time! After almost 15 minutes I was still looking at the new account page with the progress bar not moving. I'm going back to searching on line and deleting this app. Very poor especially considering it's the bbc"
33,David Cantello,"April 9, 2020",1, It frequently states that there is no internet connection when there patently and verifiably is.
34,Myfanwy Liddle,"October 1, 2019",3," Love the website, but the app could do with a few improvements. Mainly it rarely synchs properly so you spend ages waiting, and if you add recipes on the website it often doesn't show in the app. Also you can't print from the app, why on earth not? I get that printing is less environmentallly friend...Full ReviewLove the website, but the app could do with a few improvements. Mainly it rarely synchs properly so you spend ages waiting, and if you add recipes on the website it often doesn't show in the app. Also you can't print from the app, why on earth not? I get that printing is less environmentallly friendly, but surely it should be a choice. And finally you can't read the comments in the app! This is a major flaw as the comments are often as useful as the recipe. Please sort this out!"
35,Reece Blair,"December 29, 2019",4, love this app!! would of gave 5 stars but I would really love the option to add the ingredients to a shopping list like the internet version. I hope someone sees this and it can be added in the next update.
36,Grace Law,"April 18, 2020",2," Crashes all the time, won't load stuff nearly every time I open it"
37,James Varney,"December 18, 2019",3, A great way of accessing the recipes. However one of my favourite parts of the website was a shopping list. Why is this function not available on the app?
38,Paul Dowman,"December 30, 2019",2," Riddled with adverts. Not one or two, but loads of them, very disappointing. Prefer the website version, ad blockers on the browser make the website much more useable."
39,Jessica Adby,"September 7, 2019",2," I love the recipes, but the adverts are too large, cover up too much of my screen and slow down the app to a crawl. Sometimes I'm just looking for ideas so it would be good to be able to go to a group of recipes on the search function as well as individual ones. The back button always takes me back ...Full ReviewI love the recipes, but the adverts are too large, cover up too much of my screen and slow down the app to a crawl. Sometimes I'm just looking for ideas so it would be good to be able to go to a group of recipes on the search function as well as individual ones. The back button always takes me back to the the top of the list and it would great to see the comments. Disappointing app...."
40,Kitty Farren,"January 6, 2020",3," I love the recipes on this app but for the past few days all my requests (searches, password reset and cookbook viewing) have timed out making the app unusable. I can't even sign in."
41,Catherine Shipley,"December 27, 2019",4, I love the app but it doesn't have the 'tips' section from the website. Chefs often use that bit to provide side dish recipes so I have to use both the app and the site
42,Damian Johannessen,"May 12, 2019",4," Uninstall, reinstall seems to have fixed things, but it wasn't telling me it needed an update! Previously..... ""It's ok, but not a patch on the website, how difficult is it to share data you already own & control - searched for vegan dishes & it finds 5! If you are not going to try, then don't bothe...Full ReviewUninstall, reinstall seems to have fixed things, but it wasn't telling me it needed an update! Previously..... ""It's ok, but not a patch on the website, how difficult is it to share data you already own & control - searched for vegan dishes & it finds 5! If you are not going to try, then don't bother, I'll just carry on using the website 😕"""
43,Ellie Wheatley,"April 19, 2020",1," Nothing is loading, or syncing and there appear to be no recipes to load"
44,Rebekah Copham,"January 11, 2020",2, The best part of BBC good food are the comments by people who have tried the recipes. The app loses all of the value by not providing access to the comments. I'd rather be on the website.
45,Halil Şen,"January 9, 2019",3," Thanks for your answer. 1- Sorting (by rating, date, type, time name, etc) and filtering (certain ingredients, types of cooking, duration etc) not possible during search and within collections. 2- Comments are not visible and display of ratings is not accurate (no half stars). Let me know if anythin...Full ReviewThanks for your answer. 1- Sorting (by rating, date, type, time name, etc) and filtering (certain ingredients, types of cooking, duration etc) not possible during search and within collections. 2- Comments are not visible and display of ratings is not accurate (no half stars). Let me know if anything is not clear."
46,Виктория Бессонова,"December 2, 2018",3, I like BBC good food as it shows nutrition and calories in the app as well as on the website. Although the app doesn't have the shopping list feature unlike the website. It would make much more sense to have it in the app as people go shopping with phones not with laptops. Also the app could benefit...Full ReviewI like BBC good food as it shows nutrition and calories in the app as well as on the website. Although the app doesn't have the shopping list feature unlike the website. It would make much more sense to have it in the app as people go shopping with phones not with laptops. Also the app could benefit a lot from a filtering system as it was mentioned in other reviews.
47,Lady Lynn,"March 9, 2020",1, Says incorrect password when I try to login into my account. Went to the website with zero issues 🙄
48,opilus,"March 2, 2019",2," I prefer the website! 2 reasons... 1. Less intrusive adverts when browsing and 2. On the website, if I don't enter anything in the search bar, I can browse through all recipes, in the app that isn't the case.. You also can't sort the results (not that I can see anyway). Needs tweaks to make me use i...Full ReviewI prefer the website! 2 reasons... 1. Less intrusive adverts when browsing and 2. On the website, if I don't enter anything in the search bar, I can browse through all recipes, in the app that isn't the case.. You also can't sort the results (not that I can see anyway). Needs tweaks to make me use it over the website!"
49,Katie Jones,"August 27, 2019",3, I like that I'm able to create a saved list of recipes but if you use your normal chrome browser rather than the app then you can also see recipe tips and people's suggestions in the reviews section which I find really useful. Therefore I tend to save a recipe in the app for future reference and the...Full ReviewI like that I'm able to create a saved list of recipes but if you use your normal chrome browser rather than the app then you can also see recipe tips and people's suggestions in the reviews section which I find really useful. Therefore I tend to save a recipe in the app for future reference and then use the website when I cook. It would be much better if the tops were visible on the app too.
50,Siobhan Dennehy,"January 2, 2020",3, Good but missing reviews (most useful aspect of the website) and no ability to create shopping list (or even copy and paste the ingredients list)
51,Friz,"February 3, 2020",1," Gave up on trying to get this app going and now the website is denying access!! Update, success!!"
52,Kara Brizz,"June 27, 2019",3," I find this app really frustrating. Layout and searchability are fine, but not being able to view the review comments is a real drawback: you have been getting this specific feedback from users for years, can't you act on it, please? I end up using the website version just as often to view comments,...Full ReviewI find this app really frustrating. Layout and searchability are fine, but not being able to view the review comments is a real drawback: you have been getting this specific feedback from users for years, can't you act on it, please? I end up using the website version just as often to view comments, and have started getting 'sync failed' messages. My account now has different saved recipes on the app and website versions. I can't find anything anymore. :("
53,donna welling,"September 11, 2019",5," Such a great app! I love cooking but hate getting stuck in a rut making the same dinners every week, I love that every recipe I've tried over the last few weeks have turned out lovely and so far haven't come across any ingredients that I would have to make a special trip to the shops to buy, all sto...Full ReviewSuch a great app! I love cooking but hate getting stuck in a rut making the same dinners every week, I love that every recipe I've tried over the last few weeks have turned out lovely and so far haven't come across any ingredients that I would have to make a special trip to the shops to buy, all store cupboard items and things you would usually have in but the recipes have a twist to them that I hadn't tried before. This app is so easy to use and navigate, with clear user friendly instructions."
54,Darren Stafford,"April 12, 2020",1," Awful can't create an account, like a number of people! I would give it no stars but but possible..."
55,Lisa Taylor,"March 22, 2019",4," I really love the recipes and the app is easy to use. Some improvement opportunities: I can't see recipe reviews on the app, for example. I would find it so helpful to have a weekly meal planning function which automatically generated a shopping list and with a widget as well. All in all a good app"
56,A Google user,"September 27, 2018",2," Recipes take forever to load. Can't read reviews. When I swap between apps/windows, the recipe won't load when I return to the app and I have to go back to the results page and click on the recipe again. Overall an incredibly irritating experience. Best to use the desktop version via Internet browse...Full ReviewRecipes take forever to load. Can't read reviews. When I swap between apps/windows, the recipe won't load when I return to the app and I have to go back to the results page and click on the recipe again. Overall an incredibly irritating experience. Best to use the desktop version via Internet browser."
57,Ben Kirby,"January 9, 2019",5," Social sign in works perfectly now, able to easily search and save any of the wonderful recipes available. My favourite recipe resource. Previous: Unusable waste of time. You can't use without logging in. Google and Facebook social sign in didn't work. Tried to reset password for old existing accoun...Full ReviewSocial sign in works perfectly now, able to easily search and save any of the wonderful recipes available. My favourite recipe resource. Previous: Unusable waste of time. You can't use without logging in. Google and Facebook social sign in didn't work. Tried to reset password for old existing account, got error message saying ""Try again later"". Deleted."
58,Sirus Laia,"October 30, 2018",3, Pleased to find the app as I use the BBC Good Food recipes on the website a lot. I hate that there are adds everywhere. I'd prefer to pay for the app rather than being annoyed by the ads (therefore not 5 stars). The app loads fast and has no issue with search for recipe other users complained about ...Full ReviewPleased to find the app as I use the BBC Good Food recipes on the website a lot. I hate that there are adds everywhere. I'd prefer to pay for the app rather than being annoyed by the ads (therefore not 5 stars). The app loads fast and has no issue with search for recipe other users complained about and I'm on Android Pie (Pixel 2) too.
59,Hester Lyons,"March 10, 2019",4," This seems really good, but it's very little use without being able to see the reviews on the recipes. For that you need to go back to the website... which seems a waste of time. Also I was hoping I could set up a family group for sharing the recipes with, which would have given it the edge over the...Full ReviewThis seems really good, but it's very little use without being able to see the reviews on the recipes. For that you need to go back to the website... which seems a waste of time. Also I was hoping I could set up a family group for sharing the recipes with, which would have given it the edge over the website. Not sure if I'm keeping this yet."
60,Elliott Ayling,"December 3, 2019",3," Decent app, but you can't see the reviews which normally have some good tips in them, so I'll probably go back to using the site."
61,Malcolm Wilcox,"April 18, 2020",3," Good content, but the app seemingly works poorly on android devices"
62,Big Stevey P,"September 24, 2018",2," Agree with others 're logging in! Invalid request notification, try changing password, email received, clicked on the reset link & it tells me I am logged in already? ( but the password being used is incorrect according to app, try to change password but get 'please try later'. Frustrated so deleted...Full ReviewAgree with others 're logging in! Invalid request notification, try changing password, email received, clicked on the reset link & it tells me I am logged in already? ( but the password being used is incorrect according to app, try to change password but get 'please try later'. Frustrated so deleted app & saved link in chrome to home page. Clicked on link & I am already logged in???...spooky eh?...c'mon Beeb..."
63,MaxineJay7,"October 28, 2019",2, Latest update has left this app barely functioning - is my tablet too old to be supported now? Only works for a couple of minutes before it freezes completely so I have to close down and reopen. I used to use it loads but now I hardly bother. It's a shame because I was looking forward to using the n...Full ReviewLatest update has left this app barely functioning - is my tablet too old to be supported now? Only works for a couple of minutes before it freezes completely so I have to close down and reopen. I used to use it loads but now I hardly bother. It's a shame because I was looking forward to using the new function whilst cooking so my tablet didn't turn off.
64,Fiona Horton,"October 18, 2018",1," Tried to search for recipes in this app but even the simplest search term that I've entered (fish, beef, party etc.) returns zero results. If I enter the same search terms on the BBC Good Food website, surprise surprise, it finds recipes for them. Come on BBC, you can do better than this!"
65,Rachel Cortese,"October 17, 2019",4," I love using the website for recipes so I was delighted to find this app it's easier to read than the website when using a mobile in the kitchen BUT why on earth can't I read the tips/reviews??? That's the best thing about the page, it's a really useful tool so it's disappointing."
66,Neil Ralph,"November 5, 2019",3, Great to have access to all the recipes but please add the ability to create a shopping list from the ingredients like you can on the website
67,mark smith,"March 12, 2020",1, App won't sync very annoying as I cant save recipes anymore. Have to.use something else from now.
68,A Google user,"February 21, 2019",1," Dreadful. Three reasons. 1. Adding a new category doesn't work. It claims to have done it but doesn't even set up the new category, never mind putting the receipe into it. 2. You will use your will to live trying to print a paper copy of a receipe to actually use in the kitchen. Pdf doesn't work, pr...Full ReviewDreadful. Three reasons. 1. Adding a new category doesn't work. It claims to have done it but doesn't even set up the new category, never mind putting the receipe into it. 2. You will use your will to live trying to print a paper copy of a receipe to actually use in the kitchen. Pdf doesn't work, print doesn't work. Looks as though gravy on the screen is the next stop unless you have a fantastic memory. 3. Pathetic search facilty. Just doesn't work. Simple as that. BBC Rubbish again."
69,Douglas Hellowell,"February 20, 2019",5, logged in fine using Google account great app! would pay to remove ads if I could - they are a bit annoying. would have also really enjoyed to have a 'vegan only' option (aside from the vegan 'collection') (although I did find some good vegan recipes tagged as 'vegitarian' so maybe I'd lose those if...Full Reviewlogged in fine using Google account great app! would pay to remove ads if I could - they are a bit annoying. would have also really enjoyed to have a 'vegan only' option (aside from the vegan 'collection') (although I did find some good vegan recipes tagged as 'vegitarian' so maybe I'd lose those if I filtered)
70,Kristian Owens,"August 10, 2019",1," The app won't let you login with google or Facebook. when you try and create an account they never send the validation email. I have now seen other users have had the same problem and are being advised to email them directly, why not just fix the problem?! It's definitely not worth the effort."
71,Gary Little,"April 12, 2020",1, App won't let me register or sign in so unable to use it!
72,Molly McG,"September 16, 2018",3," Great app but sign in issues are very frustrating. Kept saying incorrect password, changed and updated twice but still won't let me log in. Why can't you just stay logged in while using the app?! Might as well just go to the website so you don't have to sign in everytime."
73,dsimo32,"January 3, 2020",2, Loads of great recipes but it wont synch with my goodfood online account (which I find easier to search for new recipes)
74,Erin Fitzgerald,"April 11, 2020",4, It can be very slow but the recipes are good
75,Stefan Iseli,"December 15, 2019",1, Can't even register or sign in with Google/Facebook. Nothing happens on button click... So not usable.
76,Garry Frost,"September 19, 2018",2," Well I'd like to give it a good review but I can't, went out today and brought all the ingredients for one of my saved recipient and when I opened the app it just won't work, just keeps saying syncing recipes! Half hour I've been trying to cook, probably easier to just Google what you want to cook!"
77,Joel Armstrong,"December 30, 2019",2," Too many adds. With it being part of the BBC, I thought it wouldn't have any!"
78,Emma Willcocks,"January 25, 2020",4, Its a good app but I wish there was a comment section under the recipies where people can add variations they have tried or at least written reviews so the recipes can be improved
79,cleo Brown,"April 24, 2019",1, impossible to activate. 3 people have checked I am inputting details correctly yet app says no. Then I'm told to validate email which has not arrived. Frustrating! Uninstalled and tried again with different email but still no joy. (different email address but still no validating email) Have installe...Full Reviewimpossible to activate. 3 people have checked I am inputting details correctly yet app says no. Then I'm told to validate email which has not arrived. Frustrating! Uninstalled and tried again with different email but still no joy. (different email address but still no validating email) Have installed another app which works well.
80,Sarahninja8816,"January 8, 2020",5, Absolutely amazing recipes. Full of easy quick recipes if your not a big cook or in a hurry. Also recipes that are full of family warmth.
81,David Hunt,"April 8, 2019",1," I got a pop-up from the website asking me to install the app. Great! I thought, it would be useful to have a mobile friendly version of the website in the app. Immediately after installation I'm presented with a login screen. Nope. Un-installed. Why on Earth is this forced on me?"
82,Nathanael Latham,"February 27, 2019",4," Good app and nicely set out. The only thing it's missing is to be able to read the recipe reviews. In the reviews there are often great tips and additions to the recipes, which is why I still use BBCGF website more then I do the app."
83,Ian Hobbs,"September 27, 2019",5," Love it as it is so easy to use with brilliant food ideas from worldwide,and how many lifetimes would it take to do 10,000 recipes. I passed the app onto a disabled friend who does the cooking as his wife is a very busy nurse. He loves it as he has so much choice for the family.💯💯💯💯💯👍 Thanks f...Full ReviewLove it as it is so easy to use with brilliant food ideas from worldwide,and how many lifetimes would it take to do 10,000 recipes. I passed the app onto a disabled friend who does the cooking as his wife is a very busy nurse. He loves it as he has so much choice for the family.💯💯💯💯💯👍 Thanks for it all. Ian"
84,Joe Lonsdale,"September 8, 2019",3," A pretty lumpy app! No way to print off a recipe without poor formatting and a billion adverts ruining everything (cup cake recipe resulted in 12 pages). The recipes themselves are okay though, at least the ones I've tried, but it's easier to write it down by hand than print it off!"
85,Emma Tully,"October 8, 2019",1, Awful app. Spends ages synching then you cant open your recipes. Won't let me open a recipe I've searched for and kicks you back to the home page. Takes recipes out of my collections when synching. No copy and paste for shopping list. And no sign of forthcoming improvements from the developers. Bett...Full ReviewAwful app. Spends ages synching then you cant open your recipes. Won't let me open a recipe I've searched for and kicks you back to the home page. Takes recipes out of my collections when synching. No copy and paste for shopping list. And no sign of forthcoming improvements from the developers. Better off just using chrome or internet.
86,Jordan Murray,"June 11, 2019",1," So you have to sign up with your email address to use the app, which is fine although I never received any confirmation email, therefore i couldn't use it. I gave it another go, to no avail and have deleted the app. It's a shame as I really like the BBC food website. Not even being able to log on to...Full ReviewSo you have to sign up with your email address to use the app, which is fine although I never received any confirmation email, therefore i couldn't use it. I gave it another go, to no avail and have deleted the app. It's a shame as I really like the BBC food website. Not even being able to log on to the app was a real let down."
87,Lyn Penfold,"November 17, 2018",1," Endless loop if you've got an account but have forgotten your password: the emailed link takes you straight back to the sign in page, but if you've forgotten your password...etc. What a shame."
88,Billy Ingram,"April 20, 2020",1, Doesn't allow autosaved password or password to be pasted into the password box
89,Sam Brock,"November 16, 2018",1," The recipes and the layout are fine...if you have 4 hours to wait for them to load. Unfortunately indicative of every BBC site/app that exists, almost great, but always always, some terrible functionality. BBC, ever heard of software testers?"
90,Emily Meltham,"September 30, 2018",4," It's a decent app, but it runs really slowly on my phone, even when I've just restarted it and even when I'm connected to Wi-Fi not 4G. If it ran quicker, it would be 5*."
91,Joanne Brothers,"August 6, 2019",1, Was really good now a disaster. Now asks me to sign in which I try to do with Google then get a database error message and all my content of 60+ recipes have disappeared. If I log in on windows pc all present and correct. I HAVE TRIED TO EMAIL YOU BUT NO ONE RESPONDS.
92,A Google user,"March 20, 2019",2," Good recipes but navigation around the app is terrible. Once you have clicked into a recipe to view it there is no back button, you have to click home and enter all your search parameters again. Just use the website!"
93,Julie-Anne King,"April 16, 2019",3, I really like this app however not having the reviews on there which are handy for extra tips is a real mistake as for me and many others it's our favourite bit. If this is added then would be a 5 star app.
94,A Google user,"September 17, 2018",5, Love this app! Easy to use. I can't seem to read reviews for the recipes however. That would be great if I could! I just pop on to the website to check usually but would make for a smoother process.
95,Sarah Thomas,"September 8, 2019",1," Why not let people paste a password? I generate the password to logins using a password generator so they are secure and unique and I don't have to remember them. Logging in on this app they have disabled paste for password - why? It's a login for recipes, what is the worst that can happen if I cut ...Full ReviewWhy not let people paste a password? I generate the password to logins using a password generator so they are secure and unique and I don't have to remember them. Logging in on this app they have disabled paste for password - why? It's a login for recipes, what is the worst that can happen if I cut and paste my password?"
96,John Wood,"November 16, 2019",5," Very useful to use and very good offers to be had, also really great recipes for wonderful food."
97,Ron Lightfoot,"April 24, 2019",1, I've had to uninstall and poorly rate this App solely for the reason it wouldn't let me paste my password to log in. I use a password generator which provides me with very complicated intricate passwords. I couldn't be bothered to mess around with it. Sorry BBC
98,A Google user,"February 5, 2019",3," It was good for a while, now it just says could not load data whenever you search something (even if i have wifi). The app is still not working."
99,Gessica Ceravolo,"July 18, 2019",5," Very helpful app, especially if you want to keep an eye on your calories intake. It offers a wide variety of recipes that you can easily find browsing through categories. Would definitely recommend it!"
100,Sarah Green,"March 8, 2019",2, This app is a great idea but definitely needs some tweaks.... priority number 1 is being able to read reviews of recipes. What's the point of telling me there are 40 reviews of a dish but not being able to access them?
101,Tommy M,"March 21, 2019",5, Excellent app with a huge variety of recipes from simple to complex. Directions are clear and easy to follow along with also. Highly recommended.
102,Rebecca Davies,"September 14, 2019",4, Substanial amount of recipes that are easy to follow but app doesn't have the same functionality as the web pages. Frustrating that you cannot sort recipes by top reviewed first plus cannot see comments posted about a recipe
103,Alex Bowker,"October 14, 2019",4," Good app, easy to find recipes. Would be nice to be able to read comments left by other reviewers to see if they've altered the recipe instead of just reviewing a recipe."
104,Chris King,"March 7, 2020",1, Can't create an account using Facebook Gmail or email so can't use the app.
105,David Fletcher,"March 19, 2020",3, Great recipes but the app is so slow at times
106,Steve Hankin,"October 31, 2018",2," Very flaky. Kept failing to auth via Google last week. Now if you login and switch apps it says ""no internet""...But I verified that I do have 100mbps over WiFi currently"
107,Righteous,"September 25, 2019",5," Really good app. Love the recipes as they are straight forward, easy to understand measurements and quick to make! Highly recommended it!!!"
108,Bryan Charman,"April 27, 2019",1, sign in with google or Facebook functions don't work and I'm still waiting for my confirmation email before i can sign in...until then it's a useless app. Just go on the website
109,Louise Chamberlain,"September 28, 2019",1," I wish this app actually worked. It was so full of bugs I couldn't even get in. Repeated cookies notifications on the same page, broken links, and inability to reset password. A real shame..."
110,Daniel Rees,"September 30, 2018",2, This app is so slow. Takes forever to load recipes and searches. And for some reason it takes a lot of power to run the app
111,A Google user,"December 24, 2018",5, Great app so many things to cook. Also it's so easy to follow with all the ingredients listed and the great step by step method on how to actually make it
112,Simon Manning-Press,"April 26, 2019",3," Its ok but could be so much better. Access to reviews is key when choosing a recipe, and ads are too interuptive of the browsing experience"
113,James Burrell,"September 18, 2018",2," Can't login with Google, once I finally got into the app I got errors when searching. Oddly now it's working but some searches never load..."
114,russell burrows,"September 25, 2019",1," Couldn't log in, kept redirecting me back to the beginning, wouldn't take any password, completely useless, just like the BBC really, don't bother trying it, just cut and paste from their website recipes."
115,A Google user,"September 26, 2018",4, Invalid Request when logging in with Google as other users have experienced. Logged in with Facebook instead. Good ideas here though.
116,Angela Chapman,"July 8, 2019",4," I do like this app, but would love option to pay to remove ads, they are starting to become a tad intrusive."
117,Liam Finnigan,"August 11, 2019",3," ok for storing recipes, but not so good for browsing for new recipes. Not as good as the website. Can't see reviews or tips on the app."
118,Claire Cook,"January 26, 2020",1, Can't read comments from others who have already tried the recipes. I'm going to uninstall this app right away and go back to using the website.
119,Steve The Wanderer,"February 16, 2020",1, Not loading recipes even though good fast signal.
120,Sophie Steed,"October 13, 2018",1, Won't let me login either with Google or by inputting my email and password. Therefore app is useless as you can't access anything without logging in.
121,Peter Rhodes,"November 25, 2018",2," Irritating notifications and no easily visible way to disable them. Automatic uninstall from me. If you're a recipe app, notifications should be disabled by default. Obviously not important enough to nag people's attention"
122,Eddie Curtis,"September 30, 2018",3," The recipes are great but everything loads slowly. Please implement caching or work on the app performance, it shouldn't take over a minute to download recipes that I already saved."
123,Nick Abbott,"September 30, 2019",5," This app would be 6 stars if it is had the function to ""copy ingredients"" so they could be pasted into a shopping list. Otherwise very impressed."
124,Cristina Oniceanu,"November 3, 2019",1," It is not working, the log in tabs are not active."
125,Brian Mitchell,"October 20, 2018",1," Can't log in to app, even when I try to reset password the email that is sent has no link. Tried numerous different times an every time the is no link attached"
126,Leon Robbins,"October 13, 2018",1," 1. Why must I create an account to use a recipe app? 2. OK, I give in re point 1. But when I attempt to create an account using my Google account, it errors consistently. Uninstalled after 3 minutes."
127,Chris Robins,"December 24, 2018",1," Confirmation emails never received. Have tried many times and checked to see if has been filtered. Not working, please fix."
128,Pollyanna Hutton,"August 18, 2019",5, absolutely love this app. it's a godsend! can look up recipes when Im shopping and it's great for helping me meal plan.
129,Glevum Owl,"December 15, 2018",1, Loaded quickly and accepted my Google login but search always brings up nothing. Too many intrusive ads. Uninstalled.
130,A Google user,"September 30, 2018",3, The app is way too slow to load recipes. Best take screenshots if you plan to cook something from here.
131,Maria de Kleijn,"March 21, 2019",3, often fails to sync or slow to open. Great when it works though.
132,Oliver Mintern,"September 30, 2018",1," Works occasionally, but recently become unresponsive in the evenings, exactly when you need it!!!!!!"
133,Brianne Singletary,"July 5, 2019",5," had problems with sign in and uninstalled the app, customer service contacted me promptly and resolved the problem immediately. enjoying the app now"
134,Antony Earl,"October 22, 2018",1," Unable to login with Google account, gives error message as other users have reported. No customer support to repair issues. DON'T WASTE YOUR TIME WITH THIS APP RILL FIXED"
135,Rob Seel,"October 4, 2018",5," Always worked fine for me on any device and the recipes are easy to follow and are, least the ones I've tried, really good!"
136,bradley saunders,"April 18, 2019",4," pretty good app. would be an improvement if the shopping basket tool was included in the app, future improvement maybe."
137,Kev In,"October 7, 2018",1," Cannot login with Google, useless as I have recipes stored from when I had iPad ( iOS app has no issues);fix please"
138,Linda Grace,"March 23, 2019",5, Loads of lovely recipes. Easy to search and save them in folders.
139,Philip Graham,"October 26, 2019",5, Great app.. useful to have an option to prevent the tablet ftom switching off while cooking. And I like being able to create and keep my own collections
140,Pat O,"February 2, 2020",2," I don't like to feel forced to create an account just to try the app, this should be optional"
141,Eduard BP,"June 16, 2019",1," As ither mentioned, it's not possible to log in, tried both Google log in and Facebook and neither button does anything."
142,Laxi Khatri,"October 11, 2018",1, Just waste of time. Can't use without login. And login is not working. Uninstalled the app.
143,A Google user,"October 1, 2018",5, Fantastic resource. Highly recommended. The best cooking app and website. Thanks Beeb.
144,Mark Cook,"January 26, 2019",2, Disappointed to find ads all the way through it especially as it's associated to the ad free BBC. Deleted.
145,Lisa Jones,"March 23, 2019",2, deleted after 5 minutes because all it did was freeze or take ages to load. Website is far less hassle
146,Chris Brown,"December 16, 2018",1, Yet another app that doesn't allow the pasting of passwords during registration. Uninstalled immediately.
147,Don McVinnie,"October 18, 2018",1, Terrible app. Full of bugs rendering it useless. Really poor from the BBC.
148,piotr krawczak,"February 14, 2019",1, unfortunately the app keep telling me there is no internet connection and freezes while internet works perfectly.
149,Jo Fleming,"October 9, 2019",4, Great app but a shame you can only rate the recipe and can't read comments made by other users who have made the recipe and suggest tweaks like you can on the website
150,Bonnie Hemmings,"October 1, 2018",2, Unbelievably slow to load up the recipes. Such a shame as if this app worked properly it would be so useful.
151,Lauren I,"February 16, 2020",1, Can't even make an account or log in? Such a shame
152,Carla Solheim,"April 9, 2020",5, I love the easy way to plan menus
153,Daniel Hodgson,"October 21, 2018",1, Can't log in using Google. Just get 'invalid request'. Useless!
154,Daz Gregory,"January 6, 2020",1, Completely stopped working. Pointless battery drainer.
155,Jamie P,"October 1, 2018",1, Takes ages to load recipes and always crashes - terrible especially as it's from the BBC!
156,R G,"October 6, 2019",2, chrome version is better. unable to make a list of ingredients or see tips.
157,theMechanic 123,"March 29, 2020",4," Very good and helpful, healthy eating"
158,Belinda Dickins,"October 8, 2018",1," Used to love this app, but now crashes within 30 seconds every time it opens"
159,72tk72,"January 14, 2019",1," awful, created an account and can't sign into the app. reset password and keeps saying incorrect password. given up and deleted!"
160,Steve Calder-MacPhee,"September 21, 2018",2, Can't sign in with Google and when I try sorting an account it won't let me create a new password..... I think I'll just go buy a cookbook
161,Reece Morris,"June 21, 2019",4, really good app for looking up recipe's but would like to see the add the shopping list/add to basket feature added to the app
162,Alex,"February 14, 2019",4, The app works well for me but it definitely needs reviews/comments and tips available to view like on the website
163,Greg Steele,"December 26, 2018",1," Sign in screen none responsive, forgotten password email never comes. Sadly it's broken."
164,Emma Higgins,"January 26, 2019",1, Sign in with Google not working. Can't get into my recipes at all anymore.
165,African Tembo,"November 6, 2018",1," Every time I open a recipe it shuts down, I've since deleted it and use other apps for recipes"
166,Catherine Biggs,"September 16, 2018",5," Love the app, use it everyday. Wish I could see reviews of recipes or can I just not find them?"
167,Rebecca McKay,"December 16, 2018",5, There's a meal for everyone on this app. Perfect for being on a budget as well.
168,Kylie Soal,"March 5, 2019",3, One of the main reasons I love BBC good food so much are the reviews. The app doesn't show any of the reviews. Will stick to the website.
169,Phil Renwick,"August 19, 2019",1, Way too many adverts interrupting recipe searches. i uninstalled the app and will use the website instead.
170,Bradley Tate,"April 19, 2020",1," Doesn't work, never loads."
171,Charlie McKenna,"October 1, 2018",2, It's so slow. It would be great if it was about X10 faster!
172,Peter Nichols,"September 14, 2018",1, Can't login with Google as just get invalid request. Instant disappointment and uninstall.
173,Matthew Little,"October 27, 2018",2, Buggy. Need to shut app down in order to use it again and it crashes allot
174,Louise Moore,"June 21, 2019",4, I love the app. but would be a 5 star if it showed the reviews and the tips like the website.
175,Paul Muxlow,"August 5, 2019",2, Average at best. No print function. so unless you like your technogy in the kitchen dont bother
176,Cara Verlac,"August 13, 2019",3, Nice layout but doesn't save the recipe half of the time so defeats the object a little bit.
177,Bernard Fildes,"April 3, 2019",5, Great for storing recipes you like to keep at hand.
178,E R,"December 17, 2018",4," Please make a built in shopping list, would make it even better"
179,Ana Gomez,"September 24, 2019",3, I love BBC good food but it is frustrating not being able to see receipe review comments on the app as this means that I always have to use the web version
180,Dekim Ken,"July 25, 2019",3, it's a good app but could be a bit better adding more recipes like Chinese food
181,Richard Dobbie,"June 23, 2019",4," Hi BBC Good Food, I had a question about advertisements on this application. being funded via the BBC should mean that no advertising in any media. Can you explain why I am receiving advertisements on this platform? regards"
182,Callum Evans,"November 24, 2018",3," Decent app, would like the ability to view and write reviews though."
183,2ina10t,"December 3, 2018",2," Everytime I tried to log in it wouldn't recognise me, even after resetting my password! 😞"
184,Christian Rickert,"September 6, 2019",1, Only works with an account. So you pay with your privacy. 💩
185,Christov B,"September 26, 2018",1," Be nice if the app worked. Terrible reliability, as others have said. On the one time it worked it was great."
186,Theresa Tallack,"September 23, 2019",5, Love this app. Recipes are great and easy to find.
187,Joan Hill,"October 24, 2019",1," Cannot search for recipes, search box is useless!!!"
188,fred read,"March 10, 2019",2, this app wont download recipies then the screen goes back to home screen have uninstalled and reinstalled still not working
189,Rafael De Souza Pinheiro,"December 30, 2019",5," Fantastic recipes ,multicultural dishes very tasty!!"
190,JoJo Bromley,"April 22, 2019",5," Good , easy to understand . made some great food using this app worth getting."
191,Jake R,"May 30, 2019",1, Have to login or create an account - this seems totally unnecessary.
192,Tomas Prochazka,"September 22, 2018",1, Sign in with Google does not work.
193,Louis Taylor,"April 19, 2020",1, Doesn't load most of the time
194,Gordon Mc72,"February 23, 2019",5," Great variety, easy to follow."
195,A Google user,"January 17, 2020",3, Its good app only downfall is it crashes quite a bit
196,D K,"October 4, 2019",5, Great to have all favourite recipes in one place.
197,Saaz,"August 26, 2019",5, Great food recipes for almost any verity.
198,Katherine Saunders,"January 15, 2020",5, Good app. Good food recipes 😋
199,Ian Baked Bean,"April 15, 2020",5, Great app lots of good ideas
200,Chris Tilley,"January 6, 2019",1," Broken, sign in never works no matter what sign in type I use"
201,Felix O'Keefe,"June 26, 2019",4, Where is the print option. I would like to be able to print to Google cloud print.
202,A Google user,"February 11, 2019",5, best app for recipes that I've come across.
203,Phil Gladman,"January 13, 2020",5, Excellent and my go to place for all my recipes!
204,Julia Gray,"March 11, 2020",5," Great app,great recipes"
205,Helen Cadman,"September 30, 2019",5," Thank you for the cook mode, drives me mad when phone goes to sleep."
206,Pud,"January 13, 2020",1," No way of turning off notifications, uninstall as I don't want spam"
207,A Google user,"October 8, 2019",1," Dreadful, couldn't sign up or log in waste of time"
208,A Google user,"February 28, 2019",1, too complicated..I don't need all this security for cooking app can't be bothered
209,Norse ko,"July 21, 2019",5," some great ideas, and healthier choices."
210,Ian W,"April 17, 2020",5, Best recipe app out there!
211,Robert Bird,"June 13, 2019",5, Favourite food app easy to use great recipes
212,Mandy Greed,"March 13, 2019",4, I always can find recipes on this website
213,A Google user,"September 16, 2018",1, Not letting me sign in or register.
214,Nicholas Ashe,"February 17, 2019",1, does not show the recipe tips which appear on the website.
215,Gregory Hulu,"December 13, 2018",1, Can't sign in with google.
216,Simon Green,"February 2, 2019",4," Good app, but shame you can't see other users comments."
217,Christina C,"November 25, 2018",1, Could not log in or activate account.
218,P W,"March 23, 2019",1, The BBC with ads?... No thanks.
219,Kristina Moorthy,"April 18, 2020",5," I like the recipe, are excellent"
220,Jenn Ngotho,"April 24, 2020",1, I am unable to sign into the app.
221,Visionary Blinds,"October 13, 2018",1, Doesn't work. Cannot log in.
222,Nick Ophoff,"September 28, 2019",1, No option to add notes? Seems a basic requirement for a recipe app
223,Scott Simpson,"January 11, 2020",5, Easy to understand recipes
224,A Google user,"January 6, 2019",1, deleted immediately as soon as downloaded-why would I want to sign in just to see recipes?
225,sarah sack,"March 12, 2020",2, Can't get any reviews on app at all which is what is most useful so uninstalled....
226,Andrew McNeill,"October 15, 2018",1, Couldn't sign up or sign in. Why force sign in?
227,Livia Webster,"October 2, 2018",1, Can't log in. Doesn't let me change password.
228,Carl Hammond,"November 22, 2019",2, Can't paste into password field on Android
229,Philip Spicer,"February 6, 2019",1, Still waiting for a confirmation email...nearly two days now!.....
230,paul beckett,"February 19, 2019",5," Great app, any plans for adding family members to keep recipes in one place?"
231,Juanita Jaramillo,"September 23, 2018",2, Can't open recipes anymore
232,Julie Adams,"August 27, 2019",5, I've made loads of recipes from this app I love it
233,Tia Mooney,"September 14, 2019",5," Honestly some other apps have more options, but there is some gold in here I can't live without"
234,hawa,"February 10, 2019",5, Good app for cooking and baking
235,Stu Sklinar,"March 14, 2020",1," Had to sign in, immediate no."
236,Adam Stockman,"July 27, 2019",2, quite often tells me I have no internet connection when I do??
237,Kevin Murfitt,"April 19, 2020",1, Cant register using any method
238,Steph Carter,"November 27, 2019",4," Good app, but I wish I could see the reviews ☹"
239,leslie james,"November 28, 2018",5, Has great recipes
240,Karen McAulay,"April 1, 2020",1, App would not link with Alexa
241,marcelina cisek,"December 17, 2018",1, App is closing constantly
242,Colin Ritchie,"December 19, 2019",1, Opens and crashes.
243,Dean Kerma,"July 12, 2019",5, many creative recipes
244,A Google user,"April 6, 2019",1, unfortunately this app doesnt send me a confirmation email so i cant use it
245,xiTzx Sharky,"December 24, 2018",4, Needs a print option
246,Tom Watkins,"September 30, 2018",1, So slow to load content its actually useless.
247,Akankshya Kar,"February 14, 2019",5, Good and helpful app
248,Perry Mitchell,"November 11, 2018",3, Advertising is a pain
249,Pauline Landers,"April 12, 2019",5, top quality recipes
250,Leo Chan,"October 20, 2018",1, App needs some serious updating
251,Neil McDonald,"January 14, 2019",3," can only cope with one ingredient, not three like the web version"
252,nicholas lake,"June 28, 2019",1, too time consuming opening account
253,Janis Frantz,"December 15, 2019",5, My boyfriend is British so it's nice for me to be able to surprise him with a dish from home from time to time.
254,Amy H,"April 18, 2020",5, Go to place for recipes
255,frankson kumar,"April 19, 2019",1, not working please don't download this app
256,B Horrocks,"March 19, 2020",1, I'm only giving it a warm because I haven't used it yet
257,John Swift,"April 18, 2020",1, Didn't work. At all.
258,Amorthea Scholtz,"October 15, 2018",5, I love it I can cook for my family and and learn new food
259,heshan martis,"April 24, 2020",5, It's awesome
260,Debbie Walters,"June 28, 2019",3, Why can't you see review comments?
261,tamia Alyssia,"April 15, 2020",3, Tooo long to down load
262,Isabelle Kilbey,"March 14, 2020",5, Love this app
263,Kahren Quickenden,"July 4, 2019",5, rely on it for ideas for food
264,EBINU GERALD,"March 18, 2019",5, thanks for your help
265,Khaled Alansary,"July 4, 2019",3, Can't find the tips‼️
266,Marge Rose,"April 25, 2020",1, Can't get on to this app at all. Just sits and looks at me
267,William Baker,"November 3, 2019",5, So useful!
268,Rhys Williams,"April 13, 2020",4, Very useful!
269,al morris,"January 2, 2020",5, Mostly excellent.
270,Isabel Isabel,"March 27, 2020",5, Noice
271,Tim Solan,"December 17, 2019",5, Good
272,Paul Garrett,"January 2, 2020",5, amazing
273,Alexis Robinson,"April 7, 2020",4, Excellent
274,pink skin,"April 23, 2020",5, Love it
275,Shona King,"September 30, 2019",4," The app will not recognise my internet connection anymore. Love the website, app was great when it worked"
276,Mini Life,"January 22, 2019",5, Great app
277,David Smith,"July 16, 2019",5, The BEST
278,GAURAV BASRA,"May 14, 2019",5, awesome.
279,Calum Ronaldson,"March 22, 2019",5, awesome
280,Jacqueline Palmer,"September 25, 2019",5, Great
281,Robert Grannells,"October 30, 2018",4," No longer crashes on Android 9 Pie. Still not the nicest app though. It works, but is a bit slow and clunky."
282,Nathan Barker,"November 1, 2018",5," Note to Devs: app force closes when selecting a recipe. Using Google pixel 2 on Android 9 pie - production, up to date security patches. Not a rooted device. Please can you fix this. Thank you. Update. 01/11/18 app now works. Thank you BBC devs."
283,Mark Harrison,"November 5, 2018",4," Looks like the recent problems with Android 9 have been fixed, thanks!"
284,Glynis Watt,"October 8, 2018",5, Yum
285,A Google user,"October 14, 2018",5, Great
286,Lorrina Doyle,"December 8, 2018",5, Love it
287,S J,"September 1, 2018",4," Good app, the only thing that's really annoying is when you go into a recipe and then press back, it takes you right back to the very top of the recipe list which obviously is very annoying, you then have to scroll back through them all to find your place again"
288,A Google user,"August 29, 2018",5," I love the app and can't wait to try cooking some of these dishes. I would love it if the app had a personal section were we can keep a diary and add photos of the dishes we cooked, and perhaps a tick box for when we've tried the dishes that are saved in our cookbook"
289,Dave Green,"August 28, 2018",5, Works like a charm since last update
290,Josiel Souza,"August 28, 2018",5, Since the update the app is working as expected. Thanks BBC
291,Neil Travers,"August 19, 2018",1," Requires a login! What on earth for? And the point is, a login should  always be optional for this sort of app, absolutely no need to force people  to have an account. uninstalled.  Response to BBC response.  I don't see that any of that requires a login.  Search and offline certainly doesn't and ev...Full ReviewRequires a login! What on earth for? And the point is, a login should  always be optional for this sort of app, absolutely no need to force people  to have an account. uninstalled.  Response to BBC response.  I don't see that any of that requires a login.  Search and offline certainly doesn't and even save and sort could be done anonymously, tied to the device, with an account being optional if you want to see the saved items on another device.  Forcing a login seems just so bizarre."
292,Mikey Ward,"August 1, 2018",4," So the app works amazingly well and I will be using it a lot. The main 
issue I have with it is the lack of a comments section. Being able to read 
people suggestions and changes to the recipes is one of the best things 
about having online recipes and it would make this app so much better. When 
a ...Full ReviewSo the app works amazingly well and I will be using it a lot. The main 
issue I have with it is the lack of a comments section. Being able to read 
people suggestions and changes to the recipes is one of the best things 
about having online recipes and it would make this app so much better. When 
a recipe looks good but has a low rating I want to know why it didn't work 
so I can make changes and learn from others mistakes. Please add this"
293,Luke Roberts,"June 2, 2018",1," Used the app for about 1 minute before it crashed opening a recipe. 
Reloaded and attempted to open the recipe again and crashed. My advice to 
anyone looking to use good food for a source of their recipes. Open the 
website on your phone and add it to your home screen so its always 
accessible. you...Full ReviewUsed the app for about 1 minute before it crashed opening a recipe. 
Reloaded and attempted to open the recipe again and crashed. My advice to 
anyone looking to use good food for a source of their recipes. Open the 
website on your phone and add it to your home screen so its always 
accessible. you'll get better results than this non QA'd, non tested app 
poor excuse for an app."
294,Clinton Millard,"August 9, 2018",4," So the app works well, I can access my saved recipes quickly and easily. 
One problem, and it's quite a big one for me.. You aren't able to view the 
reviews or comments on the recipes meaning the suggestions and tips are 
inaccessible. Bit disappointed in that!"
295,Russell A,"August 12, 2018",4," Why display the total amount of customer reviews per recipe but then have 
no way to actually read them! You have to go to the website to view the 
comments, which then makes the app pointless! The app should have the same 
functionality as the web site."
296,Georgia R,"May 26, 2018",3," Not sure why, but it is always apps created by the BBC that constantly 
crash. I've had this particular app 20 minutes and it's already crashed on 
me 3 times. I've had the same experience with iPlayer as well. Frustrating."
297,Simone Cowdery,"August 27, 2018",3, Great recipes and worked brilliantly before I got a new phone. Now the app crashes everytime I want to look at a recipe. Not helpful. Being able to see the comments on recipes would also be great.
298,A Google user,"August 18, 2018",4," This app would be perfect IF you could view the comments. As lots of others 
have commented, the comments are incredibly valuable and not being able to 
read the suggestions and advice from reviewers is a huge problem. I still 
use the web version because of this. If this was fixed, I would probably...Full ReviewThis app would be perfect IF you could view the comments. As lots of others 
have commented, the comments are incredibly valuable and not being able to 
read the suggestions and advice from reviewers is a huge problem. I still 
use the web version because of this. If this was fixed, I would probably 
only use the app version. Please please include this in an update soon, and 
make this a 5 star app."
299,Khadijeh Hedges,"June 23, 2018",1," I unticked all the options that I could when signing in through Facebook. 
The app complained that it needed those options but wouldn't let me edit 
the tick boxes! Absolutely useless. Why would it let me unchoose options 
that don't allow it to work and why do I need to be signed in when the 
websi...Full ReviewI unticked all the options that I could when signing in through Facebook. 
The app complained that it needed those options but wouldn't let me edit 
the tick boxes! Absolutely useless. Why would it let me unchoose options 
that don't allow it to work and why do I need to be signed in when the 
website works with out the need for an account"
300,Henry White,"August 14, 2018",1," Crashes whenever I try to view a recipe. I know it's a known issue with 
Android 9 on the Pixel, but you should have been able to regression test it 
on the pre-release Dev versions rather than waiting for user reports. How 
you've made a simple browser app that crashes when loading a page, I'm not ...Full ReviewCrashes whenever I try to view a recipe. I know it's a known issue with 
Android 9 on the Pixel, but you should have been able to regression test it 
on the pre-release Dev versions rather than waiting for user reports. How 
you've made a simple browser app that crashes when loading a page, I'm not 
really sure. P.s. not really expecting a response since there's not a lot 
you can do about it for now, this is more of a warning for others."
301,Billy Davies,"August 27, 2018",1," Could be brilliant, but just doesn't work right now. No longer loads recipe's. Tried reinstalling app, can't login now. Service unreachable apparently. App is too flakey to be useful in it's current state."
302,Alistair Scott,"August 17, 2018",1," Crashes out of the app as soon as you try and access a recipe. The same 
problem as numerous users have already highlighted in other reviews of this 
app."
303,Mark Humphries,"August 25, 2018",3, Previously this app worked brilliantly. But since moving to android pie the app auto closes when opening any of the recipies. Fingers crossed an update comes out soon and I can update my rating.
304,Mark Griffiths,"July 9, 2018",2," Spammy notifications, forced to have an account rather than as an option, 
no comments shown. The website is much better, just bookmark that instead."
305,Janet Davies,"August 17, 2018",4," Good app which I have been using quite a bit. Then my phone upgraded itself 
to Android 9 yesterday and now when I try to open a recipe the app just 
crashes."
306,Matt Hall,"August 12, 2018",1," Worked fine until recently. Now it crashes when I try to load a recipe 
(running android P on Pixel 2 XL)"
307,Karen Leech,"July 2, 2018",2," I use the website all the time, I also rely on the comments and feedback on 
the recipes from the community - you're not able too via the app. Shall be 
uninstalling."
308,Darcy Corbett,"May 29, 2018",2," Not a terrible app - everything they have works well however the lack of a 
shopping list feature makes it significantly worse than just using the 
website so I'm afraid it's an uninstall for me"
309,Dave,"June 24, 2018",2," No better than using a web browser and no print function. I can print from 
Chrome though. Kind of, what's the point in it really?"
310,Japjeet Suden,"July 31, 2018",5," Wonderful app, simple and easy to find what I'm looking for. Some things I 
hope to see in future updates are the ability to save whole collections 
already made by the BBC, such as the student dishes collection, and more 
nutrition information such as cholesterol, vitamins, calcium, iron, etc."
311,Caroline Kane,"July 20, 2018",2," Was okay at first. Really disappointing that you can't read or leave 
reviews of the recipes. But lately I've incountered a problem where half of 
things wouldn't load, and I couldn't access categories anymore (can't 
remember what it would say exactly), so I tried reinstalling it, but now 
I'm comp...Full ReviewWas okay at first. Really disappointing that you can't read or leave 
reviews of the recipes. But lately I've incountered a problem where half of 
things wouldn't load, and I couldn't access categories anymore (can't 
remember what it would say exactly), so I tried reinstalling it, but now 
I'm completely unable to sign in. It's a shame as there are so few good 
recipe apps."
312,Hughes Kodi,"August 16, 2018",2," Really good recipes but the app keeps on crashing whenever I try to select 
a saved recipe. This is quite disappointing!!"
313,Jenny Sjöström,"June 11, 2018",2," Crashes every time. Totally unusable. Such a shame as I love BBC Good Food. 
I hope you get it sorted soon."
314,Alex Clark-Michalek,"June 6, 2018",3," Great app and really useful for using your account fully but being unable 
to view reviews is a massive down side"
315,A Google user,"August 10, 2018",1," Has stopped working on Pixel2 after Android 9 Pie update. Unusable as it 
closes when I select a recipe"
316,Love Little,"August 27, 2018",1," It don't work i search for a recipe and it says you have none but i just found the recipe on your website and saved it to my favorites but it's not on my favorites in the app and apparently you have over 10,000 recipes apart from anything i look for"
317,Matt Porter,"August 14, 2018",2," Tried to view a recipe and the app kept closing on me. Cleared cache and 
storage to try and clear problem. Couldn't login with username and 
password. Tried forgot password and attempted to input new password, 
website just tells me to ""try again later!"" Something seriously wrong here."
318,Ollie Morgan,"August 27, 2018",2, It's very slow and often crashes and you can't see recipe tips on the app but you can via Chrome; you're better off using it on the web.
319,Ben Tweedy,"August 22, 2018",1, App is unusable on Android P. Just force quits and closes when trying to open a saved recipe. Useless
320,Andrew Drayton,"August 13, 2018",1, Crashes every time I click to open a recipe. Google pixel running Android P.
321,Zowie Zowie 23,"May 28, 2018",1," I miss wrote my password and they send a link but the app don't want to 
open it nightmare"
322,Eddy,"August 20, 2018",2," Used to be good, now crashes every time I try and open a recipe....so it's 
useless!"
323,Jonny Phillips,"August 21, 2018",3, Keeps crashing like a total digital bastard. Please patch.
324,Sabrina Duggan,"July 31, 2018",3," Ok app, would be a big improvement if when you view an item then return 
back to the list that you returned to where you were rather than back at 
the top of the page."
325,Claire,"June 16, 2018",1, Unfortunately crashes as soon as I try to view a recipe.
326,Emma Pocklington,"June 14, 2018",1," I couldn't even get past the sign in page. It just kept redirecting me to 
the website."
327,Sophia Mina,"August 24, 2018",1, Crashes every time I try and open a recipe
328,Paul Lynch,"August 4, 2018",3," Would score the app higher but for the fact there are no recipe comments 
and there is no print option. Especially a problem when both are readily 
accessible on the website."
329,Kirsten Hollister,"August 25, 2018",1, It allows me to login fine but when I go and click on a recipe in the app crashes back to the home screen.
330,A Google user,"August 9, 2018",1, Crashed every time I tried to open a recipe....
331,STEVE CLARKSON,"June 10, 2018",4, Great app for recipes but how do you print them off ???
332,Lucy Shudall,"August 19, 2018",1," I used to love this app but it won't let me open any recipes using Android 
Pie on Pixel"
333,Gareth Evans,"August 14, 2018",1, Crashes as soon as I open a recipe
334,Jack Beadle,"July 2, 2018",1, Crashes when you try to open a recipe
335,Craig Hynes,"August 13, 2018",2," The app should be fantastic, however it keeps crashing when trying to open 
recipes."
336,Thomas Kemp,"August 5, 2018",4," Good app, but it really needs notes/comments on recipes. Without this it's 
basically useless!"
337,Emma Walker,"July 29, 2018",3," Good but drains battery, might have to uninstall if it continues to do this!"
338,A Google user,"August 27, 2018",1, Sign-in didn't function. Couldn't even get the basics right. Poor.
339,Stewart M,"August 14, 2018",2, Great app if it works. App closes at the point of opening a recipe?
340,Edel Quinn,"August 9, 2018",5, Love this app and all recipies so easy to follow.
341,A Google user,"August 11, 2018",4, I think this apps will work and I will be using it
342,Stella Chidavaenzi,"January 1, 2020",5, Very helpful
343,Rosey Capewell,"March 20, 2018",4, It's a great app the only reason I give 4 stars is because I think you should be able to give a comment on your review so if someone feels the recipe isn't quite right the next person can tweak the way they make it... if they choose to... in a way that has been recommended to them via the review sec...Full ReviewIt's a great app the only reason I give 4 stars is because I think you should be able to give a comment on your review so if someone feels the recipe isn't quite right the next person can tweak the way they make it... if they choose to... in a way that has been recommended to them via the review section
344,A Google user,"March 18, 2018",4," Great app when it works, but I find it keeps crashing after a few minutes use on my Samsung Galaxy S5 which is mildly annoying. Other than that, there's loads of delicious recipes and easy to follow instructions. BBC is always my first point of call when looking for new dishes to try. Thank you!"
345,N O,"April 15, 2018",2, Hmm. Disappointing. I wish it'd remember your food preferences or intolerances so you  can search for appropriate recipes more easily. I'm not a huge fan of the page format. The recipes look good though and scrolling through is pleasant
346,Kerry Klein,"April 8, 2018",1," Downloaded the app as always use BBC good food recipes on my internet explorer. This app won't allow me to log in even though I've followed the link in the email. Waste of time, tried it numerous times and still won't work. Uninstalled."
347,Julia Wilson,"April 25, 2018",3," Brilliant, except... you can't read the reviews! I can't imagine why the 
developers showed the stars but disabled the comments. Because of this I've 
gone back to viewing the recipes via Chrome and will keep doing so until I 
can see what people say about the recipes. What a shame."
348,Rhiannon Rowe,"April 2, 2018",4, It's such a shame that this app doesn't have the recipe review comments that are on the website. I am a regular user of the website and find the comments invaluable for tweaking. Please add this feature!
349,A Google user,"April 14, 2018",4, Very useful especially easy access to favourites and placing them in collections. However I can't seem to be able to find some of the recipes that are on the website when using the app
350,Lucie,"April 4, 2018",4," Enjoying the app, quick and easy to find tasty recipes, however even though the recipe rating shows, I don't seem to be able to view the actual reviews and have to go to the actual site to see this which makes it a bit annoying."
351,A Google user,"April 20, 2018",4," The recent update switches on notifications by default. If you then open 
the app to disable them, you are forced to create an account and/or sign 
in. At this point you find that there is no option to control notifications 
via the app - neither is this option available when signing in via the 
web...Full ReviewThe recent update switches on notifications by default. If you then open 
the app to disable them, you are forced to create an account and/or sign 
in. At this point you find that there is no option to control notifications 
via the app - neither is this option available when signing in via the 
website. Seems like a sneaky tactic to get people to create an account, or 
at least a poorly designed user experience."
352,Niall Maher,"March 20, 2018",1, Started off great and then just stopped working. Can't sign in and can't search for recipes so basically useless now
353,A Google user,"March 25, 2018",1, Way too many ads. It's better to use mobile version of the website than this app.
354,Josh Kopeček,"May 14, 2018",4," Incredible content, one of the best databases of amazing recipes. I would 
love it if the app actually cached my recipes offline, and didn't load 
every time I opened the app - the only reason I give it 4 stars and not 5."
355,Xxxx Xxxx,"March 18, 2018",2, Won't load properly half the time. Layout and design are really poor.
356,Rona Ainslie,"April 13, 2018",3," I like this app, but I would love it if I could see the recipe reviews. 
Comments by other users are really useful."
357,Richard Fitzjohn,"May 12, 2018",2," I didn't go past the sign up screen. If you can browse on the website why 
can't I do the same on the app?"
358,Bridgene Nolan,"March 14, 2018",5," Great app, easy to find what I want and simple instructions. Keep up the good work :)"
359,Ronan Allen,"March 16, 2018",2, Wont let me do searches.Have reinstalled several times. Web site is great
360,Jessica Collins,"March 25, 2018",4," Really great app, I just wish you could read the reviews from others like on the Web"
361,Kay Susie,"April 8, 2018",3, Deleting as I can't access the reviews. Such a shame as I love the site!
362,D O'Connor,"March 18, 2018",5, Crashes now and again but other than that
363,Caroline Mc Ardle,"March 17, 2018",1, Too many error messages
364,bocott45real,"April 2, 2018",4, I'll give it a 5 star if you can confirm the developers used Xamarin forms
365,Heather Knipprath-Potts,"March 16, 2018",5," Very simple to use. Loads of exciting recipe's. I always use this app. Great job, thanks."
366,A Google user,"May 18, 2018",5, Very helpfull at all occasions
367,Keith Duffin,"May 1, 2018",5, Great!
368,Louise Garrett,"January 27, 2018",5, BBC Good Food is my favourite place to find recipes and try out new things. I was very excited to see an app that I can stay logged into and search recipes whenever! As other users have said (I think) the only thing missing is the reviews! It would be good to be able to scroll down like you can onli...Full ReviewBBC Good Food is my favourite place to find recipes and try out new things. I was very excited to see an app that I can stay logged into and search recipes whenever! As other users have said (I think) the only thing missing is the reviews! It would be good to be able to scroll down like you can online and see the reviews of that recipe. 👍😊
369,Julie Carroll,"February 26, 2018",3," Have used the website for years to save my recipes so was very excited when I discovered the app. The main problem is it crashes every few minutes which is very frustrating. Also like others have said before, not being able to read reviews is disappointing. If these two areas were fixed it would be ...Full ReviewHave used the website for years to save my recipes so was very excited when I discovered the app. The main problem is it crashes every few minutes which is very frustrating. Also like others have said before, not being able to read reviews is disappointing. If these two areas were fixed it would be an amazing app."
370,Aistė Pranskutė,"January 16, 2018",4," The BBC Good food recipes don't cease to amaze. I prefer using the app on the go, as I'm automatically loged into my account, saving meal ideas is super easy and painless. The few nuisances I find in the app is inability to view comments under recipes, which has been mentioned by other users. As wel...Full ReviewThe BBC Good food recipes don't cease to amaze. I prefer using the app on the go, as I'm automatically loged into my account, saving meal ideas is super easy and painless. The few nuisances I find in the app is inability to view comments under recipes, which has been mentioned by other users. As well as, when you go back a step, for example, from a recipe back to the search results/etc it doesn't bring you back to where you were last, hence you have to scroll from the top yourself.  Otherwise, love the app!"
371,Enrichetta Frezzato,"February 12, 2018",3," Very happy that there is now an app! It'd be great to be able to save recipes from a list (with a long press option or similar). At the moment you have to open the recipe to save it and when you go back to the list it brings you back to the top rather than where you were, so it can be quite annoying...Full ReviewVery happy that there is now an app! It'd be great to be able to save recipes from a list (with a long press option or similar). At the moment you have to open the recipe to save it and when you go back to the list it brings you back to the top rather than where you were, so it can be quite annoying to scroll down again, especially when looking at large collections."
372,Maria Cook,"January 7, 2018",5, So far so good. Google assistant always points me in this websites direction so I'd thought I'd give the app a punt.easy to navigate nice and smooth running on the pixle 2. I love the nutritional information this is a great thing for those counting calories on a diet/life style change. It would be n...Full ReviewSo far so good. Google assistant always points me in this websites direction so I'd thought I'd give the app a punt.easy to navigate nice and smooth running on the pixle 2. I love the nutritional information this is a great thing for those counting calories on a diet/life style change. It would be nice if you could customise your profile for allergies so the app would avoid certain things or even give you alternatives something to think about in an update maybe? I would recommend this to friends :)
373,A Google user,"February 2, 2018",5," Updated: Had some technical issues with viewing saved recipes offline, but they seem to have been resolved. Works well online and offline, although it can still be a little temperamental with unreliable connections because it tries to sign in and gets stuck when the connection drops.  Good app with ...Full ReviewUpdated: Had some technical issues with viewing saved recipes offline, but they seem to have been resolved. Works well online and offline, although it can still be a little temperamental with unreliable connections because it tries to sign in and gets stuck when the connection drops.  Good app with a great selection of recipes - especially love the collections for niche audiences, such as dopamine-boosting recipes."
374,Alina Asad,"February 22, 2018",5, I can't believe how long it took me to discover this. Been using the website for ever! Love having all my recipes literally in my hand. The only thing missing is the comments sections. Reading comments for every recipe before you try prevents so many disasters in the kitchen! Please add them to the ...Full ReviewI can't believe how long it took me to discover this. Been using the website for ever! Love having all my recipes literally in my hand. The only thing missing is the comments sections. Reading comments for every recipe before you try prevents so many disasters in the kitchen! Please add them to the app as well.
375,Eleanor Savill,"February 24, 2018",2," This app is great if you want to look at 1 recipe. If you're browsing through a few though, it's torture. Exiting a recipe takes you right back to the top meaning you have to scroll right back down the list again. I feel like this is such a basic function to have been overlooked!"
376,A Google user,"March 10, 2018",3," Two main issues, it gets stuck loading when you scroll and the back button takes you to the home page instead of the previously viewed page. These two things mean it's hard to quickly view and save recipies. For me, the app is not usable. Pity, because the recipies are good."
377,Ed Jones,"February 25, 2018",3," A good app BUT it keeps losing its Internet connection, even when the rest of my apps are online. The only way to remedy is to Force Close. Frustrating."
378,Jason Shek,"December 29, 2017",2," I like the layout, but the app keeps crashing even on a LG G6. I'll stick to the website for now.  Edit - new update means no more crashes. Thank you for the response."
379,Dean Moloney,"February 1, 2018",3," I'm a regular user of bbc good food so I was very happy to see app. Would love to give a higher rating but I have found some issues in the first five minutes of use, if it wasn't bbc good food I would probably have already uninstalled this app...  * Using search tool, if I click on a recipe to view ...Full ReviewI'm a regular user of bbc good food so I was very happy to see app. Would love to give a higher rating but I have found some issues in the first five minutes of use, if it wasn't bbc good food I would probably have already uninstalled this app...  * Using search tool, if I click on a recipe to view it/save it and then return to the search page results, I have to scroll from the beginning of the search results again. It's very frustrating to have to scroll through hundreds of recipes to continue my search. A temporary bookmark for search would be great.  *Invite to app/ tell à friend button would be great.  *If I leave app to read a message or perform another task on my mobile, when I return to app I'm back at the gf homepage again.  * Recipes I previously deleted still appear in my saved recipes section. It would be great to be able to delete multiple recipes at once.  *Recipes I saved and category I created on app have in faut not been saved or created.  Looks like I'll be sticking with the gf website for the foreseeable future.  Keep up the good work."
380,Jenny Sharpe,"February 10, 2018",4, Fantastic app love the save feature in my food with different collection. Only thing missing is an option to share recipes through messenger whatsapp etc. with that it would def be 5 🌟
381,A Google user,"March 6, 2018",3," What I can view, lovely recipes. I view a selection of recipes, then it freezes. Can scroll, Can't view. Very annoying. App finally crashes."
382,AMANDA WATKIN,"February 13, 2018",3, Great recipes but the app keeps signing me in and out while I try to search the recipes! Very annoying.
383,Becky Wallis,"December 24, 2017",3, It's OK. But you can't see comments and reviews for a recipe which I'd the main reason I use this site. Back to the normal browser version until this is sorted.
384,Dennis Silva,"December 29, 2017",4," The weak point is research, somewhat limited. Eg: You can not find more than one ingredient and other languages ​​(for ""alho"" typed in Pt-br, search for garlic, etc.)."
385,Jenny Wass,"January 2, 2018",3," Nicely designed app, but it's frustrating to not be able to share recipes. I hope the gesture will be added soon otherwise I'll delete the app and go back to using the website."
386,Fotini Trakasopulu,"February 4, 2018",2," Very slow, app always crashes unexpectedly. Dont download, better to use internet version, this also saves storage as no need to download app. Good recipies, rubbish app."
387,Kevin Treadwell,"January 4, 2018",5," Long overdue app which finally allows you to see the ingredients and method on one page as opposed to the website which forces you to constantly flick between 2 separate pages on a phone/tablet. Would be better if it remembered were you were when browsing collections as it currently takes you back t...Full ReviewLong overdue app which finally allows you to see the ingredients and method on one page as opposed to the website which forces you to constantly flick between 2 separate pages on a phone/tablet. Would be better if it remembered were you were when browsing collections as it currently takes you back to the top of the list if you go back from having looked at a particular recipe. Also needs an option added to remove saved recipes from your own collection which only seems to be offered at the point you've added a recipe. Otherwise you need to log in to a pc to edit your saved recipes. All in all however, great app!"
388,Emily Adams,"January 29, 2018",5, So excited there's an app for good food now! Every recipe I've tried from here has turned out amazingly! Love love love it. It would be good idea you could leave comments on the recipe though! Otherwise it's fabulous!
389,Stephen fuller,"February 16, 2018",3, Adverts? Why are there advert surly the my licence fee pays for this? Its free but still didn't expect it one of the reason I choose a BBC app not a random one.
390,Darren Harrison,"March 6, 2018",2, Account set up reqd for no reason adverts never stop.searching is like using windows xp.slow and no help at all.but it does have some good recipes.
391,Billy Pike,"February 3, 2018",5, This is brilliant as I always saved the recipes to my home screen on my phone I had over 150 saved so much better then keep going on the website.is there anyway to just search the chef you would like to view there recipes
392,Sarukh Molla,"January 27, 2018",1, This is a very Bad app I'm many times sign in this app but not open the app   Please help me good food team guaid and open the app
393,Adrian Wood,"January 1, 2018",4," Would be great if once you'd read a recipe you go.back to where you started as opposed to right back at the start. Other than that, all good so far"
394,Elaine smith,"December 29, 2017",3, Not really able to rate it accurately as I am unable to access it. No validation email has been sent to me.
395,Pete,"February 15, 2018",3, Nice app. Would like to be able to see the user comments same as on the website as this is where you can get the best tips for the recipe.
396,Dave Glanfield,"December 29, 2017",4," I'm not sure what everyone's moaning about? Nice app, clean and easy to use with loads of good recipes."
397,-,"February 3, 2018",2, Google adds cover too much of the screen on my tablet the website is just as good if not better
398,Rafael Sanches,"January 4, 2018",1, Crashing when I open. On pixel
399,Karen Whooley,"December 27, 2017",1, Tried to make an account but kept telling me I hadnt validated it with my email which I have for repeatedly.
400,E Hastings,"January 5, 2018",3, Would be great addition if you could add a hyperlink to other recipes from across the web in collections.
401,Derek Dymond,"March 10, 2018",1, I pay my licence fee for no advertising. Why is it on a BBC app?
402,A Google user,"January 22, 2018",4, Help. Recipes and collections do not sync between my phone and my tablet
403,Claire Leivers,"February 18, 2018",4, Very good but I still use the website in preference at the moment as I like to read the reviews
404,Ammara Majeed,"February 11, 2018",1, Why does it ask for your email address and password?
405,A Google user,"February 26, 2018",2, The reviews are essential in deciding which recipes to use. Without them this app is pretty lame.
406,Daniel Rozeck,"March 2, 2018",5, Excellent has over 3000 delicious vegetarian recipes that are easy to make
407,baj moe,"January 30, 2018",5," My favourite food site, this app is on my home page"
408,A Google user,"February 25, 2018",1," Poorly coded, better off using a browser"
409,Paul Dingley,"March 7, 2018",4," App looks good - why are there adverts, it's a BBC App?"
410,Derek Cameron,"January 26, 2018",5, Great recipes in here. Easy to use at anytime
411,Cristian Berceanu,"February 5, 2018",5, great app
412,Jenny Levitt,"December 15, 2017",3, It won't sync new recipes that are saved on the desktop version so not ideal but the ones that have are fine and easy to use
413,A Google user,"December 16, 2017",1, Verification email doesn't arrive so can't get in to the app at all. Useless
414,A Google user,"December 4, 2017",1, Fails to send validation email so cant even register. Clearly I'm not the onlt one.
415,Denis Kobernik,"November 12, 2017",4, Great app. But it has several issues. When I open a recipe I have to scroll to the top of it because it opens always at the bottom. When I switch to another app and return back it shows me the homepage but not a recipe I switched from. I'd like to have an ability to select words in a recipe to trans...Full ReviewGreat app. But it has several issues. When I open a recipe I have to scroll to the top of it because it opens always at the bottom. When I switch to another app and return back it shows me the homepage but not a recipe I switched from. I'd like to have an ability to select words in a recipe to translate them. Thanks!
416,Robert Ian Hamilton,"November 8, 2017",4," I have the Win 10 version on my laptop which I love.  This version is quite good except it keeps crashing every time I try to use the ""Healthy"" meals section. Please fix this."
417,Dec,"October 30, 2017",4, Good start. Few bugs need to be ironed out (such as crashes when looking at categories) and would be nice to be able to share recipes
418,Ronan Chander,"November 7, 2017",5, I'm a novice chef at home but this app makes it so easy to cook great meals. Thank you Good Food! Looking forward to more updates :)
419,Sean A. Bothra,"November 12, 2017",1," The app keeps crashing. If it keeps doing it, will have to delete it."
420,Alex Baldwin,"November 13, 2017",3," It does its job but it's pretty minimal. Also, why isn't there a share button? I want to share with housemate/family."
421,Ruth Taylor Gomes,"November 15, 2017",1," Can't reset password, the link sent through the app and the website just takes me back to the log on page"
422,Uprichard Jackson,"November 1, 2017",2, I can't even register! I don't get a validation email! Poor testing?
423,Onaciu Augustin,"October 31, 2017",1," + clean design, well organised - freezes and crashes  - unable to be used - seems like it was not tested at all"
424,Gracie Carver,"November 18, 2017",2, Would love this to work but keeps crashing 😭
425,Mai Mohamed,"November 7, 2017",3, Why the app wasn't include Arabic language
426,Simona Misevska,"November 26, 2017",5, Very good
427,Bradley Taylor,"February 3, 2018",2," The signup process never sent me the validation email, locking me out of the app. I could have emailed the good food team for them to unblock my account, but frankly that's too much effort when the website works without login. A shame."
428,A Google user,"May 30, 2018",2," It keeps telling me I have no Internet connection when its actually at full 
strength. Pretty useless app if I can't open any recipes!"
429,Benjamin Keane,"November 21, 2017",1," Great web presence, buggy force quitting app with unhelpful UX problem like auto loading at the top of a page when you go back a step"
430,Phil Kirkham,"February 15, 2018",1," I'd love to download it, however I'm not validating my email so you can bombard me with advertisement, I would suggest cancel your sign in requirements and you will have far more downloads."
431,Lauren Redwood,"August 19, 2018",3," Loved this app so much as you can save recipes for later however since the 
update everytime you click on a recipe the app crashes so absolutely 
useless now!! Uninstalled and just having to use the website instead"
432,John Hewish,"April 17, 2018",1," Terrible. The ads are invasive, it kept interrupting other apps when it 
wasn't in focus and the search function is appalling. Stick to the website."
433,Stewart Marsh,"July 10, 2018",4," Excellent app but I have one issue. I run this app on an iPad and an 
Android device. There is no synchronisation between the two devices. I am 
signed into my account on both. I would give five stars otherwise."
434,Naomi Curnow,"February 1, 2018",1," The recipes take ages to load, that's if they ever load at all. I love BBC Good Food, but this app is unfortunatly way too frustrating to use."
435,Nathan Nelson,"June 30, 2018",1," Forcing me to either log in or sign up as soon as I open the app? Forget 
it. The website is fine."
436,Jennifer Green,"January 3, 2018",1, Wouldn't even let me register or login or reset password. Hopeless.
437,Peter Lawton,"May 10, 2018",1," It offered my Google id as sign-on and for once I thought ""why not, it's 
the Beeb"" but it failed to use it correctly so I deleted the app"
438,Ben Holt,"August 25, 2018",1, App closes when you click on a recipe. Useless.
439,Delphine Suty,"June 30, 2018",1," Useless, can't find stuff"
440,colin mcloughlin,"November 28, 2017",2, Keeps crashing - dont bother
441,Sarah Bell,"January 2, 2018",1, I am logged in to my account but when I try to view a recipe I am told I am not authorised to view the page
442,John Green,"February 22, 2018",4, Why can't you see the recipe reviews?
443,H Williams,"November 6, 2017",5, Just luv the info!
444,Jayne Mahgagahbow,"February 3, 2018",5, Best site for recipies ...thank you BBC
445,A Google user,"February 26, 2018",5, It's a good implemented mechanism..
446,Mwakazi Harrison,"February 7, 2018",5, Very educative on my sude
447,shubham sorte,"September 17, 2018",5, Ok
448,Emma Bate,"September 11, 2019",4, Great recipes.
449,Matthew Dowd,"January 19, 2020",5, Brilliant!
450,Charlotte Thomas,"February 21, 2018",5, Great recipes
451,William McCubbine,"April 9, 2020",5, Great recipes
452,Marlito Paradela,"November 12, 2018",5, Good
453,A Google user,"February 13, 2018",5, Brilliant
454,Sumera Haseeb,"March 17, 2019",5, loved it
455,Thomas Ashir,"June 28, 2018",5, Cool
