index,author_name,review_date,reviewer_ratings,review_body
0,Nicole Crowder,"February 13, 2020",5," Love it!! Easy, fast. Get your drinks ordered ahead!"
1,Sherri N,"March 23, 2020",1, Does not give the option to order retired smoothies. My robeks make me a retired smoothie but i have no way to order via the app.
2,A Google user,"March 30, 2020",5, Great way to order!
3,Michelle Waite,"April 14, 2020",5, Awsome drinks were ready and done correctly. Always yummy
4,OSS Blogger,"April 8, 2019",1," Terrible app. * I can login to their website using my user name and password but the app would not let me login using the same credentials. * The only way I could login to the app was to reset my password and use the password they emailed me. * After logging in when I try to look at my account infor...Full ReviewTerrible app. * I can login to their website using my user name and password but the app would not let me login using the same credentials. * The only way I could login to the app was to reset my password and use the password they emailed me. * After logging in when I try to look at my account information, the app wants me to login again. But now when I try to type my username or password, the keyboard completely covers the user/password fields. So I cannot see what I am typing. I gave up."
5,Mateo Espana,"July 23, 2019",1," It was working perfect until the last update. Now it says items are no longer available when they're still offered in the store. Unfortunately, my store is super busy, except for the online ordering. The only way I can make it in and out of the store is with the benefits of the app. If it doesn't ge...Full ReviewIt was working perfect until the last update. Now it says items are no longer available when they're still offered in the store. Unfortunately, my store is super busy, except for the online ordering. The only way I can make it in and out of the store is with the benefits of the app. If it doesn't get fixed, I won't go back. Sorry to say, since Robeks does have the best smoothie menu."
6,William Knight,"August 11, 2019",1," What a peices of junk app. I have been trying for a few days to create an account. I have been unable to, every time I type in my info and submit it, it gets cleared and nothing happens. Overly frustrated with this stupid app. I don't even know how many ""robeks dollars"" I have missed out on! Now dow...Full ReviewWhat a peices of junk app. I have been trying for a few days to create an account. I have been unable to, every time I type in my info and submit it, it gets cleared and nothing happens. Overly frustrated with this stupid app. I don't even know how many ""robeks dollars"" I have missed out on! Now downloading the jamba juice app... only because this app fails completely!"
7,Blu Sondai,"November 19, 2019",1, More problems when ordering than necessary. Transaction fail for false reasons.
8,Daveena Erunez,"November 24, 2018",4, I love how easy it is to use the app to order and even list what time you will be picking up I just wish there was pictures of the items so you can have an idea of what you might want to try!
9,Bryan Hader,"July 23, 2019",1," Robeks app was great until latest update. I can no longer substitute an ingredient, such as whey protein for pea protein without having to pay extra. The last app iteration allowed this. i can do this in store without getting charged extra. Are you squeezing us for extra cash now?"
10,Ciji McBride,"June 29, 2019",3, App worked for a while but the latest update either says my item isn't available or that I can't checkout. Please fix this
11,Andre Wade,"July 26, 2019",1," terrible app, wont let me login keeps asking about paytronics everytime I try to login worst app ever."
12,Janell Sings,"December 14, 2018",5, Finally they updated it and made it think smarter and move faster!
13,Luke Skinner,"June 3, 2019",4," Definitely would recommend, best smoothies in jax!"
14,GandO Electronics,"October 13, 2018",5, Easy to place orders
15,Scott Farley,"January 6, 2020",5, finally they combined the 2 different apps together and they work
16,Sharon Roberts,"October 10, 2019",5, So easy to use....
17,Andy Hess,"July 19, 2019",5," acai Energizer hands-down the best smoothie, add a extra shot of fiber."
18,Rick C,"April 20, 2019",1, horrible.. who designed this app. I ordered . showed up at the store and it sent it to a store 50 miles away .. then no one at the store had no idea how to cancel the order. tried one more time. took 28 minutes to get my order. so under staffed.
19,iraida mujica,"November 1, 2019",5, Amazing Tasting Shakes
20,Brandon Cooper,"January 20, 2019",4, Good not great
21,Amber Summers,"October 24, 2019",5, Love their smoothie
22,april wilkins,"October 18, 2018",5, Keeps me healthy
23,Wayne Brown,"January 28, 2020",5, Awesome
24,Luan FCInternazionale,"February 25, 2020",5, Great
25,Tanya Trinidad,"January 16, 2020",5, Quick service
26,Lorenzo Butts,"September 30, 2019",5," Great app except for the pickup time option. I selected to have my order 
ready immediately since I was in the parking lot. It delayed another 12 
minutes."
27,Cesar Maldonado,"August 13, 2019",5, everything good.
28,Nancy Slack,"March 23, 2019",5, Super easy!
29,JT Stonne,"March 26, 2019",5, awesome app
30,Brad,"March 15, 2019",5, good stuff
31,paul williams,"April 6, 2019",5, Awesome!
32,Yellow_ Skyz,"December 28, 2018",5, Convenient
33,A Google user,"March 25, 2019",5, Convenient
34,Cherie Donovan,"August 7, 2018",5, I have 30 minutes for lunch this app makes my life easier
35,Ian Kingston aka Marlandis,"August 8, 2018",5," Super easy to use, love the brand!"
36,Anacani Mateo,"May 16, 2018",5," This was my first day using this App. I've been a frequent customer but I 
am very skeptical of Apps in general. What I love so far is that it tells 
me where my nearest locations are. I will also be using it to minimize wait 
time, I usually go to the Culver City location. I LOVE that the ladies th...Full ReviewThis was my first day using this App. I've been a frequent customer but I 
am very skeptical of Apps in general. What I love so far is that it tells 
me where my nearest locations are. I will also be using it to minimize wait 
time, I usually go to the Culver City location. I LOVE that the ladies that 
work here don't have long glittery nails and are always full of energy. 
Everyone is friendly and energetic. Keep it CULVER CITY!"
37,Jordan Davenport,"May 4, 2018",5," Works like a charm! The manager(i believe) recommended this app to me as i 
frequently come in. I love this! It's super convenient, easy to use, you 
can add all the normal options to your drink, and pay right then. Allows 
for quick pick ups and skipping those long lines in the busy summer months!"
38,Jessica Perez,"April 7, 2018",5," I placed my order online and I added extra peanut butter on my acai bowl, and they gave me call within 2 minutes to confirm if I wanted it mixed in or on top. Who else does that???? Great service!!! FYI- the nutty acai is delicious!💋"
39,VISIONS By ANNA CORRAL,"May 16, 2018",5," I work on the go and I need help throughout the day to maintain stamina and 
energy for long endurance to play keep up and this is a great place to get 
my daily needs met!"
40,A Google user,"April 29, 2018",5, Easy app! My order was ready. Can you add a re-order option?
41,Janethe Rodriguez,"April 10, 2018",5, Very convenient app perfect for when in a rush to work or any where else recommend this app to anyone...
42,Jenny Wood,"April 3, 2018",5, Super easy!
43,Marianella Lozada,"March 17, 2018",5, I love this app
44,Jonas Polsky,"July 4, 2018",5, Very convenient
45,John Spohn,"February 2, 2018",4," This app is disappointing as it doesn't show the Camarillo location. I tried both the list and the map as there is nothing for Camarillo, California."
46,Adam Sklar,"January 31, 2018",5," I love this app, it's super easy to use and my shakes are ready by the time I get to the store.  What more can you ask for :)"
47,A Google user,"January 29, 2018",5, Awesome!  I love that I can now order my favorite smoothies through the app without having to wait in line.
48,Joel Gesicki,"February 1, 2018",5, The new Robeks app is sooo easy and makes applying rewards and ordering specific orders a breeze! Customizability was effortless in this app. LOVE ROBEKS!
49,Zach Reese,"January 31, 2018",5," This is just the app I was looking for...No more waiting in line to get my favorite smoothie! Excellent app, thanks!"
50,Katy Fernandez Pardal,"January 30, 2018",5, Great looking app and easy to navigate! It's hard to choose only one favorite smoothie!
51,Kevin Jackson,"February 25, 2018",5, Very easy to use
52,r Walters,"April 24, 2020",2, Keeps crashing.
