index,author_name,review_date,reviewer_ratings,review_body
0,Michelle Napoletano,"January 21, 2020",1," I live in Lady Lake, less than a mile from a Miller's Ale House. The app has set my restaurant to Ocala, a good 40 miles away. And yes location was on; and no, it wouldn't let me change it. If this isn't fixed I would never use the app because it's useless to me."
1,Gerard Condello,"January 25, 2020",3, The app seems pretty good but you should have an option to see the menu before you start an order.
2,Ewen Mackenzie,"April 12, 2020",5," Simple and straight. Order, pick up, enjoy"
3,Kitty Moore,"March 18, 2020",2," As soon as you choose to pick up order later (instead of ASAP), the app closes. There's no way to pick up at a later time on the app."
4,V Cox,"December 20, 2019",5," Easy, lots of selections available"
5,Ariel Raymond,"January 19, 2020",5, Great service and perfect order
6,Daniel Landrum,"February 8, 2020",1, Only for ordering takeout. Cannot add yourself to the wait list. Don't need another app to order food. Can use GrubHub for that. The app should focus on getting you to your table!
7,Steven Goldman,"January 6, 2020",5, Easy to order on the app!
8,J. Mule,"October 28, 2019",3," Overall a well designed, user friendly app. It would be nice if you could add a way to cancel an order, in case of a mistake. I.E. Order is placed for pickup, but customer needs delivery. Mistakes happen folks."
9,Rich McGlynn,"August 26, 2019",5," If I'm rating the app then sure it's like any other app. the food however is very good so far I've had the prime rib sandwich but they forgot the au jus sauce, I've also had the bacon cheeseburger which was very very good and tonight I ordered some zingers so we'll find out. All is to go, never ate ...Full ReviewIf I'm rating the app then sure it's like any other app. the food however is very good so far I've had the prime rib sandwich but they forgot the au jus sauce, I've also had the bacon cheeseburger which was very very good and tonight I ordered some zingers so we'll find out. All is to go, never ate in."
10,Joseph Micetich,"September 11, 2019",5," You WILL love this place. We have tried wings, big red, salads, pasta and it has all been of very high quality. Delivery is efficient and food temperature has always been on point. Pick up service is great as well."
11,Joshua Giesegh,"April 29, 2019",5," Not sure why i would ever use the app since I'd rather just stop by the Florida Mall location and see all the lovely people while getting good food, but love the idea!"
12,Mayra Onate,"April 30, 2019",5, Awesome service at this location. Friendly staff and great customer service 😊 I love the fact that online ordering and delivery is now available.
13,Jacob Cholewa,"April 30, 2019",5, Great food/atmosphere and very well done app.
14,BOBBY FALLAVOLLITA,"March 4, 2020",5," I Actually in a cornhole league there on thurs., nights, the food is awsome, great service, great Atmosphere, Beautiful place. Robert Fallavollita."
15,Brittany Alexander,"July 22, 2019",5, I'm sooooo happy they deliver!!!
16,Alan Engel,"July 10, 2019",5, very easy to use
17,nicolette foster,"August 19, 2019",5, the food was very fresh exactly what I wanted 😊 im always please with the food happy customer
18,Michael Allen,"January 10, 2020",5, Great food....thank you.
19,Jorge Burgoa,"February 19, 2020",5, Easy to use
20,Roosevelt Jackson,"March 2, 2020",5, I love it.
21,Jean Stillman,"February 28, 2020",1," Can't see the benefit, so far."
22,Rickie Myers,"June 12, 2019",5, love Millers and have since 2009 when I moved to Jacksonville
23,Shane Hall,"June 23, 2019",5, Best in class!
24,Macey Brown,"June 3, 2019",3, No mashed potatoes with my order
25,Stephanie Crosby,"August 12, 2019",5, Delicious and fast
26,larry heiss,"July 10, 2019",5, perfect
27,Joseph Wheeler,"April 27, 2019",5, awesome food
