index,author_name,review_date,reviewer_ratings,review_body
0,A Google user,"March 4, 2017",4," Very user friendly and easy to use.  Also very informative with full menu listed.  Great app!!!!  So I am editing my review after the whole experience.   When we got to the restaurant,  they did not have our order.  I did everything right,  I had the right location, I had an order number and everyth...Full ReviewVery user friendly and easy to use.  Also very informative with full menu listed.  Great app!!!!  So I am editing my review after the whole experience.   When we got to the restaurant,  they did not have our order.  I did everything right,  I had the right location, I had an order number and everything.   One of the employees even told the manager that this happened a couple days before as well.   I'm not sure where our order went but,  they asked us to click on the button at the bottom of the screen showing our order that said place this order again.  Then it worked.   So then they had our order and we waited for our food."
1,Ethan Burtram,"April 8, 2017",5," Good food, low prices.  My friends and I got at least 3 times a week, and it doesn't dent our wallets.  Amazing hosts, hot wings, atmosphere, and music."
2,Doreen Pierce,"February 24, 2017",5," Took my grandsons out for.some Babba's 33 OMG off the chain the services was very nice we will be back you get 5 stars from us The Pierce  Family for Jeffersonville, In"
3,Darren Flowers,"July 19, 2017",5, Very useful haven't let me down yet
4,Abby Russell,"January 2, 2017",5, Super easy to use!
5,Joel Gonzalez Sr.,"October 6, 2017",5, The food is very good
6,Shannon Masterson,"March 22, 2017",5," So easy to login, order and pay!"
7,Corinthian Bradshaw,"August 21, 2017",5, Great
