index,author_name,review_date,reviewer_ratings,review_body
0,Chinese Redneck,"April 13, 2020",5," Don't say it's not good just because you don't know how to use it, you need to install kernel that is made for this search engine that's about it. Been using it ever since, well, since the first time I knew how a electronic device work. It's not better than Google or worst. It's just a normal search...Full ReviewDon't say it's not good just because you don't know how to use it, you need to install kernel that is made for this search engine that's about it. Been using it ever since, well, since the first time I knew how a electronic device work. It's not better than Google or worst. It's just a normal search engine."
1,W o W,"March 18, 2020",1, Needed to recover an account and the only way to do it when cellphone and verification code doesn't work is downloading this app. Would rate it even worse were 1 star not the lowest
2,Joe Loh,"January 5, 2020",1," After downloaded baidu, cant believe my samsung s10+ was hang in a sudden. Couldnt even unlock & restart my phone. Good job china"
3,Tommy,"April 13, 2020",1, app keeps crashing. really horrible
4,bbh osh hhh,"March 22, 2020",1, the app is rubbish，keep asking to install something that can speed up the app.if u don`t want to install the app can`t use ，but after install it，this app still can`t use ，everytime when i want touse it，it will jump out from the app and back to my homepage
5,SilverZone430,"March 24, 2020",1, What took you so long to install it? Does you try to put in with virus or something? It tooks forever to finish the install is like what the hell.
6,Justin Rose,"December 9, 2019",5, Anyone that says this app is bad or trash this app is only intended for Chinese users or anyone that can understand Chinese. stop giving bad reviews dumbasses. don't be a idiot and ask why it doesn't have English.
7,Leo Lo,"May 2, 2019",4," This app is really for Chinese users. It read my preferred news to my bt headphone when the phone is in my pocket. That's neat. This is exactly the app I want. Google app also offer news feeds but Google does read it out. For non Chinese users, this app is irrelevant."
8,Stephen,"January 20, 2020",5, Great App But It's All In Chinese
9,Cheryl Ng,"February 1, 2020",1, Unable to register without Chinese phone number.
10,Peter KUAN,"November 27, 2019",1, Too noisy. Keeps beeping! Cannot shout off aound. So have to uninstall.
11,Chongy Kong,"June 12, 2019",1, Useless app. Cant completely remove residue file in my phones during uninstall. Had an account but couldn't pass the verification stage.
12,Jimmy Lemmon,"March 11, 2020",3, Can't create an account without a chinese phone number.
13,saddam hossain,"October 16, 2018",3," Need to translated in English. by the way,, nice sofwr. easy to use"
14,Chris Gibbons,"November 18, 2019",1, Why does it want to make phone calls? Or access photographs and other files . Then go into chinese when you deny access.
15,Kennz Woo,"April 24, 2020",1, too many ads & data killer
16,john yau,"January 31, 2020",3, slow picture presentation
17,An,"February 5, 2019",5," Good browser, can find anything I need."
18,Elbek Daniyarov,"February 16, 2019",1, No option to create account with non-Chinese phone number
19,kyaw win,"October 21, 2018",5, It is much better if the application is in English.
20,Leon Liu,"April 27, 2019",1," useless app,make my mobile becomes unbelievably shity slow, I bless you people who install and has installed the app."
21,Wayne Zhang,"November 25, 2018",1," Rubbish, totally annoying for the update version validation and too much permission demanding"
22,Ad Lim,"July 23, 2019",5, Entertaining and informative. Like it.
23,Dongli Wei,"April 16, 2020",1," To change something, has to download app, cannot just use computer"
24,kri lee,"June 2, 2019",1, what?i can't register account. why?.crash
25,Kipznels Obabe,"September 6, 2019",5, Good and efficient browser nothing like it
26,Eduardo Sucilan,"November 3, 2018",1, There should be language translation.
27,Yee ling Teoh,"June 9, 2019",5," Some people say it is bad and useless,but to me? Nah. The people that don't know Chinese, just simply don't download it. Is it that hard to understand?"
28,Cruroar Fletcher,"July 5, 2019",1," Unlike other apps, this app does not provide uninstall at Google play store."
29,Ryan Zheng,"July 21, 2019",5, You just type English words and it will show up
30,Saumil Bhatt,"September 14, 2019",1, How can we change language ? Can't you detect country and switch be it?
31,A Google user,"December 24, 2018",3, user experience is not good when clicking text and buttons.
32,A Google user,"January 7, 2019",2, very disappointing. full of rubbish reports. please respect the integrity and professionalism of journalism. do not blindly mirror the western medias in their content reporting. respect the readers is to respect yourselves.
33,原木森,"April 9, 2020",1, It's can't work
34,Bhavesh Pandya,"April 12, 2019",1, everything is written in chinese how the hell english speaking people would use it to translate?
35,NARESH SHARMA,"June 4, 2019",5, Great & Advance Wheel in Search Engine
36,Rio Wong,"June 10, 2019",2, Storage permission is actually not needed for watching online videos
37,Marwan Elsheikh,"April 23, 2019",5, Quick and simple
38,A Google user,"May 8, 2019",1, open book is too slow
39,Niamatullah Doost,"September 20, 2019",5, this the most best app of the world which i love the most thanks for creating this kind of applications
40,metro technique,"March 4, 2020",5, very useful apps
41,laiba rehman,"October 17, 2018",1, What the hell is this app?App Can't translate the content in English. I can't even understand a single word.
42,Mobile Trade,"October 27, 2019",5, We required baidu English version please upload
43,xiang lee,"September 29, 2018",5, This is a great app for anyone that is Chinese
44,zozo zozo,"August 19, 2019",1, How to change subtitle this app..
45,All you care about,"December 21, 2019",1," China is a terrorist country that kills Muslims in East Turkestan. The silence of the Chinese people means that they support what their government does, and that is a shame. We demand that those who believe in the right to life, whatever their religion, boycott Chinese electronic products and applic...Full ReviewChina is a terrorist country that kills Muslims in East Turkestan. The silence of the Chinese people means that they support what their government does, and that is a shame. We demand that those who believe in the right to life, whatever their religion, boycott Chinese electronic products and applications."
46,Karma Dendup,"February 10, 2020",5, Very good to use
47,王姚,"July 21, 2019",5, good entrance for mass information
48,Yasir Mahmood,"March 16, 2019",5, very inculding app in china
49,Yakov Smirnovf,"January 24, 2020",5, I need the ENGLISH version
50,ar shohan,"February 14, 2019",5, it's a great Chinese searching app
51,Song Li,"November 21, 2019",4, Why isnt there baidu wangpan?
52,Tan Yau Chong,"September 12, 2019",1, Eating up too much memory
53,Lilly Coffee,"October 23, 2018",3, it's gonna be nice if its in english
54,Wang Tai Fong,"September 21, 2019",3, How to register without china handphone number?
55,Carlos Fung,"December 22, 2018",1, Not for global users.
56,Rolland Sky,"September 30, 2019",1, Baidu app garbage level!
57,Kenny Huynh,"January 19, 2020",1, Chinese apps such a big scam why are they even allowed outside china..
58,宋雨键,"March 4, 2020",1," Search in Baidu, nothing you get."
59,Raghu Smïly,"April 8, 2020",5, My ff ban please open my account please 🙏🙏🙏🙏 sir please Jai ff
60,baldev singh bansal,"November 16, 2018",1, I dnt want it in my tab and it dsnt gets uninstall. Why?
61,Der Amy,"December 9, 2018",5, LOTS OF INTEREST THINGS AROUND
62,mona lisa,"May 8, 2019",5, good app 非常好app
63,A Google user,"October 30, 2018",1, Today I'm cleaning my phone and eradicating the rubbish apps like this.
64,Che Tang Lim,"June 23, 2019",5, I like to use this app to enjoy the program
65,a.z.m. Saleh,"February 21, 2019",1," can't using English,,, can someone tell me how to use english..."
66,Rana Mohamed abuhurara Rana Mohamed abuhurara,"July 7, 2019",5, I like this app please this app canveart in English I am from Pakistan love you china
67,gun gorh,"May 26, 2019",5, i am from bangladesh. please i want to english version baidu
68,Mark Dennis Lagrimas,"December 28, 2019",5, Nice. I can now download lol on mobile
69,Santiago Echeverri,"May 22, 2019",1, Spanish and English language please!
70,Jayesh Shah,"October 29, 2019",4, Very nice APP.
71,j j - ano,"January 5, 2020",5, I need english version
72,lk ayala,"October 28, 2019",4, I enjoyed using this app
73,XINNAN PAN,"May 5, 2019",5," Ok, It is really good!"
74,A Google user,"November 19, 2018",1, How can i translate it in english?
75,Wayne Crawford,"June 27, 2019",4, wish i could read the language
76,A Ali,"April 23, 2020",5, Please garena my id
77,Warner,"January 2, 2019",1," Shady company, spy-infested apps."
78,Sun Guo Qiang,"October 6, 2019",5, It is suitable for me.
79,hazem magdy,"December 21, 2019",1, I hate Chinese apps
80,Dilpreet Bharadwaj,"April 30, 2019",4, hwo to language change in English
81,ShamVex YT,"June 16, 2019",5, that great too!
82,Mohammed Saaideh,"May 31, 2019",1, I dont like it
83,yoe shinn,"June 17, 2019",5, I like it much.
84,K -Oppa kynice knick,"June 17, 2019",5, Baidu is superb
85,g,"May 5, 2019",1, gotta love me some china spyware
86,Mohammed Kamal,"May 18, 2019",2, the app scared me
87,Michy Kizy,"May 1, 2019",5, Best app ever
88,lai timothy,"May 13, 2019",1, 中国是垃圾Taiwan no.1
89,A Google user,"November 27, 2018",2, Tell u later
90,ali. jan,"November 19, 2018",5, Nic good quality
91,CALVIN SPARDA,"April 27, 2019",1, everything is chinese
92,Izecakie hiya,"April 21, 2020",3, 一直通知
93,Bimal Adak,"April 13, 2020",1, Very bad
94,Mahim Jana,"April 8, 2020",5, Good
95,Yudong Hao,"March 22, 2020",1, 看听模式在升级后变得结结巴巴。百度这是怎么搞得？
96,ding shanglu,"January 23, 2020",1, 大量垃圾内容充斥其中
97,Shonkhuuz Enkhtaivan,"March 15, 2020",5, Muz
98,d balder,"April 7, 2020",5, Bandkosjehr
99,Wansoo Jeon,"January 29, 2020",5, Very goood
100,Jasmine Tan,"February 27, 2020",4, Good
101,zeyu zheng,"January 20, 2020",1, 辣鸡。难用。多页面稳定这么难用？必须从火狐跳转到你这个浏览器？？？？
102,Deng Mu,"December 31, 2019",1, 图片显示不了 加载太慢
103,Evangeline Lai,"December 11, 2019",3, 我用的时候还挺顺的，只是为何登记必须是国中号码呢？我没国中的电话号码，因此不能登入。若是能有其他国家的国号的也挺好。就说新加坡的 +65 对吧。百度现在也只有单单一个 +86，我不方便登入。我要用微博登入也需要电话号码，而且也是 +86 开头。请改一改，这时为了发表问题以及回答方便嘛。
104,George Li,"November 21, 2019",1, 百度强制安插件 为啥还不倒闭?
105,venkatesan govardhanan,"December 14, 2019",5, CHINESE
106,田六郎,"December 21, 2019",2, 没有百度魔图？找不到百度魔圖
107,KW H,"October 17, 2019",1, 為什麼圖片出不來? 我檢查了不是網速不是儲存不是沒圖模式的問題。
108,Kris 颜慕,"September 20, 2019",5, 太 cool 了 man 我刚开始用啦
109,N.C.T. Zen's,"September 9, 2019",3, Lollll
110,yzx 83,"September 8, 2019",1, garbage
111,Talal Ali,"August 21, 2019",3, Ineed english
112,Diamond Pictures,"September 8, 2019",5, kkk
113,Lester Crest,"August 12, 2019",1, Garbage
114,Jade Mou,"July 25, 2019",1, 你愚蠢的笔记功能导致笔记都不能放到对应文件夹了。还不能关，是自动的。好好做网盘不行。
115,Lcc 121986,"July 14, 2019",5, 非常多的知识都在这里
116,No One,"July 12, 2019",1, 垃圾，trash
117,Vincent Tan,"July 31, 2019",1, hang often
118,Steven Lin,"July 8, 2019",4, B+
119,Hendy Sudarto,"July 4, 2019",5, Good
120,枫灵幻蝶,"June 12, 2019",1, 整體還不錯，只是絲毫沒有考慮用戶的利益。 有廣告不提示暫且不說，關鍵是有時候無意中點擊，直接下載就太無恥了點，作為一個知名度這麼高的網絡公司，用一些不入流的流氓軟件的流氓手段，可憐可悲。同樣送給騰訊公司。
121,Eddy Chong,"June 5, 2019",5, 我喜欢
122,janvier mugisha,"June 10, 2019",5, ok
123,Van Bona,"June 28, 2019",5, 更新
124,W W,"May 26, 2019",5, great apps
125,Hav Hav,"April 30, 2019",5, overall
126,Rhu Fong Loh,"April 10, 2019",4, good job
127,Amir Ali Moraniuhhccz,"March 12, 2019",3, send English
128,QO 99,"April 2, 2019",5, civil
129,A Google user,"March 8, 2019",5, good
130,方显亮,"June 13, 2019",5, good
131,Micky KarLing,"February 18, 2019",2, 以前我是用iPhone，觉得百度App 还蛮好用的，现在我换成Android手机（小米8），发现这个App很不方便，很多功能有待改进 。
132,Matthew Du,"February 14, 2019",1, 流氓公司的产品，更换手机号要求下载app，下一步点炸了没反应
133,Thomas Anderson,"February 21, 2019",1, 每次打开网页都跳出这个 app
134,好甚,"February 27, 2019",1, 想登入，但是想输入账号密码时，键盘没弹出。。。。。。。。。。。。。。。。。。。。。。
135,Shabnam Khan,"March 4, 2019",5, 很好。。很方便
136,Daisy L,"December 27, 2018",1, 我真傻，我怎么会相信百度这个不要脸的公司呢？？
137,Mike Tang,"December 15, 2018",5, Welcome
138,FR Y,"December 13, 2018",1, rubbish
139,Chang Shian Wei,"December 4, 2018",1, 海外完全注册不了 就不要放在play store
140,Wing C,"November 26, 2018",2, 好煩！非常慢！
141,StevenV Pan,"November 3, 2018",5, 真好的应用!!!
142,A Google user,"November 17, 2018",5, Goog
143,A Google user,"November 9, 2018",5, amazing
144,Huang Zhi,"January 13, 2020",1, 网盘真的垃圾
145,Zhe Li,"August 12, 2017",1, 臃肿，难用，申诉账号结果必须要装这个才行，装好之后发现申诉过程中给的那个106号码在美国没法发短信过去，折腾半天什么都没完成。垃圾
146,Will Yuan,"August 10, 2017",1, 一星都给多了 海外用户怎么申请 建议下架!!! 已尝试从百度网盘注册 一样需要大陆手机号！
147,Sylvester Tan,"August 23, 2017",4, Good
148,Willow Li,"July 15, 2017",1, 只有國外手機號 你叫我怎麼登入了？一直說我手機號規格不對！刪了
149,Aung Myo Min,"August 5, 2017",5, I want to change the language in this. How is it?
150,xz l,"July 7, 2017",1, 谷歌秒杀之
151,Zddd,"June 1, 2017",5, is good App😁😁😁
152,Alan Chng Kok Lun,"July 21, 2017",5, Nothing
153,mujeeb rahiman,"May 8, 2019",5, very good
154,Chef Nar Bdr Tamang,"August 2, 2017",5, Very good
155,Kwan Kw,"July 1, 2017",4, good
156,Danish Azad Rathore,"July 18, 2017",3, Good
157,Nawaz Iftikhar,"May 4, 2017",5, In CHINA its Best More
158,Steve Li,"June 15, 2017",3, bad and bad
159,Garett Sim,"April 18, 2017",1, I don't have a China mobile phone number so I cannot sign up for an account
160,Tan Wei Hoong,"April 18, 2017",5, 你的英文简介是对手写的吧?
161,Hong Koh,"April 20, 2017",1, 海外顾客用不到，太失望了
162,handi halim,"April 14, 2017",1, Need ENGLISH INTERNATIONAL language menu please.....
163,Tiffany Wang,"April 18, 2017",5, 特别好用，力荐
164,Chen xiaoxiaoxiao,"April 7, 2017",1, 垃圾中的垃圾 注册没手机号就不让注册？ 一个手机号只能绑定一个 还不让解绑？ 你tm是这几年赚钱膨胀了是把？ 找客服还鸟都不鸟你！ 还得看客服心情？
165,A Google user,"March 23, 2017",5, I love it so much and appreciate to the founder and all Baidu team. Its best search engine in the world better than Google.i love it.
166,Benny Loo,"June 6, 2017",2, 太多烦人的提醒了，毫不犹豫的删除！
167,Teddy Chang,"April 10, 2017",1, Keep on not responding
168,claude Martinet,"February 24, 2017",1, I want to use 百度云 on my PC.  But I made an account with wechat. Can connect. Try to get back same app I had before so I can connect. But this app is so big. Not even sure it is the right one. Hate you to make stuff not easy to acces outside China  always ask Chinese phone number I don't have. Wechat...Full ReviewI want to use 百度云 on my PC.  But I made an account with wechat. Can connect. Try to get back same app I had before so I can connect. But this app is so big. Not even sure it is the right one. Hate you to make stuff not easy to acces outside China  always ask Chinese phone number I don't have. Wechat tencent is so much better...
169,Jing Zhou,"August 11, 2017",1," Was forced to install this app to unlock my account. It wasted me half an hour already and keep telling me couldn't verify my phone. Still not getting my account back. With non-mainline china number, I can only register for new account. I couldn't get my account back."
170,Kee Sheng Ming,"February 23, 2017",4, 之前的闪退问题已解决
171,Yanuar Kiwil,"March 20, 2017",5, Kontol nya pada bau
172,Tan Larry,"March 11, 2017",5, Good
173,David Yabut,"January 22, 2017",5, Good
174,A Google user,"November 23, 2016",1,垃圾李彦宏，怎么还没被莆田系治死 能把起点这么高的公司搞到今天的小广告集中地也算你本事，你天天用自家产品治病咋还没把自己治死呢？
175,Wen Pan,"January 6, 2017",1, 为了给手机解除绑定必须下载这个垃圾   结果还是无法解绑，让我发短信过去但发过去没有任何反应。操你妈百度
176,YI TING,"December 22, 2016",4,希望可以增加用戶暱稱 在網上看到很多人都想改用戶名，可是又改不了，所以想讓你們加暱稱，那就可以隨時更改名字
177,余宗翰,"January 2, 2017",3, 搜尋widget速度太慢了
178,Jerry Dong,"December 7, 2016",4, 我喜欢百度
179,CSOCR TV Shanghai SHTV,"January 9, 2017",5,Great app In china super fast
180,Khinmyo Hlaing,"October 21, 2019",5, Good
181,Jinlong Yu,"October 10, 2016",1, 简直是垃圾，强行推送，我只想解绑原来的手机号码，还要我在手机上装多一个不需要的手机百度才能用扫描来二维码功能。直接差评
182,Chop Chop,"October 17, 2016",1,Piece of garbage Won't let me sign in! What kind of stupid asses developed this garbage?
183,Surin,"October 12, 2016",2, NFC不支持三星N3?但支持N2和N4?!加上在香港。。。如何可以disable呢？😠😠😠
184,Jing Yang,"November 20, 2016",1, 我只是要解绑手机📱为什么就一定要下恨人
185,Kevin Y,"February 20, 2017",1," I just want a cloud storage not everything, plus interface not good"
186,lim edwindragon,"November 1, 2016",5,Baidu Typing words
187,beauty sisters,"October 28, 2016",1, 没有以前的好用
188,Derek Yap,"October 7, 2016",5, 都好
189,Soon Gao,"October 16, 2016",1, nonono
190,Gene Chang,"September 20, 2016",1,找不到云存储在哪里啊😯 找不到云存储在哪里啊😯
191,Shannon Cade Cuti,"September 15, 2016",1, ENGLISH PLEASE!!!
192,Pamela Heng,"September 14, 2016",5,百度 快，準与亲和力。
193,A Google user,"September 21, 2016",5,Baidu Vg
194,bobby hua,"September 5, 2016",1,lousy app do not used it
195,Klson Bob,"September 12, 2016",1,他妈的 破东西，垃圾
196,ƑƛӇЄЄM ƘӇƛƝ 8ƁƤ,"September 8, 2016",5, Very useful plz download it
197,Xiang Li,"September 5, 2016",1, Lousy app don't download
198,Haifeng Yu,"August 23, 2016",2, 没有办法大陆手机号码认证
199,Annie Looi,"July 10, 2016",2,good nice
200,A Google user,"June 21, 2016",1,密码明明没有错误却怎么也登入不了 用网页登入一点问题都没有，用手机登入就怎么也登入不了。说是用手机绑定，国外号码又绑定不了，输入手机号码现实错误。。。到底怎么回事，都用了5~6年了，第一次出现这种情况。。。。
201,Hà Việt Thịnh,"April 29, 2016",1,Need another language English pls! If u want to a lots of user more than now.
202,Tekk Smart,"April 22, 2016",3, Please ad English language. Have a nice day!
203,actor Luhan,"May 17, 2016",3,Tima It does not work 😭😭
204,Jane Marie Bong,"June 29, 2016",3, 还挺不错的
205,Ian Liu,"March 2, 2016",1,Wish I could give zero star Lousy app made by two year olds
206,YOLIMA CABARIQUE,"February 21, 2016",1, Please Add English Language.
207,Suchart Lertwatanakitkul,"February 14, 2016",2, Please support English and other country - mobile phone no
208,Emma Bka,"December 17, 2015",5, 我很喜欢
209,Yuen Ying Chan,"November 17, 2015",1,無法加載書籍 很多書都看不了，說網速不給力，明明沒問題=_=
210,Xinyi J,"November 22, 2015",1, 贴吧上不了
211,Agus Pran,"October 23, 2015",2,Please Add English Please Add English Language..
212,Xu HuiZhong,"October 20, 2015",1, app always crash
213,Elaine Pua,"September 26, 2015",3,不能注册 我把电话号码写进去了..怎么他却说格式错误还是什么的?到底是要怎样的格式啦..
214,Ian J,"September 21, 2015",5,"Needs too high system requirement Can not be opened in my 1 GB RAM old mobile. Except this, it's the best Chinese search engine."
215,Yiming Yang,"August 2, 2015",2,"Image I couldn't search image. If I do, I couldn't save it."
216,David Leung,"June 26, 2015",1,彈出問題 更新後，只要在首頁按其他捷徑，例如圖片，小說，貼吧等，就會彈出說百度app停止運作。。。
217,Mark Z. XU,"June 14, 2015",3,3星🐔 👌
218,ZI TANG,"February 21, 2015",1,"working slow Working so slow speed with my 4G LTE, how bad it is."
219,sumit rajdev,"March 3, 2015",5,Very fast Fastes browser ever sawed.
220,Weng Qing,"March 11, 2015",5, when I want to continued watching movie it auto let me out of Baidu wtf
221,Imperial Griffin,"January 22, 2015",1,总是后台运行，还无法设置停止 差评
222,kiki wu,"January 22, 2015",1,垃圾 老是彈出
223,zhen li,"January 5, 2015",4,6.1? 你们不是在官方网站发表了6.2升级吗？ 怎么play store才6.1?
224,Mohinder Singh,"January 4, 2015",1,"Language Translation Can't read Chinese Mandarin or Puthunguo ,,,,"
225,Keith Chow,"November 27, 2014",5,Good 良
226,Baker Jamie Elmer,"April 16, 2014",3,载网页太慢 总感觉载入网页是慢了一拍，有时还无法显示
227,Han Xu,"March 4, 2017",1, 百度居然还能收获3.9分
228,Sonam Phuntsok,"May 17, 2014",5, Very good n easy to use
229,Lina Yan,"April 5, 2014",5, Very helpful
230,A Google user,"November 11, 2016",1, cant delete this app
231,A Google user,"February 27, 2014",3,rembau boleh
232,Nana Wu,"January 27, 2014",5, 不錯
233,Zaw Aung,"March 18, 2014",4,Zawaung Zawaung
234,nana ahu,"March 20, 2014",5, Five Star
235,Chan Hou Ng,"February 1, 2014",5,good very good
236,Vincent Woon,"February 7, 2014",5,Just like it so much. 
237,Cynthia Leung,"January 6, 2014",1,"Can't use After updating Baidu, every time I open this apps, it stops and can never load. Can you solve this problem ?"
238,Miriam Shapiro,"February 24, 2016",1,"How do I turn it OFF or delete the App I only know English and the app keeps sending me notifications which are of no interest, in Chinese, and therefore annoy. Please advise how I can remove the App or at least deactivate and hide."
239,Joanne Lim,"January 22, 2014",3,提升小说阅读器 如果那个小说阅读器能够更新成更加好 我想我会给满星
240,DONG ARTHUR,"January 13, 2014",5,资源应该可以继续整合 有点乱
241,Xin Wen,"January 4, 2014",1, change every seach engine
242,William Lee,"April 18, 2014",1, Copying Google
243,Green Empire,"February 28, 2016",1, Please upload English version because I don't understand Chinese language and am unable to uninstall this version
244,A Google user,"December 30, 2013",1, Very bad app
245,nikos stefanidis,"December 30, 2013",1,Piece of crap Hate it
246,Zi Qing,"December 13, 2013",3,M How to download videos?
247,roger Balano,"December 29, 2013",5, Roger Balano
248,A Google user,"December 26, 2016",1, Fuu
249,Pedro Duque,"December 2, 2013",1,CRAP APP! Please allow to delete because I don't want or need it
250,Winnie Yii,"November 8, 2013",4,good good
251,Bethanie Ooi,"September 21, 2013",5,Good 。
252,林辉山,"September 15, 2013",5,Santan G.ggggg
253,nyi lay,"September 25, 2013",4,like like
254,Laurentium Syu,"July 24, 2013",5,不得不说 做得很棒 不得不说 做得很棒
255,matkerys hery,"January 9, 2014",1,uninstall plz can uninstall this app... tq
256,Hollow BLight,"September 1, 2016",1, Why use this when you have google
257,devani ersa,"October 16, 2013",1,English Please english version
258,徐爽,"April 17, 2013",1,很差的抄袭 手机里不需要多余的浏览器！导航太乱太杂！和Google now 相比没有任何亮点！
259,Tan Michelle,"March 4, 2013",1,No expressions Can be seen anymore
260,A Google user,"July 11, 2013",4,Download Nice
261,Bob Liu,"January 16, 2013",3,replacement of google this thing replaces the original google bar of my phone
262,Sunny Sam,"January 8, 2013",1,Bad I wish to remove it but sounds its stock in my phone
263,A Google user,"November 3, 2012",4,"Surprisingly good If you can read Chinese app is actually very good, well designed and unlike SO many apps, actually conforms to Android human interface guidelines."
264,Julie Dodd,"January 22, 2013",1,"Uninstall not an option This app came with the phone, and it is built into the phone. You can't remove it. I suppose it is good if you can read chinese. I think the maker should make an option with language preference, so people can change language. Example English"
265,Warren Camilleri,"October 1, 2013",1,Unable to uninstall app Came pre installed on my tatop droird w580
266,杜标,"August 17, 2013",1,能不带浏览器吗？ 谢谢。做得不错，但我不想用你的内置浏览器。
267,Muhd Nazmi,"October 22, 2013",5,Update Install level3
268,A Google user,"November 26, 2012",1, All Chinese language i can't read so don't like
269,mohd jalaludin,"June 27, 2013",4,strong simple n easy to use
270,herny chong,"January 16, 2013",5,Good Good
271,Edmond Pang,"September 8, 2016",2,"Just down loaded after returning to Hong Kong from a week's visit to Xian Saw how friends used it with high recommendations, so I just give it 1 star to start with. Will come back for more after personal experience in Hong Kong , etc."
272,C3G,"December 9, 2015",1, 謝謝。。This is awesome app.I am an Indian but its fine  bcos I have been using Google since many years.but this time for baidu app...and if u wanna give me other knowledge according to this app I will appreciate it.
273,Idriss Bellil,"February 11, 2017",1," must be 0 stars, sry it does not work at all, sharing a video means sharing about 40sec of it (what people can actually see) download speed is unreliable and the worst ever."
274,A Google user,"February 25, 2019",1, UC Web Inc &DU Ek TERRORIST Contry ko Support karne wale CHINA (AatankWadiyon Ko UN{Masod Ajhar}Me Vito Ka Istemal kar k Bachata h) ki Co. ka Browser h. ise Turant Apne ph Se uninstall kar de agar ye pre-install app h to Apni Mobile Co. ko kahe ki wo is ko turant hatane(band) k liye karwai kare. Sab...Full ReviewUC Web Inc &DU Ek TERRORIST Contry ko Support karne wale CHINA (AatankWadiyon Ko UN{Masod Ajhar}Me Vito Ka Istemal kar k Bachata h) ki Co. ka Browser h. ise Turant Apne ph Se uninstall kar de agar ye pre-install app h to Apni Mobile Co. ko kahe ki wo is ko turant hatane(band) k liye karwai kare. Sabhi Ph Banane Wali Mob Companyon se nivedan h ki wo har parkar k Chines app ko pre-install app k roop me na dekar earth ko atankiyon k Madadgar desh ka samarthan se bache. PAK-CHINA MURDABAAD SAVE EARTH
275,richard thian,"July 22, 2016",3," Log in have something wrong use phone number cannot use email also cannot, please change it to all the country can use"
276,Edward Edward,"August 31, 2013",1,bad why i cant watch the hong kong drama on my samsung galaxy grand via this app..HOPE that got improvement..
277,Jerry,"October 9, 2016",1,需要的权限太多了 最后也不解决问题 我为了解决百度云登录问题安装它 但是它最后还不能用 还要很多资料 删 加入黑名单
278,Chew Tzu Chen,"January 11, 2015",3,"小说 其他的都还行。就是看小说的时候,要翻页时老卡住, 很不耐烦。希望能尽早改掉。"
279,五分熟的桑子,"April 6, 2017",5, 嗯百度啊炒鸡炒鸡好用就是海外党没有国内手机号注册不了很苦恼啊其他的都炒鸡好一直都用百度
280,Madhov Acharjee,"October 26, 2019",2, I can't connect android mobile with my smart watch..
281,A Google user,"November 20, 2016",1, 为了找回百度盘的账户强行让我下载。我简直怀疑是账号故意被偷的。转用谷歌不解释 .下载了这个以后又让我下载百度网盘！混蛋
282,Johnson Zhou,"October 13, 2016",1,垃圾软件 广告多，而且很多广告还是跟医药有关。百度已经是一个只要钱不要道德的公司，这种公司也就只能活在中国了。
283,Annie Song,"April 14, 2017",5, It takes a long time to download on my phone
284,Yangsheng Fang,"March 19, 2020",1, Does not work unless you have an account
285,张野,"October 22, 2016",1, 垃圾百度，要不是我只有手机注册了还换号了，我才不下这个软件，还要申诉，烦死！
286,Nijing Feng,"April 25, 2015",1,？？ 我从不用也没安装过百度，想问一下为什么根目录里一直有百度的数据文件夹？难道浏览器开过百度页面也会被你在后台干些乱七八糟的事情？！
287,Jane Lim,"March 5, 2017",1, very not convenience and cant find the cloud
288,会爆炸的小米Note,"November 27, 2016",1, 谷歌回归中国。百度你个垃圾等着倒闭吧
289,Tiexing Wang,"February 5, 2017",1, Require too many permissions that are unnecessary.
290,A Google user,"October 27, 2016",1,渣百度 不知道这样的公司是怎么活下来的。app体验极差，各种服务也是越来越烂。
291,Meng Tang,"February 26, 2019",1, 垃圾公司，申诉账号的功能根本不能用，换了手机，账号就等于废了。
292,Hao Zi,"August 13, 2017",1, 滑稽 我有都能用谷歌了为什么还要用墙国的baidu啊。
293,Uzumaki naruto,"August 26, 2016",1,不能登陆 我就说嘛，为什么只可以在中国下载呀，马来西亚就不能吗？希望可以改进
294,Chao HE,"November 17, 2016",1, 千万不要下载，下完了就开始卡，各种奇怪的推送
295,Julian Wang,"March 16, 2019",1, 注销账号还要下你家的app，也真是能想的出来
296,Zhijian Huang,"March 1, 2015",2, 百度贴吧自动推送贴吧精选 没得设置 典型流氓中的流氓
297,Cash Wong,"March 23, 2020",2, 我每台手机下载后一开始很顺畅，后来就一直卡着，百度越来越差了👎...
298,Alan Xu,"October 10, 2015",1, 国产软件超过4分就超神了
299,Hongzhou Zhao,"December 26, 2013",1, 因为最低是一星，想给0或者负分给不了。弹新闻，关不掉
300,Laro,"August 19, 2019",1, 上次说要为香港示威加油的是什么
301,Sonelikhid Nouanlaty,"August 22, 2015",3, แอพนี้สามาโหลดแอพรุท สำลับแอนดรอย 4.4.2
302,huiyi Low,"May 8, 2014",5,yehet 我是为了exo来给好评的xDDD
303,Chao Wang,"October 15, 2016",1, Does not work
304,MANISH PATHOR vines,"July 13, 2017",1, Not good stupid app
305,Aditya Rao Deore,"October 28, 2015",5,Language Plz add English too... There r many non Chinese users. :)
306,Mafia Music Studio Ahmedabad,"July 11, 2017",1, I HATE THIS APP
307,Katerina Verkhovtseva,"October 27, 2018",1, 丢你老母真继而难用
308,pravin Lanje,"April 13, 2020",1, Bekar bkwas china walo ko kam nahi hai syayd
309,adriana chang man ying,"May 29, 2017",2, 爛透了！要大陸的手機號才能注册
310,Ventus Tenebris,"January 6, 2016",2,"DIFFERENT LANGUAGES!!!!!!! Please add an option to change languages, I can't read Chinese, but I want to try this search engine"
311,Vincent Zhang,"May 14, 2017",1, Some assistant APO wouldn't uninstall even you uninstall the app!
312,Yutsuki Lissver,"December 14, 2015",1, Why I cannot sign in by the phone but the computer can?
313,connie lee,"September 27, 2015",5, ZARINA Ok baggy and my friend is the only one to
314,A Google user,"March 17, 2017",5, 世界之大无奇不有
315,SAM Qin,"February 18, 2019",1, 辣鸡软件 各种捆绑其他辣鸡
316,Sajjat Mufti,"August 1, 2017",5, please leagues Bengali. then use very march
317,Dhruvin Modi,"August 30, 2014",1, China no maal
318,Zuo En,"November 25, 2016",1,什麽鬼 拜托 搞點進步
319,Hawran Jenq,"October 2, 2016",1, 我草你妈的李彦宏
320,Andrew Ho,"August 22, 2019",4, 不想要無用的新聞
321,Nick Kou,"August 27, 2019",1, 海外手机没办法注册，却可以找回密码，这设计。
322,windy hasyim,"January 16, 2013",1,Poor I can't uderstand the chinese laguage
323,calon jenazah,"December 21, 2016",5,asu!!!! asu daftar akune susah banget kunyuk. gawe bahasa inggris bisa r???
324,Ran Hong,"July 2, 2015",1, 一直说停止运行强行退出！
325,Gavin Cheng,"April 29, 2017",1, 海外手机绑定不到，滚出安卓市场吧！
326,A Google user,"February 7, 2019",1, 海外号码到底怎样注册百度帐号🙄
327,Eng. Abdihamit Robleh,"March 8, 2016",1,No English Please add English language
328,STOPIA,"June 24, 2019",1, 注销账号还得下载app，垃圾
329,Yang Cao,"January 16, 2016",1, 不支持百度云
330,保罗Piyush,"December 15, 2016",5, 我太喜欢百度
331,Tenzin Jampa,"September 14, 2013",5,好 我爱百度
332,A Google user,"April 18, 2017",1, Why this can not open
333,Nelo Lau,"March 15, 2016",1, 垃圾太多流氓软件
334,Paul Jackson,"June 23, 2017",1, Trash lot of AD
335,Jigs Kaneshiro,"May 12, 2017",5,Cool I love this app so much!!! Keep the good work guys.
336,สําหรับวันนี้ for today ฉันไม่มีกําลังพอ,"April 13, 2015",5,แอดมาน่ะ ab.ab.25 ลองก่อนน่ะ
337,Leo Bird,"April 18, 2017",4, It's he
338,Xuhe Marsoil,"July 5, 2016",5," I like it, 挺好用"
339,Fashion Key,"May 11, 2019",1, No english option.
340,REAL MONY LUDO KING,"July 19, 2017",5, Bad apps....chaina
341,vikash Chandra,"February 18, 2016",5,最好 这是很好的事。
342,Chris Ng,"November 13, 2019",1," 垃圾app, 可以丢掉"
343,Lam na Yip,"December 21, 2014",3, Is ok
344,Lee Qi Qi,"March 19, 2017",1, 都需要中国的号码😡
345,Bobby T,"December 9, 2015",5, 好！
346,Bong Almario,"May 21, 2014",1, It stop downloading!!!!!!!! 😞
347,A Google user,"March 11, 2017",1, 为什么不能登录
348,Lai 000,"August 11, 2015",2, For older version
349,Lewis Kae,"May 3, 2017",5, 谢谢你百度
350,Charlie Lee,"February 13, 2017",1, 精拿滚
351,夏雨,"December 21, 2019",5, 我是电影明星。
352,baby du,"April 19, 2017",1, 垃圾！申诉，垃圾！
353,Weverton,"February 18, 2016",1, too much permissions...
354,Eric Wang,"March 17, 2017",1, 法克奥服 辣🐔
355,Hao Q.,"June 18, 2017",1, 垃圾推送一大推，还屏蔽不了。。
356,Sherlyn Wong,"March 7, 2019",1, 海外怎样注册百度？
357,Alhassan Samuel,"October 31, 2015",4, Its good but does not have an English version
358,jeff wang,"July 7, 2015",1, 卡在92%
359,Augustuvi Primce dea.V.,"January 4, 2016",1, 卡，吃流量
360,Toh Jolin,"April 17, 2020",1, 难用。恶心
361,Albert Lee,"February 13, 2017",4,"Pretty good, Just some bugs when turning the phonr"
362,Chahjadi Jong,"June 23, 2017",1, Can it be English Google is much better
363,Catherine Novack,"February 20, 2015",5, It's easy to get photos.&lt;3
364,Heenri Yeow,"September 4, 2016",1, 海外不能注册？
365,A Google user,"January 21, 2017",3, So so
366,C Os,"April 6, 2019",1, It sucks
367,A Google user,"October 10, 2018",5, 好app
368,Obito Pro,"November 15, 2018",1, 垃圾百度
369,sai sai,"July 8, 2017",5, 我喜欢
370,Ermal Baze,"December 27, 2015",1, No english
371,Minster King,"March 10, 2017",1, Force installed
372,ken wong,"June 20, 2019",1, 習種
373,Khat ចាប Oven សារុណ,"July 13, 2019",5, chap sarun
374,caetano vieira,"September 17, 2019",5, Uma belezura
375,zam zam,"September 27, 2019",5, 很重要
376,Julie Lee,"November 18, 2019",4, 百度地图
377,Jimmy Sibuku James,"March 23, 2020",4, I like it
378,Avishka Gaming,"April 8, 2020",4, Freefire gems
379,A Google user,"July 15, 2017",1, rubbish!
380,nizar ghazi,"November 2, 2018",5, 很 好。😊
381,pheni tan,"July 2, 2017",2, So bad
382,Micie zhang,"September 20, 2016",1, Very bad
383,Nepal Adventure Team Pvt Ltd,"April 23, 2015",4,Great It is great site
384,Apai Pai,"June 2, 2017",5, Ok
385,Aliyah Wiseone,"June 8, 2017",5, Well
386,Edison Chow,"January 18, 2016",5, 牛
387,wang eugenia,"November 29, 2015",5, Baidu
388,Kaung Myat,"January 4, 2015",5, 好用
389,Qi Yuan,"January 7, 2015",4,Fine Can't update.
390,A Google user,"October 16, 2016",1, Google much better.
391,Bryan Teh,"June 24, 2017",5, It's a great app
392,stephanie Lam,"September 4, 2015",4,Baidu Not bad
393,asifaliafrid afridi,"February 19, 2016",5, Nice app love it
394,raja bulloh,"December 20, 2016",5,ok ok
395,A Google user,"July 4, 2017",5, This is a good apps
396,zhang xiaorui,"May 15, 2016",3, So so...
397,MIZAN khan,"October 13, 2019",5, This is very helpful
398,Ng KenhoNG,"February 19, 2017",1, 垃圾
399,Jazz Wayne,"July 8, 2016",1, 垃圾
400,Than Naing,"April 24, 2019",5, feeling
401,Ya Nan Chor sokvanpre,"August 10, 2019",5, 很好
402,Young Sen,"September 30, 2019",4, Ok
403,Kevin Porlles,"October 9, 2019",1, ok
404,Pascal Cayman,"November 1, 2019",5, 很好
405,Kaung Myat Soe,"December 20, 2019",4, 哈哈
406,aungnay aungnay,"December 26, 2019",4, ok
407,Biswanatha Sahoo,"April 12, 2020",1, Super
408,class 1 to 10 maths,"April 16, 2020",5, Ok
409,FUN advanCE,"April 26, 2020",5, Chuchain
410,Sopno Belas,"May 29, 2017",5, Its great
411,本多宏成,"June 29, 2017",5, Very good
412,Pheakdey Hiem,"January 28, 2016",5, I love it
413,A Google user,"July 12, 2017",5, Very good
414,Hao T,"February 15, 2016",5, Love the search
415,Rami Al Ibrahim,"April 30, 2017",5, Very good
416,Pankaj Gada,"May 4, 2017",5, Nice applications
417,Lennis Lezama,"March 27, 2020",1, It's good
418,eli ayase,"September 10, 2015",5,so good so good
419,Yvonne Siew,"August 13, 2019",1, 😡
420,A Google user,"November 22, 2018",4, Good apk
421,Ganesh Giri,"June 6, 2019",5, nice app
422,topsy crets,"September 27, 2019",4, Great aféru
423,Noparat Kuchjan,"January 11, 2020",5, very good
424,Uniko Omerla,"January 27, 2015",1, Garbage
425,A Google user,"June 18, 2017",2, Horrible
426,S. Tan,"November 3, 2015",1, Malware
427,A Google user,"November 23, 2018",1, Chink
428,Sean Zhao,"April 11, 2016",1, junk
429,A Google user,"August 4, 2017",1, Waste
430,Christmas Tree,"July 29, 2015",5, love it
431,Jacob official 1,"April 25, 2017",5, Good
432,A Google user,"May 4, 2017",5, Good
433,A Google user,"January 15, 2019",5, Fantasic
434,A Google user,"July 1, 2019",5, Good
435,Saw Zaw Naing,"November 29, 2014",5, good
436,Arun gunarathne,"October 29, 2018",5, Good
437,Moe Kyaw,"August 26, 2017",5,Love it
438,A Google user,"March 17, 2019",4, best
439,Khoun Sopheap,"April 21, 2019",5, good
440,bala subramaniam,"April 14, 2019",5, good
441,Tugsuu Shuree,"July 16, 2019",5, nice
442,ABC Research House,"October 14, 2019",5, Good
443,Yoon Nadi,"November 19, 2019",5, Good
444,bilal jan,"November 30, 2019",5, Good
445,Transparency Myaik,"March 1, 2020",5, Good
446,happy joy,"March 19, 2020",5, love
447,Samsung Ace 3,"September 12, 2016",4,Good 
