index,author_name,review_date,reviewer_ratings,review_body
0,j s,"April 12, 2020",5," This app is great for me. It offers encryption, etc. and the markdown language had been useful to me too. What makes it the best for me is that it's open source, and the community updates it over time, which I've found has fixed a lot of the issues I've had. I keep the app despite current issues I h...Full ReviewThis app is great for me. It offers encryption, etc. and the markdown language had been useful to me too. What makes it the best for me is that it's open source, and the community updates it over time, which I've found has fixed a lot of the issues I've had. I keep the app despite current issues I have (a memory leak where the app slows down when used with Gboard; Gboard getting confused when i cut text out the app and it deletes some text, etc.) in the hope that it will get fixed in time."
1,Arjun Raj,"April 23, 2020",4," I love joplin's pc app and the project as a whole. But in the android app the typing starts to lag after a while of writing continuously, making it almost unusable. - this is MAJOR problem unless you use it just for short notes. Also, the undo button not there. Someone please fix this.. Joplin is to...Full ReviewI love joplin's pc app and the project as a whole. But in the android app the typing starts to lag after a while of writing continuously, making it almost unusable. - this is MAJOR problem unless you use it just for short notes. Also, the undo button not there. Someone please fix this.. Joplin is too good a project to be broke by such a petty issue. Pretty please."
2,Noman Zargar,"April 21, 2020",5," Perfect app. Please fix the positioning of Arabic script. English should appear from left to right & Arabic should be from right to left. But in the viewing mode, Arabic appears left-to-right, unlike the editor, which positions Arabic perfectly from right to left."
3,Yigal Ziskand,"April 18, 2020",5, Enjoying the app very much. Simple and clear interface. The app is very stable and updates are actively pushed to users in very short cycles. Syncing between mobile and desktop works just fine. And finally the black theme makes is perfect for intense desktop usage.
4,R. L.,"April 21, 2020",5, Currently broken. Unable to view / edit long notes while in edit mode. Had to temporarily switch to Nextcloud notes. Hope that this issue gets fixed soon. Edit: Above issue has been corrected.
5,উৎসব রায়,"April 17, 2020",5," The app is just the thing I needed. However, there's a bug. I can't share text from other apps to Joplin. Device: MI 9SE with android 10"
6,Ritesh Jain,"April 20, 2020",5," This is a fantastic app, thanks to all the developers. Sync works, no limitations, FOSS, E2EE encryption, available on all platforms including linux- all the praise comes short! Kudos!"
7,Joshua Anderson,"April 5, 2020",5," I'm so glad I found Joplin. It's perfect for my needs, and lets me sync how I want. Seriously, I am LOVING Joplin. It's also helped me keep notes on things I'm working on and it has made looking back so much easier and enjoyable. The one thing I'd like fixed is markdown editing in the app isn't grea...Full ReviewI'm so glad I found Joplin. It's perfect for my needs, and lets me sync how I want. Seriously, I am LOVING Joplin. It's also helped me keep notes on things I'm working on and it has made looking back so much easier and enjoyable. The one thing I'd like fixed is markdown editing in the app isn't great."
8,chintan d,"March 29, 2020",4," I tried almost all paid and free webclipper, notes, bookmark apps. But Joplin is a complete app. It provides nested folder 📂 storage. Offline read it later for bookmarks. With attachment facility too for notes. And all these features includes sync with all other devices via Dropbox/ Onedrive, etc. ...Full ReviewI tried almost all paid and free webclipper, notes, bookmark apps. But Joplin is a complete app. It provides nested folder 📂 storage. Offline read it later for bookmarks. With attachment facility too for notes. And all these features includes sync with all other devices via Dropbox/ Onedrive, etc. Further, Please update the possibility of clipping the link in android devices."
9,Mark Renier,"April 21, 2020",5, Best notes and tasks handle. Updated frequently. Responsive forum and developers. Thanks guys!
10,Axel Kirch,"March 14, 2020",4," Awesome app, great implementation of sync via Nextcloud! Just two things to point out: ⑴ The app I abandoned in favour of Joplin allowed me to move list items up and down via touch. If that functionality could be added to the view mode that would save heaps of time in edit mode. ⑵ On Android scrolli...Full ReviewAwesome app, great implementation of sync via Nextcloud! Just two things to point out: ⑴ The app I abandoned in favour of Joplin allowed me to move list items up and down via touch. If that functionality could be added to the view mode that would save heaps of time in edit mode. ⑵ On Android scrolling in edit and view mode feels different. In edit mode the scrolling stops as soon as I lift my finger off the screen. Adopting the view mode scrolling here would be great! Thanks!"
11,Juan R.,"March 11, 2020",3," As far as taking notes, it is a good app. I havent tried anything else given my cons CONs thus far. There are no font size controls for anything (notebook's list of notes, note's body, etc) To me this is essential, specially when the standard font size is small. 'The UI font for the create note/list...Full ReviewAs far as taking notes, it is a good app. I havent tried anything else given my cons CONs thus far. There are no font size controls for anything (notebook's list of notes, note's body, etc) To me this is essential, specially when the standard font size is small. 'The UI font for the create note/list is beyond small. This is a minor issue but just pointing it out."
12,Jackal Xenial,"April 13, 2020",4," Excellent, probably the most complete multiplatform notation, it's missing a widget."
13,Yobel S.,"April 18, 2020",5, Hands down my favorite open-source note taking app for both windows and Android. Kudos to you devs! Keep up the good work!!! 👏
14,Brian Sepolen,"April 7, 2020",2," Lost ability to create note just by sharing from web browser. Now, all sharing to Joplin does, is open the app. Disappointed that there is no 32-bit Linux experience. Back when I could share from web browser, the page title was not being captured."
15,Glenn Reilly,"March 14, 2020",4," One of my fav apps, I use this daily. I think sharing from Chrome to joplin no longer works though, sadly. Tried it from both tablet (Samsung s5e) and phone (pixel 3 xl), just opens joplin, doesn't seem to create a new note any more."
16,theodoreippon,"March 23, 2020",4," An amazing all in one note app!!! The only thing i would like to see, is a revamp to the ui to be a bit more pleasant and user friendly! Then 5 stars from me!!!! Keep up the great work guys!!!"
17,Brent Collins,"March 9, 2020",4," Great app, wish it had sub notes. Notes that you could attach to another note. So that if you had a idea you could add notes that would go with it. Similar to wiki websites with interlinking documents"
18,Malcolm Bee,"March 25, 2020",2," Was thinking this could be a replacement for Google Keep but then when I went to edit a checkbox list on Android phone I had to enter the markdown symbols, surely I'm missing something! On the PC the symbols are entered when editing a list."
19,Ankan,"March 25, 2020",5, Feels really good to have Joplin finally. This opensource warrior can be at peace and enjoy all its functionalities. It's perfect for documenting and have it synced across all my devices and BE IN CHARGE OF MY DATA! Love to the devs. :)
20,Christopher Huddleston,"March 22, 2020",1," Used to use it quite a bit. Great secure app and great editing capabilities, but that all goes down the drain if the app crashes about 1min into opening it."
21,Tommi Boom,"April 12, 2020",5, Joplin is an awesome feature-packed OpenSource app developed with passion constantly and frequently. Any bug is fixed quickly. Great Community.
22,Mathew Pinard,"March 8, 2020",5," Mermaid diagram support is awesome! One thing is that the background of the diagram will show as white even in dark mode, but if you scroll sideways it won't be white."
23,Rob Suto,"April 16, 2020",2, Crashes whenever I try to use backspace to delete.
24,Helmi Sugandi,"March 24, 2020",5, I think its the best markdown note for now and thanks for support Linux. Add Google Drive please. My Dropbox account have less storage than Google Drive.
25,Wesley Kenyon,"April 7, 2020",2, Normally a 5 star app but sharing links to Joplin is broken. Will update to 5 stars when it is fixed.
26,Charlie Feng,"April 15, 2020",4, Would be nice if when user presses back button can show notebook list instead of just quit the app
27,Daniel Truong,"March 23, 2020",5, Bug from latest update. Some notes are blackout when in edit mode. I use dark theme. Please fix.
28,P Lo,"April 1, 2020",1," After the latest update, it can no longer do sharing with android."
29,Todd Smith,"March 18, 2020",1, Can't sync to external SD card. Known issue with no resolution.
30,Samina Shamim,"March 31, 2020",5," Great app. Is open source so i know my data is safe. Works on my phone ,tablet and computer"
31,Thang Duong Bao,"March 29, 2020",3, A bit laggy. Update: Become supper lag when edit a long note. Device: Mimax 3 using Gboard keyboard.
32,Vincent Chan,"March 14, 2020",5," Great app, allows E2EE using your own cloud providers - fantastic!"
33,Ivan Kazakov,"April 16, 2020",4," Great idea and the app, but please fix sharing from other applications to Joplin!"
34,Ritesh Patel,"March 18, 2020",2, My keyboard hanged multiple times using this app. Functionality wise good open source app with privacy
35,honor Sixx,"March 17, 2020",3, Please add an option to unlink from Dropbox account. All please add markdown shortcuts for android.
36,Ali Akbar Mohammadi,"March 15, 2020",5, Best note taking app plus a ton of ther things that it can do like report writing and ....
37,Brian,"February 13, 2020",5," So far, this appears to be the note app that I've been looking for years. It's a way better alternative to Google Keep. I love the notebook creation feature, in addition to being able to add tags. I would pay a small premium fee for adding features to change colors /themes and font styles. I'll upda...Full ReviewSo far, this appears to be the note app that I've been looking for years. It's a way better alternative to Google Keep. I love the notebook creation feature, in addition to being able to add tags. I would pay a small premium fee for adding features to change colors /themes and font styles. I'll update my review after I use the app more. ☺️"
38,Ali Tajelsir,"March 18, 2020",5, Sharing to Joplin from other apps does nothing. Joplin is just opened
39,Tachiro Akisu,"January 31, 2020",5," Fantastic idea. Fantastic app. Fantastic implementation. Of all the apps I use, this is my most valued. It is like a ""private Evernote"".... a private Wiki that you can take across all your devices and computers. It is at the heart of my digital life, as indespensable as my password manager. And the ...Full ReviewFantastic idea. Fantastic app. Fantastic implementation. Of all the apps I use, this is my most valued. It is like a ""private Evernote"".... a private Wiki that you can take across all your devices and computers. It is at the heart of my digital life, as indespensable as my password manager. And the ability to ""host your own"" in Dropbox, etc, is a FANTASTIC feature. The world needs more apps like this. I wish I could pay MORE to support all the work that goes into this app's frequent updates."
40,Nicholas Friedman TeBockhorst,"February 29, 2020",3," Very nice desktop app, but the Android version is pretty bare-bones. No tablet/Chromebook interface to speak of (it just gets wider), limited interface options, and basically looks generic. Shame, because the desktop version is excellent. If you primarily use Joplin on the desktop and just want to a...Full ReviewVery nice desktop app, but the Android version is pretty bare-bones. No tablet/Chromebook interface to speak of (it just gets wider), limited interface options, and basically looks generic. Shame, because the desktop version is excellent. If you primarily use Joplin on the desktop and just want to access your notes occasionally on mobile, it'll get the job done. If you're big on mobile note-taking, Evernote or other tools will do a lot more for you."
41,Bryan Parks,"February 21, 2020",5," I've been looking for a good OneNote competitor, since I use Linux on my desktop. I'm so glad that I finally found Joplin. There is a bit of a learning curve, since you have to use markdown for the notes, but it isn't too bad. The app runs well and synchronization with Dropbox is awesome."
42,Christopher Bauer,"February 28, 2020",3," Great app for what it does, but one feature I need is individual note encryption. The feature request has been made to the developer many times but he refuses to listen to users about why it's important, and closed the feature request ticket on GitHub. So this review will serve as my feature request...Full ReviewGreat app for what it does, but one feature I need is individual note encryption. The feature request has been made to the developer many times but he refuses to listen to users about why it's important, and closed the feature request ticket on GitHub. So this review will serve as my feature request."
43,Zork Drajar,"February 2, 2020",5," Once you figure out how to export then import entire notebook on the desktop, it gives you back some piece of mind. Backup from mobile, not as necessary but for those who just use this app for mobile, would be nice. Syntax highlighting is another feature rarely ever offered. I sometimes get confused...Full ReviewOnce you figure out how to export then import entire notebook on the desktop, it gives you back some piece of mind. Backup from mobile, not as necessary but for those who just use this app for mobile, would be nice. Syntax highlighting is another feature rarely ever offered. I sometimes get confused knowing where I'm at in the note without it. I have a lot of html code and junk that makes the note render nice in read view but ugh.. you'll need a map in write mode. Lol. The best note app period"
44,Hamish McIntyre-Bhatty,"January 30, 2020",4," A great substitute for Evernote, and far quicker than the Evernote app on my device. However, the encryption interface is confusing, and it displaying the markdown code for images when editing isn't very user-friendly. It would also be great if the key oars went away automatically when tapping the b...Full ReviewA great substitute for Evernote, and far quicker than the Evernote app on my device. However, the encryption interface is confusing, and it displaying the markdown code for images when editing isn't very user-friendly. It would also be great if the key oars went away automatically when tapping the breadcrumb menu to take a photo - saves an extra tap. Overall a solid app though, couldn't recommend enough."
45,Kumar,"January 30, 2020",5, This is a great app. But please add these features on Android that are supported on the Desktop version: 1. Themes 2. Exporting notes as pdf (other markdown editors like NeutriNote can do this why can't Joplin?). Also I need option to add colour to text. I have to use long HTML tags to achieve this....Full ReviewThis is a great app. But please add these features on Android that are supported on the Desktop version: 1. Themes 2. Exporting notes as pdf (other markdown editors like NeutriNote can do this why can't Joplin?). Also I need option to add colour to text. I have to use long HTML tags to achieve this. Please add this feature.
46,Illya Yalovyy,"February 19, 2020",4," After recent update, fails to decrypt two items and crushes after 10 seconds. Absolutely unusable. The solution is to disable auto load of attachments or disable encryption. In any case, it makes encryption useless if you use attachments. I increased rating of the app, because in my opinion it is on...Full ReviewAfter recent update, fails to decrypt two items and crushes after 10 seconds. Absolutely unusable. The solution is to disable auto load of attachments or disable encryption. In any case, it makes encryption useless if you use attachments. I increased rating of the app, because in my opinion it is one of the best apps among free and truly cross platform."
47,Alex Fuglsang,"February 28, 2020",5," Love this app, after trying Evernote, Onenote and Simplenote (another excellent app) Joplin is my favourite in its useablilty and features. It's also free and syncs across Mac, Android, Windows and Linux. A spell checker on the desktop app would be an awesome addition."
48,Dennis Bareis,"January 27, 2020",2," Joplin is interesting but until they support WYSIWYG on Windows and Android that's all it is for the average schmuck. And ""Typora"" on the desktop is not a solution either. Also needs styles for markup. After importing Evernote Notebooks some words combined but all in all the import process worked we...Full ReviewJoplin is interesting but until they support WYSIWYG on Windows and Android that's all it is for the average schmuck. And ""Typora"" on the desktop is not a solution either. Also needs styles for markup. After importing Evernote Notebooks some words combined but all in all the import process worked well."
49,Jon Fox,"November 19, 2019",5," After years of looking for a good open source replacement for Evernote and OneNote, this one fits the bill exactly. Features that need adding in the Android version: let us adjust (or disable) the interval for auto-save, and in edit mode have the cursor return to the last place edited in the documen...Full ReviewAfter years of looking for a good open source replacement for Evernote and OneNote, this one fits the bill exactly. Features that need adding in the Android version: let us adjust (or disable) the interval for auto-save, and in edit mode have the cursor return to the last place edited in the document, rather than always jumping to the end."
50,Александр Беляков,"January 18, 2020",4," The best option, I've found for my needs. Would give 5, if there would be better look and editing and preview would be like in Typora. I think it's called WYSIWYG. I like that after importing my md notes, the database became lighter. I haven't found any sync issue which is a big plus. I sync Windows...Full ReviewThe best option, I've found for my needs. Would give 5, if there would be better look and editing and preview would be like in Typora. I think it's called WYSIWYG. I like that after importing my md notes, the database became lighter. I haven't found any sync issue which is a big plus. I sync Windows and Android across Dropbox. Works brilliant but there's still some things to do to make it more convenient for editing, e.g. working with tables on Windows."
51,Casey Strouse,"December 28, 2019",4," This is the best tool that I've found that is free and runs on Android, ChromeOS, and Linux for collecting and managing research, notes, documents, etc. If it was built with something other than Electron had GDrive/Google One sync support, and easier-to-use encryption options (for the average user) ...Full ReviewThis is the best tool that I've found that is free and runs on Android, ChromeOS, and Linux for collecting and managing research, notes, documents, etc. If it was built with something other than Electron had GDrive/Google One sync support, and easier-to-use encryption options (for the average user) I would not hesitate to give it 5-stars. Until then, solid 4-stars and well worth a look (especially if you need a self-hosted Evernote replacement)."
52,Arnold Schwab,"January 21, 2020",4," Good and private app with suitable desktop compagnion. Has everything I need as a basic home user. Markdown is something I can get used to, but this may not be suitable for non-geeks. However, because of the framework the app is a bit bulky and lacks some features like background sync. Furthermore b...Full ReviewGood and private app with suitable desktop compagnion. Has everything I need as a basic home user. Markdown is something I can get used to, but this may not be suitable for non-geeks. However, because of the framework the app is a bit bulky and lacks some features like background sync. Furthermore be careful, with an update months ago, owncloud/nextcloud sync is only possible via SSL - standard http does not work without decent error message. This is a pain with self-hosted ownclouds in the private LAN"
53,Ali Mohsen,"December 5, 2019",5," Tried so many note taking apps and finally settled on Joplin. It ticks all my requirements, opensource, end to end encryption, and client availability pretty much for all OSs I use. It Syncs perfectly with my Nextcloud instance over WebDAV. Felt good making some donation today and will always do to ...Full ReviewTried so many note taking apps and finally settled on Joplin. It ticks all my requirements, opensource, end to end encryption, and client availability pretty much for all OSs I use. It Syncs perfectly with my Nextcloud instance over WebDAV. Felt good making some donation today and will always do to support the development of this awesome project. Keep up the great work!"
54,Mike Babb,"December 11, 2019",5," Only been using Joplin a week and it's already completely indispensable to me. Write notes in markdown, sync via private cloud solutions like Nextcloud, end to end encryption, clean design, decent light/dark themes, clickable checklist items, file attachments, this really is a complete open source r...Full ReviewOnly been using Joplin a week and it's already completely indispensable to me. Write notes in markdown, sync via private cloud solutions like Nextcloud, end to end encryption, clean design, decent light/dark themes, clickable checklist items, file attachments, this really is a complete open source replacement for services like Evernote. Outstanding app!"
55,Jakob Wilke,"January 3, 2020",5," This app used to be quite slow and laggy, but after a recent update it works really smooth and steady. I also appreciate the reworked, clean design. In Joplin you compose notes in Markdown and the app saves those in a format that can be read by any text editor. In that way, your notes will be readab...Full ReviewThis app used to be quite slow and laggy, but after a recent update it works really smooth and steady. I also appreciate the reworked, clean design. In Joplin you compose notes in Markdown and the app saves those in a format that can be read by any text editor. In that way, your notes will be readable even in the case that Joplin gets discontinued. The app supports many ways to sync your notes to the cloud and also includes a possibility to encrypt your data."
56,Almasyhur Bestari,"December 27, 2019",5," Great note taking app. Open source, secure end to end encryption, markdown support, nested notebook support, attachment support (image, pdf, etc), powerful search feature, cloud sync support (dropbox, onedrive, etc), cross platform. Maybe there are features that I miss, but as far as I can tell, it'...Full ReviewGreat note taking app. Open source, secure end to end encryption, markdown support, nested notebook support, attachment support (image, pdf, etc), powerful search feature, cloud sync support (dropbox, onedrive, etc), cross platform. Maybe there are features that I miss, but as far as I can tell, it's already one of the best note taking app that I ever use."
57,David Poza,"December 15, 2019",5," The best app for knowledge management ever. i've fallen in love with following features: open source, actively development, data privacy, multiplatform (robust and beautiful apps for win, linux, os, android, ios), clipper extension for chrome and firefox, markdown and multiple plugins, multicaret ed...Full ReviewThe best app for knowledge management ever. i've fallen in love with following features: open source, actively development, data privacy, multiplatform (robust and beautiful apps for win, linux, os, android, ios), clipper extension for chrome and firefox, markdown and multiple plugins, multicaret editor, possibility of using external editor, insert images from clipboard, multiple notebooks, sub-notebooks and tags, powerful search, scalability, sync with nextcloud/webdav."
58,Rusty Claman,"January 15, 2020",4," Finally a secure way to share notes with my Linux boxes, bye bye Evernote. NOTE: If you are running Linux client v 1.0.177 and Android v 1.0.312 there is an attachment bug. Go to the GIT repo and grab latest version for Android 1.0.314 to fix the attachment issue. Once setup everything is working wi...Full ReviewFinally a secure way to share notes with my Linux boxes, bye bye Evernote. NOTE: If you are running Linux client v 1.0.177 and Android v 1.0.312 there is an attachment bug. Go to the GIT repo and grab latest version for Android 1.0.314 to fix the attachment issue. Once setup everything is working with encrypted sync. Will definitely be donating to keep this project going forward."
59,Damian Gutkowski,"March 6, 2020",3," Please make a proper and good looking real dark theme, without those ugly blue colors and with properly colored dark status bar and navigation bar. Currently it's doesn't look good at all. Anyway, magnificent job on the whole application! 👍😊"
60,Megan Lee Webb,"March 8, 2020",5, Excellent note app. Keeps improving.
61,Emma Hryniewicz,"December 24, 2019",4," Joplin is an amazing Evernote alternative. It needs a little more work to set up, but it allows me to use more devices than basic evernote. I'm only rating it 4 stars because it keeps being buggy on encrypted syncing despite following the encrypted syncing instructions to the letter."
62,Pragyan Shrestha,"March 5, 2020",4, 1. Lags. Optimization needed. Becomes very difficult to continue after inserting few images and typing some equations. 2. No 'code block' display in Android app?
63,Dan Reid,"February 6, 2020",5, Excellent! Works great and has some great features like encryption and support for Nextcloud and other cloud services. 10/10
64,Tuang Dheandhanoo,"February 6, 2020",5, I love it. Use Joplin with SyncThing and sync everything with my Windows and Android devices. Just having struggled with showing attached image on my android.
65,Nikolai,"November 18, 2019",3, I wish it was better for Android. I have found two annoying issues: 1. It impossible to disable annoying autosave. 2. It don't remember last used position in editor. In result it's very hard to edit long notes on android. Please fix it.
66,eyeholle,"February 23, 2020",3," functionality is great but design is ugly. also, notes are opening too long, like one second+ long. three taps to create one check - thingy?"
67,John Burrin,"February 29, 2020",4," Use this on my phone and Linux desktop, so far great. Imported my old evernote account too. You need to use the Desktop to do this but it's no big deal"
68,Patrick Evans,"December 29, 2019",5," A FOSS drop-in replacement for Evernote that works! On top of being free and open source, it offers end to end encryption and a dedicated task manager to boot! This app is an underated gem. I just wish it was made sooner."
69,RexurGaming,"December 21, 2019",5," Would highly recommend! So, to explain, my Phone completely stopped working and I lost a lot of my data on it. But to my surprise, I found out that Joplin saved all of my notes!! Thank god for this feature."
70,Foxpaws Studios,"January 11, 2020",4, On the mobile app I can't find a way to create sub-folders or export as .TXT or .pdf files. Please find a way to do it! Other than that it's a perfect cross platform application!
71,Hans Henderson,"April 6, 2020",5, Better data security than SimpleNote
72,Trevor BROOKES,"January 25, 2020",5," Great app, works well on Android and Linux, for me better than Evernote, have now transferred all my notes from other applications to it. Would like U2F to be added for extra security."
73,Craig Shirley,"February 18, 2020",5, Brilliant. Great search. Great markup. Great organization. What more could you want.
74,Ranie Santos,"November 26, 2019",4, I switched over from Simplenote. This app has a much better UI design for both mobile and desktop. This also has both tags and folders (notebooks).
75,Mohammed Besar,"December 24, 2019",5," Open source, cross platform, free, secure and very efficient note taking app."
76,Rishi Shukla,"February 29, 2020",5," Cool implementation. Right now using with no complaints, using Dropbox for sync"
77,Sophia Burns,"December 31, 2019",5," Fantastic, finally the Evernote replacement I have been looking for. Actively maintained and stable as a rock, feature filled. What is there not to like?"
78,Cor Rupt,"November 14, 2019",5," Great app, use it to sync to Windows so far running great. Fingerprint Auth would be an excellent addition in the future"
79,Alain Carton,"December 3, 2019",3, Really good idea. Features are perfect. An app that gives power to the user. Too bad that the app seems to slow down my phone.
80,Ben Carner,"January 11, 2020",3," I really like the features of this app but it's slow to start and pretty bloaty, due to its Electron nature."
81,Shome Bhattacharjee,"February 6, 2020",5, The best option and a great FOSS alternative to Evernote! Thanks Laurant!
82,Thanos Athanasopoulos,"December 22, 2019",5," The developers thought exactly what I was looking for: a tree oriented notes app with markdown, multiplatform and secure. No other app is alike and works like a charm."
83,Bhaveek Desai,"December 29, 2019",5, Finally! A personal notes app that is cross compatible with Linux and gives me control over where my notes are saved without worrying about my data being snooped.
84,Haoran Un,"January 13, 2020",5, Excellent replacement for Evernote. Syncing works great (with Dropbox) and editing in Markdown is a huge plus.
85,Max D,"November 11, 2019",5," A must have. I use this on the daily, Thank you very much for maintaining this project. Amazing work."
86,Arpan Biswas,"November 22, 2019",5," Best open source Notebook tool with markdown support, encryption and synchronisation. I love it."
87,Dinushka M,"February 15, 2020",5, Best ever note replacement and it's open source works every where
88,Thịnh Nguyễn,"November 23, 2019",5," Love this app so much, use Joplin you can sync your note everywhere across the platforms"
89,Kim,"February 26, 2020",1, mermaid not working. Syntax highlighting not working.
90,Viet Le,"March 10, 2020",5, Pls add features: . Trash . Android Backup & Restore Notes . Android Clipper
91,Dan W,"December 20, 2019",5," Windows work PC, personal Linux laptop and Android phone - all my notes synchronised. Notes are stored in plain text markdown so no vendor lock in."
92,Dmitry Dubinin,"December 12, 2019",3," Horrible app, constant crash when switching between other applications. Error logs was sent."
93,mahmood wajeeh,"December 24, 2019",2," Can't handle images, diagrams or tables within the note."
94,Amadeus Van Kerckhoven,"February 27, 2020",5, Finally a worthy replacement for evernote. It even has a terminal version !
95,Cyber Fame,"March 8, 2020",5," Awesome app, only the name is ugly Notelin, or somethubg would have been better."
96,Ivan Gerdzhikov,"February 25, 2020",5," best note taking, web sync, multiplatform app"
97,Rengga Gitia,"January 26, 2020",5, So pleased with this note taking app. I hope it will be faster and feature complete
98,Igor Yentaltsev,"April 16, 2020",5, i love the app. great job!
99,Pete Gubbins,"January 19, 2020",4," A fantastic, and portable, markdown app."
100,Thomas Sandau,"April 8, 2020",2, Awful compared to the pc GUI
101,Ig Shuko,"January 26, 2020",2, The font size can't be changed 😭
102,C Tee,"February 15, 2020",3, It's such a well thought out app but I just can't seem to get comfortable with the code. I know how to write HTML and markdown but it feels like such a chore. Shame because I was really looking forward to using this to replace Evernote. I'll be waiting by One Note when TinyMCE or Rich Text is availa...Full ReviewIt's such a well thought out app but I just can't seem to get comfortable with the code. I know how to write HTML and markdown but it feels like such a chore. Shame because I was really looking forward to using this to replace Evernote. I'll be waiting by One Note when TinyMCE or Rich Text is available and PDF export. =(
103,Jan Brunei,"December 9, 2019",5, Please add feature that joplin db can be stored on teamfolder on keybase
104,Vincent Carlos,"December 5, 2019",5, I hope I can add image to the note directly. Thanks for the app though
105,Maugrift,"April 2, 2020",3," Seems okay functionally, but saves files in a weird format with lots of metadata. I've decided to just use separate text editing and synchronization software."
106,Timothy McCartney,"December 9, 2019",5, Excellent cross platform note and Todo app
107,David Stosik,"October 30, 2019",2," I was hoping I could use Joplin on my phone with minimum impact on my existing laptop workflow (I use the Vim editor and am happy with it). Unfortunately, 1. Joplin does not keep the file structure I may have already: it uses undecypherable file names and embeds proprietary data in the Markdown file...Full ReviewI was hoping I could use Joplin on my phone with minimum impact on my existing laptop workflow (I use the Vim editor and am happy with it). Unfortunately, 1. Joplin does not keep the file structure I may have already: it uses undecypherable file names and embeds proprietary data in the Markdown files, and 2. it does not allow me to share the Joplin app folder it created between multiple Dropbox account (it is marked as an ""app"" folder and Dropbox won't allow sharing)."
108,Lone Wolves,"December 19, 2019",1," Doesn't connect to nextcloud client. Competing app Carnet connects fine, and nextcloud connects fine too, heck even winscp connects fine, just this one app keeps failing, tried numerous connections but no dice. It works for some but not others, if you can't get it to work straight away , you might w...Full ReviewDoesn't connect to nextcloud client. Competing app Carnet connects fine, and nextcloud connects fine too, heck even winscp connects fine, just this one app keeps failing, tried numerous connections but no dice. It works for some but not others, if you can't get it to work straight away , you might want to consider bailing on it as I could find little help with this issue online."
109,Mikey Kuplevatsky,"April 4, 2020",1," Super useful, but the fact that there is no Google Drive sync. is a deal-breaker for me."
110,Vasily Man,"March 11, 2020",1, Can't open configuration menu and get closed. Lost 2 important notes as they became permanently encrypted on other devices. This release is very poor.
111,Fang-Lian Lyons,"May 2, 2019",5," Light design, cross-platform, works offline, nested folders . . . great software! However, the app has been the tiniest bit laggy, as in, when I'm typing a note, there's a very, very slight delay with the key presses. It's far from app-breaking though. I don't if it's because I have a lot of notes o...Full ReviewLight design, cross-platform, works offline, nested folders . . . great software! However, the app has been the tiniest bit laggy, as in, when I'm typing a note, there's a very, very slight delay with the key presses. It's far from app-breaking though. I don't if it's because I have a lot of notes or what. I also think the UI could be prettier, but I do like its simplicity."
112,Thimothé Lamoureux,"March 18, 2019",5," I just started playing with Joplin, an Evernote and OneNote replacement app. So far, it is wonderful! I love that it is open source, works on all platforms (desktop and mobile) plus syncs and have offline capabilities. You can also use the webclipper to save a webpage.The development team is very ac...Full ReviewI just started playing with Joplin, an Evernote and OneNote replacement app. So far, it is wonderful! I love that it is open source, works on all platforms (desktop and mobile) plus syncs and have offline capabilities. You can also use the webclipper to save a webpage.The development team is very active on Github and I see a bright future for the whole platform."
113,Burt Madsen,"September 12, 2018",2," The app is almost perfect. But sadly, only almost. I did not find an export function, which is important for me, but not the reason for only two stars. Almost every time I take a note, especially if I use the Bluetooth keyboard, the app cannot keep up with the writing, as if it was too slow to handl...Full ReviewThe app is almost perfect. But sadly, only almost. I did not find an export function, which is important for me, but not the reason for only two stars. Almost every time I take a note, especially if I use the Bluetooth keyboard, the app cannot keep up with the writing, as if it was too slow to handle it. This issue surfaces only on the Joplin app but on no other app and this frustrates me a lot. If this can be fixed with a setting or a bugfix will be released, I would be more than happy to honor it with 5 Stars. Phone: Redmi 5, System: MIUI 9."
114,mukti pukti,"August 27, 2019",4," Great idea, but the current cloud sync implementation is painfully slow, occasionally unreliable and you might need to wait several minutes until your changes appear on another device (in some cases they don't appear at all). Don't rely on it as a productivity app. Hopefully a better sync algorithm ...Full ReviewGreat idea, but the current cloud sync implementation is painfully slow, occasionally unreliable and you might need to wait several minutes until your changes appear on another device (in some cases they don't appear at all). Don't rely on it as a productivity app. Hopefully a better sync algorithm will be implemented in the future. Until then I'll have to use something else."
115,Daddy DiBs,"April 20, 2019",5," In less than 10 minutes I was able to create a Bullet Journal to suit my needs.  The simplicity is awesome and the mark down capabilities are great plus.  The advantages of having one application on multi platforms Windows, iOS, macOS, Linux and Android are truly remarkable.  Lets not forget WebClip...Full ReviewIn less than 10 minutes I was able to create a Bullet Journal to suit my needs.  The simplicity is awesome and the mark down capabilities are great plus.  The advantages of having one application on multi platforms Windows, iOS, macOS, Linux and Android are truly remarkable.  Lets not forget WebClipper for Chrome and Firefox.  The capability of having notebooks nest inside one another keeps my daily and weekly logs separated.  Able to sync with Dropbox and OneDrive is good enough for me though I think many would want Google Drive added.    Thank you for a very well thought out product… as far as I am concerned 100% on the money."
116,Thangaraj J,"March 28, 2019",4," Haven't got the sync to with yet, but the Linux desktop version is very nice and wonderful to see am Android version as well. I'm not able to find Joplin on the list of apps that can be used to share things like a screen shot for instance. Evernote shows up in that list though. Kindly add this abili...Full ReviewHaven't got the sync to with yet, but the Linux desktop version is very nice and wonderful to see am Android version as well. I'm not able to find Joplin on the list of apps that can be used to share things like a screen shot for instance. Evernote shows up in that list though. Kindly add this ability! I used this feature quite a lot with Evernote."
117,John Hoyne,"June 15, 2019",5," I'm using Joplin, synced via Dropbox (notes encrypted), across a Linux desktop and a phone (and later can install it on Windows if ever needed). I'm very impressed with this app and find the community on it's forum very helpful. One important thing to me is a robust backup format. I used it for a wh...Full ReviewI'm using Joplin, synced via Dropbox (notes encrypted), across a Linux desktop and a phone (and later can install it on Windows if ever needed). I'm very impressed with this app and find the community on it's forum very helpful. One important thing to me is a robust backup format. I used it for a while playing around with imports from other sources before committing new work to it. I cleared all its data a few times from Dropbox and imported backups and find it worked flawlessly. Excellent work!"
118,Emile Pesik,"May 28, 2019",4," This app has been another stepping stone in my ongoing quest to go corporate free, and has now fully replaced Evernote (I closed my account today). Joplin has allowed me to go one step further even: fully decentralized multi device synchronization via Syncthing—no 3rd party or new accounts to manage...Full ReviewThis app has been another stepping stone in my ongoing quest to go corporate free, and has now fully replaced Evernote (I closed my account today). Joplin has allowed me to go one step further even: fully decentralized multi device synchronization via Syncthing—no 3rd party or new accounts to manage needed whatsoever! Like Evernote, Joplin even provides a web clipper for the major browsers. It's not quite perfect yet though: using Markdown takes some getting used to, and the client could use some polish to bring it in line with Evernote or Simplenote; the configuration menu in particular could do with an overhaul. I'd also like to see enhanced features such as lines with check boxes moving to the bottom of the list when checked, for example for shopping lists. Development is very active so over time I'm convinced Joplin will work its way up to a full 5 star rating. Joplin is 100% free, so anyone looking for an Evernote replacement would do well to look at Joplin. And don't forget: free does cost money, so please make a donation to the dev if you find Joplin useful!"
119,Mortimer Ray,"June 9, 2019",5," Most viable alternative to OneNote and Evernote that doesn't come with some of the disadvantages of the two. OneNote isn't available for linux and Evernote supports only 2 devices for the free account. This solves both problems. Joplin still needs to smooth out a few kinks and add some useability en...Full ReviewMost viable alternative to OneNote and Evernote that doesn't come with some of the disadvantages of the two. OneNote isn't available for linux and Evernote supports only 2 devices for the free account. This solves both problems. Joplin still needs to smooth out a few kinks and add some useability enhancements. That said, this is the most promising cross-platform note taking solution out there."
120,Pedro Emanuel,"July 19, 2019",5," Literally the best note taking application I have ever used. I now use it for everything, even for marking down tasks I have to do, besides from the obvious note taking. There are really no flaws I can point at, except, perhaps, the fact that you have to learn Markdown to use the application effecti...Full ReviewLiterally the best note taking application I have ever used. I now use it for everything, even for marking down tasks I have to do, besides from the obvious note taking. There are really no flaws I can point at, except, perhaps, the fact that you have to learn Markdown to use the application effectively, but I was able to learn it very quickly. In fact, in two days I was taking notes without thinking about the fact that I was writing in Markdown. Anyway, great app."
121,Patrick Villaranda,"January 26, 2019",5," This has all the things I want in a notes app (open-source, multi-platform, encryption) and I'm not too picky about the UI. Though I noticed a bug(?) on the metadata feature. It displays on top of the note on smaller screens. Would be better to have it load on its own view."
122,Soheil Gharatappeh,"April 29, 2019",5," The best note taking app I have ever seen in my life. I have been coming a long way to say this. I started with onenote, back in the day, when I was still a windows user. For some reasons, I had to shift to Linux, and all of my notes were gone. Not only I lost my whole collection of notes, I lost an...Full ReviewThe best note taking app I have ever seen in my life. I have been coming a long way to say this. I started with onenote, back in the day, when I was still a windows user. For some reasons, I had to shift to Linux, and all of my notes were gone. Not only I lost my whole collection of notes, I lost an absolutely powerful tool for note taking. I started to look for an alternative. Used Zim, cherrytree, simple note along the way. These apps are fantastic too. But, oh man, nothing is like Joplin. It has all features you might need for an academic use. Markdown support helps you to write your math notes. You'll be able to do screenshots. It's very easy to format your notes with least amount of effort. You can have it in all OS's, which is brilliant. That means, you're not gonna lose any note anymore."
123,Todd Warner,"May 27, 2019",5," Been using Joplin for maybe a year or so. End-to-end encryption. Markdown. Notebooks. Labels. And syncs across platforms (in my case, Fedora Linux and Android 9). I've used a lot of note apps over the years, and this is, hands down, the best. Great for journaling and notes, but on the desktop it exc...Full ReviewBeen using Joplin for maybe a year or so. End-to-end encryption. Markdown. Notebooks. Labels. And syncs across platforms (in my case, Fedora Linux and Android 9). I've used a lot of note apps over the years, and this is, hands down, the best. Great for journaling and notes, but on the desktop it excels for even long form documents (I am writing a novel with Joplin for example) where, if needed, you can elect to use an external editor of your choosing (Atom or Vim for example). Joplin rocks."
124,AJ Shapiro,"April 4, 2020",1, Always install on your cel phone first. Won' import crypto keys from PC. Issues with syncing... Removed from both my PC and my cell.
125,C. Queasy,"October 17, 2019",2," Two huge issues on android: 1) it attempts to auto save every two new characters and it doesn't allow proper writing. Auto save can't be disabled. 2) if you have a really long note, it will let you read from top to bottom, but if you want to edit, it will edit from the bottom, making it unusable. Yo...Full ReviewTwo huge issues on android: 1) it attempts to auto save every two new characters and it doesn't allow proper writing. Auto save can't be disabled. 2) if you have a really long note, it will let you read from top to bottom, but if you want to edit, it will edit from the bottom, making it unusable. You cant really edit long notes on mobile."
126,Cannen McSweeney,"February 18, 2020",5," This app is perfect for my needs, sync, multiple notebooks and tags."
127,A Google user,"February 19, 2019",4," I backup files to my SD card directory. When I delete and re-download the app,and then sync, the tags (of the Joplin tutorial notes) became doubled, making the sidebar list of tags long and messy. I cannot delete those tags on Android even if I already deleted the notes with those tags. Can you plea...Full ReviewI backup files to my SD card directory. When I delete and re-download the app,and then sync, the tags (of the Joplin tutorial notes) became doubled, making the sidebar list of tags long and messy. I cannot delete those tags on Android even if I already deleted the notes with those tags. Can you please add options to delete/edit tags on Android? It's a great app, thanks."
128,Noel Ng,"July 9, 2019",5," Been looking for a Standard Notes replacement for a while. This checks everything on my wishlist for encryption, tags, and even sync! Unfortunately no support for Gdrive yet but looking forward to the future. LOVE the dark mode option, especially so coming from Standard Notes that doesn't offer this...Full ReviewBeen looking for a Standard Notes replacement for a while. This checks everything on my wishlist for encryption, tags, and even sync! Unfortunately no support for Gdrive yet but looking forward to the future. LOVE the dark mode option, especially so coming from Standard Notes that doesn't offer this simple feature! Lastly, and best of all this is open source and free! Looking to donate in the near future and buy the devs a coffee or 2 :)"
129,Ismael J Cintron,"June 8, 2019",4," It's a great app, works well for the most part. What I like the most is the compatibility with Nextcloud. The only issue I've had is some error with synchronization with encrypted data. I had to unencrypt, backup (export) the notes, erase all, import and encrypt again."
130,Edmund Williams,"October 2, 2019",5, I was an Evernote user from the beginning (when it was actually a Windows app and not even in the cloud). Once they changed their business model to limit the number of devices the free user can access I began looking for alternatives. I thought I could never find an app as useful and easy to use as ...Full ReviewI was an Evernote user from the beginning (when it was actually a Windows app and not even in the cloud). Once they changed their business model to limit the number of devices the free user can access I began looking for alternatives. I thought I could never find an app as useful and easy to use as Evernote but finally I have! Joplin is everything I loved in Evernote with the security of having full control of it myself. Luckily Joplin has an excellent import function for Evernote data too!
131,chris whitman,"January 8, 2019",5," I've been looking for this since ..well ..for evernote. I had it setup and syncing with encryption to Dropbox on Windows 10 Pro, Ubuntu 18.04, and my Samsung phone in less than an hour. Including the export from another program and import to Joplin. Without a glitch I should add. Great work!!!"
132,Sipho Mateke,"January 22, 2019",3," Decent markdown note taking app. Notes are edited as plain text and can be sorted, searched, tagged and grouped into notebooks. Unfortunately, notebooks cannot contain other notebooks. Notes can optionally be synced to OneDrive, Dropbox, Nextcloud and WebDAV. This thing I hate most is the interface ...Full ReviewDecent markdown note taking app. Notes are edited as plain text and can be sorted, searched, tagged and grouped into notebooks. Unfortunately, notebooks cannot contain other notebooks. Notes can optionally be synced to OneDrive, Dropbox, Nextcloud and WebDAV. This thing I hate most is the interface which is slow, clunky, unintuitive and all around difficult to use. There are much better markdown note taking apps out there and I recommend you try those (e.g. Markor)."
133,A Google user,"March 14, 2019",5," What Laverna Could Have Been. Joplin is now My Daily Driver For Note Taking . Awesome app guys, Thank you! Still use Laverna by the way, for its unmatched UI. Joplin Open Source Note Taking App just keeps getting updates that improves its overall performance. So far so good, it even has Dark Mode Th...Full ReviewWhat Laverna Could Have Been. Joplin is now My Daily Driver For Note Taking . Awesome app guys, Thank you! Still use Laverna by the way, for its unmatched UI. Joplin Open Source Note Taking App just keeps getting updates that improves its overall performance. So far so good, it even has Dark Mode Theme 😎 (Dark Mode Should Be Mandatory on All Apps. Gotta go dark 😉. So much better!) Joplin Works Great! Highly Recommend as an alternative to EverNote or Any other Note Taking App as of Mar 2019"
134,Neil Poulton,"September 9, 2019",4," 9 year User of Evernote. Without a Linux client and the fact that the EN web client is just not up to scratch, have gone all in with Joplin. Imported 6000+ notes, stored on OneDrive and synced between 3 PC/laptops and my phone (mostly). Limit on note size in OneDrive a small problem and sync can be ...Full Review9 year User of Evernote. Without a Linux client and the fact that the EN web client is just not up to scratch, have gone all in with Joplin. Imported 6000+ notes, stored on OneDrive and synced between 3 PC/laptops and my phone (mostly). Limit on note size in OneDrive a small problem and sync can be hit and miss. Will persist and am contributing to the software to help it grow and improve."
135,Tim Handy,"July 16, 2019",2," Very promising app to remove reliance on Google (Google Keep is close to perfect for me), however, constant sync issues between phone and PC (synced encrypted to Dropbox). Tried uninstalling on both and starting fresh, same issue. Change one note slightly, it sometimes syncs, other times disappears ...Full ReviewVery promising app to remove reliance on Google (Google Keep is close to perfect for me), however, constant sync issues between phone and PC (synced encrypted to Dropbox). Tried uninstalling on both and starting fresh, same issue. Change one note slightly, it sometimes syncs, other times disappears off screen into the 'Conflicts' tab which in itself is concerning that your note just disappeared! Checkboxes are difficult to use from mobile app, no location alerts like in Google Keep, navigating on mobile feels clunky. Doesn't autosave. Will try it again in a year or so. Will try note taking apps in NextCloud."
136,Long Hoàng,"July 10, 2019",5," It was a bit unfamiliar when I started using Joplin, but after a while exploring, the app became very easy to use. Both Markdown and searching work really well, and so does syncing with OneDrive. I love being able to go back and forth among notes using shortcut keys. Thanks a lot."
137,Ravi Joshi,"September 18, 2019",4," Excellent alternative to Evernote. However, if Laurent can add some html support, it would be excellent. Lot of users generally need slightly more than a text note - such as support for tables or spreadsheets. If these features can be added gradually, it would help a lot. Thanks for an excellent app...Full ReviewExcellent alternative to Evernote. However, if Laurent can add some html support, it would be excellent. Lot of users generally need slightly more than a text note - such as support for tables or spreadsheets. If these features can be added gradually, it would help a lot. Thanks for an excellent app."
138,Amit Dave,"September 11, 2019",5," This is easily one of the best open source, secure note taking app. Notes can be organised in notebooks, searched, tagged, the sync works great across devices. Supports mark down editing. Could not ask for more. Thanks to all who have contributed for this wonderful app."
139,Prem Patel,"July 11, 2019",2," claims to be a open source Evernote alternative and proceeds to be nothing like Evernote and on top of that makes illogical unconventional design choices. Completely useless blank welcome screen as default, quick add button with new notebook option, no way to quickly scroll through the text in edit ...Full Reviewclaims to be a open source Evernote alternative and proceeds to be nothing like Evernote and on top of that makes illogical unconventional design choices. Completely useless blank welcome screen as default, quick add button with new notebook option, no way to quickly scroll through the text in edit mode, when you enter edit mode cursor is at the bottom of the note and you need to manually scroll up to the line that you want to edit, need to manually add markdown characters instead of shrtct butto"
140,Alexandr Popov,"January 30, 2019",3," Three stars just because after I wrote about 18 lines of text the process of writing became very laggy and uncomfortable, because I tap on the letter on my keyboard and it dispayed on the screen with such unpleasant hesitation that I couldn't do a thing, but to close the app and return to evernote, ...Full ReviewThree stars just because after I wrote about 18 lines of text the process of writing became very laggy and uncomfortable, because I tap on the letter on my keyboard and it dispayed on the screen with such unpleasant hesitation that I couldn't do a thing, but to close the app and return to evernote, which does not linger so much. yet I love desktop version) hope you guys will do smth with this issue; im not the only one facing it"
141,Jason Dang,"April 4, 2019",5, Great app! I like the markdown and synchronization capability with end-to-end encryption. It also has web clipper. This is definitely a great free libre open source Evernote alternative. Keep up the great work!
142,Matt,"December 11, 2019",2," Application seems useful as a standalone. Unfortunately Nextcloud/webdav integration does not work, so synchronization is not possible."
143,Bernardo Domingues,"January 11, 2019",4," Nice FOSS alternative to Simplenote. However, I wish I could choose a monospaced font (like Courier New) as the default one and set the theme to true black (#000000). UI is ugly as hell though (it looks like it stems from 2012 Android apps), and not as fluid as Simplenote's."
144,Kushal Tripathi,"February 5, 2020",5, Simply the best notetaking app.
145,Anurag Srivastava,"December 26, 2018",5, Awesome app. Hopefully it becomes smoother and the UI starts to feel more fluid in the future updates. Dev I would like to request to add the option to change the font if possible. Thank you very much.
146,Adith K,"September 10, 2019",5, I love Joplin very much. But since the last update (on android) I cant open links. The links are being considered as files with IDs so when I click on these links [No item with ID (link)] error shows. please fix it soon. Ive checked on desktop its fine there.
147,A Google user,"October 12, 2018",4," Productive and easy to use. I'm a great fan of Remember on Bb 10, which I still use. This app is great for storing notes with folders, ads free, and comes from open source Dev: great! Five stars with UI improvement and design. Thanks a lot Dev!"
148,Charles Howell,"February 9, 2019",5," has everything I want in a note taking application: - supports tags, folders, and encryption - no adds while being free - plenty of options for the way notes are created (hyperlinks, attach files, markdown) - works on several platforms (linux, windows, usb, android)"
149,Dan Buzzard,"May 23, 2019",5, I've used many notetaking apps over the years and Joplin is by far the best yet. it syncs flawlessly via my nextcloud server with full end2end encryption. Perhaps most importantly of all it doesn't lock my data away into a proprietary format.
150,Théo Galy-Fajou,"November 6, 2019",5," Really the app I was looking for: cross-platform, markdown and latex support, open source and free!"
151,Andrew Richard Rigby,"March 5, 2019",5, This is THE best note taking software EVER written.  AND it is available on Android and Linux and Windows and and and. It makes my life soooo much easier due to being able to easily and logically organise my information.
152,Rado1 T,"June 12, 2019",5," Very good alternative for Evernote if you want to be sure to not lose all your notes due to account lock or end of service. Anytime you feel ""this should be improved"", there is a new version in few days solving it."
153,CK Quek,"October 11, 2019",4, A powerful open source note taking tool. Though the mobile version still lacks certain features like a dedicated search function in individual notes (there's a global search that can be used to search individual notes) and the ability to make a notebook into a subnotebook of another.
154,Prashant verma,"May 26, 2019",5, Best ever note taking app. I use it on my laptop & mobile. Its user friendly & easy to use. As a programmer I take notes in this app & also write documentation & project ideas. Best thing is we can export our file as pdf also.
155,A Google user,"October 29, 2018",5, Fantastic app. Try to fed rid of snooping Google services and this replaces Keep and works perfectly fine. Build in encryption and sync with my cloud is a welcome addition. Works also like a charm on my Linux laptop. And all that for free! 👍
156,A Google user,"September 29, 2018",5," (my 2nd app review ever) I just cancelled Evernote because Joplin does everything I need. Linux and Windows support, plus browser plugins. I love being able to select where it syncs and having full client side encryption. Keep up the good work!"
157,Chanathip C.,"March 25, 2019",5," The greatest note-taking app for me. The cloud-synchronization ability ensures the safety of my notes forever, and its cross-platform text alignment ensures that my notes will looks fine in all devices."
158,Josh Parsons,"September 3, 2019",4," Love, love this app but it needs to utilize the Android system built in lock (pin or fingerprint)! i am currently accomplishing a pin lock using Tasker but an encrypted (private) note taking app should have this supported natively. I've donated to the dev and emailed requesting this but no response....Full ReviewLove, love this app but it needs to utilize the Android system built in lock (pin or fingerprint)! i am currently accomplishing a pin lock using Tasker but an encrypted (private) note taking app should have this supported natively. I've donated to the dev and emailed requesting this but no response..."
159,Emil Axelsson,"March 11, 2019",4, Great! I really like the features Joplin offers. It's pretty much perfect except it's very slow to startup which is a pretty big issue when you just want to save a bit of text and continue with what you were doing.
160,EclipseMain,"August 8, 2019",2," There's no default online sync feature. You have the option of syncing with a data collecting company, or do something self hosted. People who don't wanna host something themself or don't know how can't sync their notes without Dropbox or Onedrive, which ruins the entire thing. It would be nice if t...Full ReviewThere's no default online sync feature. You have the option of syncing with a data collecting company, or do something self hosted. People who don't wanna host something themself or don't know how can't sync their notes without Dropbox or Onedrive, which ruins the entire thing. It would be nice if there were official Joplin servers that you could sync to that was also encrypted and open source, which would save the uncertainty + hassle of relying on other services."
161,Phil Steuerwald,"March 15, 2019",5," The best hidden gem I've discovered this far. Syncs with Nextcloud/Owncloud. Offers e2ee. Categoried folders. Notebooks and notes. Tagging. Supports markdown. All for free (of course, you should at least but this dude, the software developer, a beer). Awesome app! Well supported. Frequently updated."
162,Loop Back,"May 23, 2019",2," Does not work after upgraded to Android 9. While initial sync on smartphone (no any notes) it starts creating tens of ""remote items"" (64 within 5 minutes) and then nothing hapens, it just hangs. Other devices begin to create ""local items"" until i see ""Error: On file: blabla.md Unknown type: 13"". Sad...Full ReviewDoes not work after upgraded to Android 9. While initial sync on smartphone (no any notes) it starts creating tens of ""remote items"" (64 within 5 minutes) and then nothing hapens, it just hangs. Other devices begin to create ""local items"" until i see ""Error: On file: blabla.md Unknown type: 13"". Sad."
163,A Google user,"October 3, 2018",4, Very Very good. Use it often. UI could do with a redesign and adding stuff is a bit clunky. I do like it though and I use the desktop apps as well. Thanks for the hard work
164,Vitor Santos,"September 3, 2019",3," Nice app. But using Markdown for formatting notes in 2019 is like going back in time. It remembers me old school editors where we had to memorize combination of characters to produce an equation. But it has interesting features: alarms, synchronization, etc."
165,David Swanson,"September 28, 2019",5, When I read that Microsoft can read your notes Im so sick of privacy issues. I work with Children in education and their personnal information is up most importance. Switched to Nextcloud and now and awesome Notetaking app that can be stored on our securie private Nextcloud server. Thank you for all...Full ReviewWhen I read that Microsoft can read your notes Im so sick of privacy issues. I work with Children in education and their personnal information is up most importance. Switched to Nextcloud and now and awesome Notetaking app that can be stored on our securie private Nextcloud server. Thank you for all the hard work and amazing app.
166,Aleksei Marinichenko,"November 5, 2019",5, Great alternative for not open-source projects. I like the possibility to encrypt notes.
167,Alex Krylov,"April 19, 2019",3," Good start, but there is no WYSIWYG  editor both in mobile and desktop versions. Only viewers. Fine if you're in love with retro. But not for the XXI century. Hope they will change it someday, and destroy the Evernote hegemony."
168,Arnab Das,"June 28, 2019",5," Superb, cross platform note taking app. Free, open source, cross platform. It's everything you need from a note taking app and so much more."
169,James Derrick,"June 12, 2019",5," Excellent synchronised note taking platform that plays well with open standards like Markdown and NextCloud. There is a native Linux client which works well (unlike Evernote, which is now uninstalled and unsubscribed)."
170,Ed Logan,"April 15, 2019",4," Good, One Of The Better Note-Taking Apps... Lots of features. Really like it, but see no way to sync to Google Drive, which is my preferred method of storage/backup."
171,A Google user,"December 21, 2018",1, Great app but why does it have Google firebase analytics built in (scanned using classyshark) . That kind of goes against the whole privacy open source claims. I will have to use nextcloud notes instead.
172,Shankar Shankar,"July 5, 2019",4, I recently found this app and am enjoying using it so far. feedback: ability to rearrange notes inside notebook manually will be great and full fill all my requirements. it will be perfect according to me.
173,Raoul Van Oosten,"October 31, 2019",4," Good app but becomes very, very slow when editing large text files"
174,M T,"June 26, 2019",3," A lot of potential here as a replacement for Evernote, but the app doesn't support native sharing into it. it's a real deal breaker, and I've not been able to get any information about plans to resolve it."
175,Kai Weeks,"September 14, 2019",5," This is such a good note-taking and organising app. As with most Free and Open Source Software it needs contributes, and improvements can be done by anyone who has the will to!"
176,rocky ells,"October 14, 2019",5," If you want a note taking app that supports attachments, AND respects your PRIVACY there is no better—can be synced to your own device! and you can then use whatever backup solution you choose."
177,Alexander Maret-Huskinson,"April 23, 2019",5," Simply the best notebook app for advanced users, who are familiar with MarkDown. Available on all platforms and allows you to sync with your private server thanks to WebDAV support."
178,Markus Birth,"December 22, 2018",5," Since you never know when Google is sunsetting another one of their various services, I've migrated my notes from Keep to Joplin and everything works great. And the Markdown syntax is the icing on the cake."
179,K.B. Tidwell,"November 4, 2018",4," I'm just getting started moving from OneNote to this, and so far I like it. Is there a way to select external storage for notes? Edit: found it! :)"
180,Llew Murry,"February 8, 2019",5," This syncs perfectly with Dropbox. i have it set up on my desktop, laptop, and tablet. Great distraction-free writing app with dark interface to save the eyes. Thank you to the developer!"
181,tomisk,"June 12, 2019",4, improvements is needed. Please remove Welcome screen when pressing back button while in notebook. show the lists of notebooks. rethink to-do list. this doesnt work for me only one checkbox appear
182,Iman Brouwer,"June 21, 2019",5," Works very well and using it every day, both on a linux desktop, windows and android phone and tablet. In my case syncing is set with nextcloud. Awesome software!"
183,Sig Weber,"March 2, 2019",5," Description didn't mention Dropbox support, hence I didn't bother to install and test. Developer replied it is included, so I've been testing it for a while and it looks good."
184,Tristan Cook,"May 19, 2019",3," Great features, poor performance On OnePlus 5 (Android 9). Even with just the default notes the app notably lags: animations with side drawer and slow keyboard responsiveness within notes (something I don't see in other note apps)."
185,John Smith,"April 15, 2019",5," Still has some things to wish for, but it's currently the best note-taking crossplatform app with e2ee, and it's moving forward fast!"
186,Gert van Kruiningen,"May 13, 2019",5," The best note taking app ever ! With continues support and updates :-) I haven't had any issues, but its being worked on all the time. That has to be GOOD !!"
187,Kev M,"August 12, 2019",3, Sync is not user friendly at all (ie. if you move your folder in Nextcloud it deletes all your notes). Tasks are annoying because you have to set up a new note for every task. It's improving though.
188,Justus Grunow,"January 11, 2019",5, Exactly what I've been looking for in a notes app: - Cross platform - Open source - No account required/not ☁️-based - Markdown - Supports pictures - Can handle sync myself Great work!
189,greg blee,"December 17, 2018",5," Superb encrypted replacement for Simplenote. It all just works -- UI, formatting (Markdown & plain text), desktop client (Linux), sync (i use WebDAV). Very pleased to have found this excellent app."
190,Alex Coc,"October 13, 2019",5, An open-source notes and to-do app. Available on all platforms and full of great features including sync with your own Dropbox. Changed from Simplenote to this one.
191,Philip Philippidis,"December 3, 2018",5, A great open-source alternative to Evernote. All it needs now is a scrollable widget and cross-referencing notes.
192,Ronald Capel,"May 2, 2019",4, Replaced Evernote with this app. Still in development. Performance on Android has improved a lot since the last update. Looks promising.
193,mustafa aydin,"June 8, 2019",4," does not sync with dropbox ,get unexpected char 0×131 at 10 in header name dropbox-apı-argnull error.. edit: the problem seems to related with Turkish lang. , when i switch the lang. of my phone to eng. it works fine"
194,Fahmi Irfan,"September 12, 2018",3," The functionality is good. But, the UI need more polish and when i write a long text it get lagging. My device is Xiaomi Redmi 4 Prime"
195,Sergey Danyushin,"July 10, 2019",5," Great app, lots of potential here. Wish there was an option to change font size though."
196,Steve Holle,"December 14, 2018",4," I ditched Evernote long ago and finally found Joplin to replace it.  If I could get ""to-do"" in a widget it would be perfect!"
197,Lucretia Löic,"August 6, 2019",5," Hands down, the best note taking app. So simple yet flexible (and secure too!)"
198,Anthony Cartmell,"September 11, 2019",5," Excellent alternative to Evernote, especially if you like better formatting control and the long term security of open source software."
199,Prashanth Yenduri,"December 8, 2019",5, Excellent. Hope to see widget support soon.
200,Maxim Burgerhout,"October 1, 2019",3, Sync between mobile and desktop not working (for me). The master key (generated on desktop) is not usable on mobile. Error message includes something about an ocb tag. Can share full log if that helps...
201,Enascut Claudiu,"November 29, 2019",5," Perfect app,to do on top etc"
202,Ayush J,"August 5, 2019",4," i loved the fact that it's open source and encrypted. But my encrypted notes DID NOT decrypt on my other devices, so decryption still has few clunks. Otherwise, great job devs"
203,Herbert Vonhoegen,"October 1, 2018",5," Easy to use, works on all my platforms and protects confidentiality of my notes. Excellent!"
204,Phil McMillan,"May 28, 2019",5," Stable, easy to use, and an absolutely viable alternative to Evernote and OneNote. Syncing perfectly via DropBox to Joplin on my PC and Mac."
205,Ng Xin,"September 10, 2019",4, Great app for note taking or jotting down ideas. Also good as I can choose how to sync the notebooks. A better looking UI would be nice though.
206,Comping,"June 8, 2019",5, Really good note taking app. Simple but very versatile. Recommend.
207,David Stievenard,"September 26, 2019",5," excellent taking note app, the fact that it support all kind of synchronisation methods (including syncthing) was crucial for me"
208,A Google user,"December 7, 2018",3," Using it on an Android 8 mobile, and Android 6 Tablet, and Chrome OS. Seem that the sync via Dropbox only work normally under Android 6."
209,Stuart Mclean,"September 26, 2019",5, Great indie notes app. Works across multiple platforms with your own sync source. Love it.
210,Tianwen CHEN,"October 7, 2018",5, Great app! Would be even better if it supports syntax highlighting.
211,Frank Parker,"October 26, 2019",1," I was specifically looking for an app to synchronize simple markdown files between a pc and mobile using nextcloud. This is not it, because the notes are not stores as plain markdown and with magic names."
212,Luis Fernández,"March 29, 2019",5, Best cross-platform note-taking app! Great that it can use my own nextcloud as storage provider!
213,David Barnard-Wills,"February 19, 2019",5," it works neatly and efficiently, easy to set up with dropbox, open source and encrypted notes"
214,Juan Quijano,"October 28, 2019",2, The app gets frozen on my macbook very often. I have to wait long time to open a text file. When will you fix that?
215,A Google user,"February 22, 2019",5," great app, and better than Evernote! great syncing capabilities and features. well supported"
216,Mike Chu,"April 6, 2019",5, Found out about this on privacytools.io and it's completely replaced Keep for my needs... it does a better job actually especially knowing markdown.
217,sourabh kotnala,"June 11, 2019",5," only app with full latex support for math note taking, which can sync notes written in linux to my android phone. thank you for your hardwork!"
218,Rol Vol,"March 13, 2020",4," Nice, but search in text is half implemented"
219,Richard McKinney,"October 3, 2018",2, Current version crashes when uploading files! Historically have loved the app.
220,Jeff Arnold,"May 3, 2019",5, WONDERFUL alternative to OneNote and/or EverNote. HIGHLY recommended.
221,Mohammed Emad,"August 10, 2019",5," Pretty good notes app, it's just the launch time is long."
222,Heba mosa,"October 10, 2019",5," Writing is a form of meditation to me, and honestly I feel relieved when I open this app."
223,Hoshi Inoue,"July 26, 2019",5, waiting for (1) support adding images (2) timed reminders // then it can replace Google Keep
224,A Google user,"October 22, 2018",1, Wanted a simple note app that had files that could be transfered to and from a PC via USB cord. Tried to sync to phone file system. NO USER GUIDE
225,Virendra Giri,"September 17, 2019",5," UI needs to be redone. Need some basic features like notes pinning, coloured labels."
226,Indraneel Pandit,"December 25, 2018",5," Am watching this app closely. It ticks all the right boxes to replace tge big guys qho honestly, don't seem to be listening to what their customers want. Woudblivrbto s3e: -Mail in notes -Editband synx back attachments -Nested bullets/numbering /checkboxes -Inline Hashtags"
227,Bernd W.,"April 11, 2019",4, Excellent if you arewilling to tolerate the occasional bug.
228,Adam Jennings,"June 13, 2019",5, markdown notes with plenty of syncing options to my Linux computers. love it!
229,Gerald Henton,"July 4, 2019",1," would freeze device on launch, had to reboot. tried clearing caches ad reinstall. Lenovo Yoga 850F"
230,sergio flores pereira,"December 5, 2018",5," The best in MD, note taking, sharing across multiple devices & platforms and has active support & development. Please keep it up guys!"
231,Metcomm Malaga,"April 29, 2019",5," Easy to use and yes, text can be formatted."
232,Cristian Vasquez,"September 25, 2019",5," Needs work, but is a promising app... Better than Evernote"
233,Urban Nomad,"June 14, 2019",3, Seems good but it force crashes every time I try configure in mobile
234,William MacLeod,"September 15, 2018",2, App crashed constantly and didn't sync properly with nextcloud
235,Joseph Wojciechowski,"July 1, 2019",3," pros - it free, works well cons - lack of sub foldering system cons - no dating of article entries."
236,Alec Hudson,"November 23, 2019",5, I've been looking for a service like this for years
237,Javier Cruz,"September 30, 2018",5," Great note app, open source and great active development"
238,Jason Yau,"July 2, 2019",5," great app and free, no strings attached. Ive replaced evernote with it"
239,Omni-Shadow-Topia AkA Conrad Massie,"November 25, 2018",5, finally a open source alternative that work on all platform and can sync between them all
240,Akshay Thorat,"February 13, 2019",3, TWO important features missing. 1) trash is not available 2) doesn't support text formatting
241,Jox Díaz,"February 12, 2020",3, The UI is pretty bad for tablets
242,Santosh Gupta,"August 21, 2019",4, Nice app. If we could customize css as we do in desktop then it will be great.
243,Ianko Gerdjikov,"December 19, 2018",5, great! fantastic functionality & cloud sync.
244,Kyriacos Kyriacou,"July 14, 2019",2, Nexcloud sync is not working with port forwarding but desktop joplin is working fine
245,Marcelo Barcia,"August 9, 2019",5, great app! very useful and fully configurable
246,Darren Rogers,"September 22, 2019",5, This is the notes app I have been looking for! Joplin rocks! I am able to break free of the tyrannical internet companies and sync my notes my way.
247,Pruthvi Panchani,"October 17, 2019",5, Open source markdown note taking taking app with sync feature. Perfect.
248,Michael Hynes,"December 20, 2018",5," Would love a todo list, but works perfectly"
249,Javier,"October 4, 2019",4," Tried , its ok , I wont give you 5 stars due to does not have suport for Gdrive. Uninstalling, nice app anyways."
250,Sinnah Saint,"April 7, 2019",4, liking it so far. just one request: please make it so I can hide tags. i don't need them in the sidebar all the time. thanks
251,Amirmohammad omidi,"May 29, 2019",4, please add web clipper to android version for those who use firefox or any other browser wich support extensions may come in handy
252,Blitzx McShank,"January 17, 2019",3, love Joplin desktop! app just not mobile friendly enough.
253,Peter Lemeššanyi,"August 9, 2019",5," Free, open source, no ads, no agenda. You can't ask for more."
254,Hrvoje,"October 13, 2019",5, App is easy to use and have everything I need.
255,Marian Douspis,"August 6, 2019",1, Synchro does not work with nextcloud
256,Daan Rademaker,"January 30, 2020",5, Awesome open source!
257,Pavel Morozov,"March 25, 2020",5, This app is the best I've ever dreamed about!
258,Gigio Pincio,"April 3, 2020",1, No handwriting support.
259,Uriel Caiado,"June 30, 2019",2," very good app, unfortunately slow.."
260,Роман Короленко,"November 5, 2018",2, Don't work sync with Dropbox.
261,G Acs,"August 27, 2019",2, No way to open save individual note file!
262,hien hihu,"March 28, 2020",5, This app is great
263,David Lau,"May 13, 2019",4, Need a tile to add notes quickly
264,tadly,"March 13, 2020",1, Is this thing ever gonna get a decent UI? What the heck is this navigation drawer?
265,la paz,"October 18, 2019",5, Only libre software can make your data truly belong to you.
266,Manjunath Beli,"December 10, 2019",5, Awesome Markdown app
267,Basbas Mounir,"April 12, 2020",4, If it has editing tool bar it will be awesome
268,Ioan Jones,"September 16, 2019",5, Amazing. Well done. Just love it.
269,Máté Szilák,"March 22, 2020",5, Finally a md note taking app for android
270,Adam Jackson,"April 12, 2020",2, It's can't sync with Google Drive ☹️
271,yousef dash,"December 27, 2019",5," My future exclusive note taking app, i hope. I'm already migrating my notes to it and learning it along the way."
272,Kishan Shailendra Harry,"June 25, 2019",2, Shortcuts not available
273,Amulya Kishan,"April 22, 2020",5, Great note taking app
274,:P WQing,"March 8, 2020",5, Now webdav works!
275,Niko Lehto,"October 29, 2019",4, I wish there was a option to unlock the app with fingerprint.
276,Guy One,"December 12, 2019",5, Joplin made me believe in love again.
277,Stephen Hanson,"February 25, 2020",5," Syncs with Arch, Solus, Fedora, and mo"
278,Pieter van der Vegte,"November 24, 2018",5, Great open source alternative
279,Yehudi,"November 3, 2019",5, Superb and stable.
280,Nowu of the North,"February 12, 2019",3, No MEGA support?
281,Manuel Rodrigues Lx,"January 1, 2020",5, Joplin has a future!
282,Alex Chambers,"July 18, 2019",4, Nice open source alternative for noting
283,Rich Mesek,"July 14, 2019",5, great note utility
284,p to the t,"December 12, 2019",5, App = good
285,Xperia Throwaway,"April 11, 2019",5, Better than Evernote
286,A Google user,"February 15, 2019",5, Great. Just what I was looking for.
287,Stanislav Dobrutskyi,"May 12, 2019",5, This is plainly comfortable
288,Mohd Shehbaz,"July 11, 2019",5, very good app
289,Kijiji Buyer,"April 25, 2020",1, No S-Pen support.
290,Simone P,"April 19, 2020",5, Continuate così è super
291,Darshan Jali,"April 18, 2020",5, good
292,Tàmriêl •,"April 12, 2020",5, Very good
293,Paul Webber,"March 28, 2020",4, Good
294,Sabu Sabu,"April 10, 2020",5, Amazing
295,Jerzy Grzejewski,"April 14, 2020",5, Excellent
296,A Google user,"March 22, 2020",5, The best
297,A Google user,"March 14, 2020",5, My cross platform notetaking and todolist app of choice!
298,Simon Cohn,"March 10, 2020",4, Great app
299,Los Este,"January 27, 2020",5," sembra veramente ottima, spero presto sarà in grado di superare Evernote non sono riuscito a convertire i link alle note che restano quelli originali. buon lavoro!"
300,Tom Trix,"January 3, 2020",5, Прекрасная альтернатива всем (!) платным продуктам
301,Francesc Alonso Belchi,"December 21, 2019",3, I think that it's necessary to have automatic indenting for bullets. Thanks.
302,eMaN,"December 22, 2019",5, Fantastic
303,Markus van der westhuizen,"October 16, 2019",5," Super MD app, sync with Nextcloud and very nifty functions in the desktop version too 👌🏻"
304,Grey Wolf,"November 6, 2019",5, Интерфейс топорный
305,Google User,"October 4, 2019",5, 👍👍
306,A Google user,"June 20, 2019",4, This is the app to use if you don't want Google and Microsoft to read your notes.
307,Pablo Jiménez Mateo,"June 29, 2019",5, Amazing!
308,ToJe DnesPekne,"June 6, 2019",5," Výborná aplikace, stěhuji do ní veškeré své poznámky a záznamy. Velmi oceňuji vkládání libovolných příloh a obrázků. Synchronizace s Nextcloud perfektní. Hierarchické sešity (notebooks) plus ještě tagy = super výkonná aplikace."
309,A Google user,"June 5, 2019",4, An awesome note taking app which respects your privacy and let you synchronised your notes with your favourite cloud service and has a tons of features. Needs better dark theme
310,Steve Faktor,"April 10, 2019",3," Pluses: desktop/cloud sync, open source, web clipper, encryption. Minuses: encryption wonky & unreliable, desktop app, missing basic Android sharing functionality, muddy UI, too many steps to do things like create a new note, no way to eliminate notebooks & just use tags. Going back to SimpleNote fo...Full ReviewPluses: desktop/cloud sync, open source, web clipper, encryption. Minuses: encryption wonky & unreliable, desktop app, missing basic Android sharing functionality, muddy UI, too many steps to do things like create a new note, no way to eliminate notebooks & just use tags. Going back to SimpleNote for now."
311,Srinivas K,"April 15, 2019",5, good
312,Chris,"February 16, 2019",5, I love it
313,A Google user,"March 1, 2019",5, Almost perfect
314,A Google user,"December 18, 2018",5," I've been searching for knowledge base solution for a long time now. Tested both desktop and mobile versions. Solid and very promising! Currently moving my stuff here, from slow and clunky onenote. Thank you for this app!"
315,Chad Fredericksen,"November 24, 2018",5, Best notes app on the market
316,Dao Fo,"October 3, 2018",5, Very good!
317,A Google user,"August 23, 2018",4," Not bad for a note taking app. Clear design. A bit clunky when it comes to setup (not asking for required privs), should have sharing integration."
318,Viktor Ahlqvist,"September 6, 2018",5," Finally found a note taking so that I am happy with and works well on an Android and Linux setup. Apps is non-disruptive, handles syncing well and support markdown formatting. Would be great if it would support Android sharing, but copy paste works as well."
319,Tim Rhodes,"June 30, 2018",5," I was looking for a cross platform note app, that sync'ed data, this one 
uses Dropbox. Works well and tested on Android, Linux and windows."
320,A Google user,"August 5, 2018",5," Syncs to nextcloud server and encrypts. No extra bs plus supports markdown. 
Mobile and desktop apps showing updated features. Keep up the great work!"
321,A Google user,"July 22, 2018",5," Love this open source, cross device note app."
322,A Google user,"July 11, 2018",5, Love the app. Perfect replacement for tomboy and evernote.
323,Maxime Libsig,"July 12, 2018",5, great app. remimders don't work for me.
324,Dorin Chiritoiu,"June 15, 2018",5," Awesome app! Everything is perfect. No problem synching my notes with my 
linux machine. Don't have any problem working with markdown. It's an 
impressive app and it is worth mentioning that's open source!"
325,tj kn,"May 20, 2018",5," Please add sharing ability with Google products like Keep, Calendar, etc"
326,Andrew Raisbeck,"June 3, 2018",5, With the suicide of Instapaper. Joplin has an even greater significance
327,Helmut K. C. Tessarek,"May 3, 2018",5," I finally found a great note taking app. There are still a few improvements 
to be made, but I can recommend this app without hesitation. Keep up the 
great work!"
328,james pkfbea,"May 5, 2018",5, I think I've found the note taking app I was looking for since.
329,A Google user,"May 3, 2018",5," Markdown, sync, cross platform, high quality."
330,Lucius Hammock,"April 30, 2018",5, Awesome! I have never seen a better app for note keeping!
331,Mike Chilson,"May 1, 2018",5, Great open source alternative
332,Joshua Needham,"April 10, 2018",5," So far this app is magnificent! Very streamlined yet powerful, streamline yet feature rich. Definitely happy to have found it."
333,Tom Grady,"April 20, 2018",4," There have been huge improvements over the last few months. I use it with 
Nextcloud syncing because it is much more robust than the Nextcloud notes 
app."
334,James Enloe,"April 6, 2018",4," The notes app I've been looking for. Like Simplenote on steroids. Markdown support with the ability to add images and files to notes is fantastic. Using Dropbox sync between my Pixel 2 XL, Windows 10 desktop and Windows 10 laptop has worked great thus far. Really happy I stumbled across this app!"
335,A Google user,"March 17, 2018",5, But but... Where is the local fs synchronization ?
336,Andy Cowley,"March 14, 2018",3, Nextcloud webdav sync seems to crash the app after 4 or 5 items. Struggling with it at the moment. Onedrive works fine
337,A Google user,"March 9, 2018",5, needs nextcloud sync or at least obligatory local sync
338,Joseph Genther,"March 14, 2018",2, Not ready to replace Evernote. The usability and list of features is missing most of what I need.
339,A Google user,"March 13, 2018",5, Great alternative to Evernote
340,Clint Walker,"March 4, 2018",5," The fact that one can produce tables on an Android device puts this ahead of Evernote, Dropbox Paper, Google Keep."
341,The Solamnic,"February 13, 2018",5, This is a great app with an active developer. No complaints.
342,Uldis Segliņš,"December 11, 2017",3," Kudos for opensourcing. Too cluttered interface. Lists should be visible right away, not hidden under some invisible menu layer. I need my lists at the touch of one button, when I'm at the store. Either at lockscreen or as widgets. Now I have to start the app, navigate to some list, open it."
343,Asmer Mlaćo,"December 16, 2017",3," Not bad, still buggy. Welcome page is useless. Editing notes are not done OK. Sometimes you don't see the text you're editing if a note is long."
344,Tim Morrison,"December 14, 2017",3, As a mobile app the fact that you can't share/clip items into the app from other apps is a deal breaker. Too cumbersome workflow wise to use. Plus the add photo from the gallery doesn't work anyway.
345,Carlos Miller,"January 5, 2018",4, I think this is a great start. I've been using Simplenote which is also great but I like the features here a bit better.  I hope that you'll continue to develop this in the future.
346,Aditya Avhad,"December 12, 2017",5, Can you add an amoled theme?    So far the app is great with all synchronization options found this app on omgubuntu
347,Hypno Buddha,"December 18, 2017",4," Worked for a short time with only a few items imported from Evernote, but once I added it stopped syncing properly. Very promising though!"
348,Alen Mazinga,"December 3, 2017",3," For me, the main reason for dropping Evernote is Microsoft. As so, I would prefer another sync option and not just One Note (Mega for example, cause privacy is important and people who don't want Microsoft, don't want also Dropbox). I would love to see also some character settings, as I like to have...Full ReviewFor me, the main reason for dropping Evernote is Microsoft. As so, I would prefer another sync option and not just One Note (Mega for example, cause privacy is important and people who don't want Microsoft, don't want also Dropbox). I would love to see also some character settings, as I like to have some notes in fonts, that are monospaced like f.e. Courier. I like the GUI and think the dark theme is really a nice option."
349,John Lang Wilson,"December 4, 2017",5," Excellent, imported all my notes from Evernote via Linux/Ubuntu. Notes now visible on my Android gizmos. A really useful Application."
350,Kou Yong Kang,"November 30, 2017",5, Looks really promising as an Evernote replacement. Would be great if it can sync via the built-in file manager so that I can use my Seafile instance instead of Onedrive.
351,Amy H.,"December 2, 2017",3, This app is great but I need chromebook compatibility to make either 5 stars. Great on windows and Linux though.
352,nicola muneratto,"December 1, 2017",4, Finally a Evernote open source  alternative and supports markdown .  Bravo!
353,Douglas Brown,"November 29, 2017",5," A good start. I look forward to seeing how this app develops over time. For me, killer features of Evernote are the Web Clipper and being able to send Web pages to an email address (to be auto add the page contents to a notebook). Once Joplin approaches that feature set, I'll seriously consider dump...Full ReviewA good start. I look forward to seeing how this app develops over time. For me, killer features of Evernote are the Web Clipper and being able to send Web pages to an email address (to be auto add the page contents to a notebook). Once Joplin approaches that feature set, I'll seriously consider dumping Evernote (saving their monthly Premium fees)."
354,Frost Toast,"November 30, 2017",4, It is a good app but there some problems that i noticed. For instance            i cant scroll down if i wrote a long note. I think if you add syncronizing through your email that would be great
355,monica irwin,"November 29, 2017",2," I am editing this review & my rating from 2  stars to 4 stars because I received an immediate response to the original review and my questions were answered.  Thanks to the developer for the prompt reply.  As a result I am going to try it on my PC .  The following is my original review.  ""I can't fi...Full ReviewI am editing this review & my rating from 2  stars to 4 stars because I received an immediate response to the original review and my questions were answered.  Thanks to the developer for the prompt reply.  As a result I am going to try it on my PC .  The following is my original review.  ""I can't find any info on tagging notes which is one of the reasons I downloaded it.  There doesn't appear to be any support for asking questions or info on how to use the app.  I will probably  uninstall it."""
356,Srijal Joshi,"November 30, 2017",5, Very well done. Great features and love the multi-platform support!
357,danang lanang,"November 30, 2017",2, Can't attach image from gallery or camera
358,Christian Velasquez,"November 29, 2017",2, Needs a UI overhaul with better layout and design + material design + tablet optimized UI
359,Jason Umbarger,"December 1, 2017",4," Edit: I bumped up to 4 stars as that is the average as of now and I don't want to hurt the app. The website says syncs to OneDrive, but my attempts to sync to OneDrive Business failed. I later learn ODB not supported. That's my use case, so app not useful to me. Also, weird screen size fit for iPad ...Full ReviewEdit: I bumped up to 4 stars as that is the average as of now and I don't want to hurt the app. The website says syncs to OneDrive, but my attempts to sync to OneDrive Business failed. I later learn ODB not supported. That's my use case, so app not useful to me. Also, weird screen size fit for iPad Pro 12.9. Otherwise, no complaints. Developer seems very responsive to issues.  Couldn't get it to sync at all with iOS or MacOS and OneDrive Business. 2 stars for great concept, definitely addresses a pain point with the need for iOS, MacOS and Android syncing to OneDrive Business, but can't get it to work."
360,Roy Markham,"January 25, 2018",3, Not sure why an open-source app doesn't have OwnCloud support. I'm not interested in Microsoft one drives. Thanks for the effort anyways.
361,Varun Bhatta,"April 18, 2019",3," good open source app. however found the UI to be but non intuitive. also, having no web interface forces to install app in desktop too."
362,Mike Girard,"August 31, 2018",5," Saving is a little clunky, if we could get a little better back button functionality it would be nearly perfect"
363,A Google user,"April 26, 2018",1, Cannot conect to nextcloud
364,Chaingun Guy,"September 3, 2019",5, Thanks Laurent!
365,A Google user,"May 20, 2018",5," Great note app, good sync support"
366,sajjad intel,"December 11, 2018",5, perfect
367,ban immortal,"March 27, 2020",5, cool
368,Mario Raciti,"April 12, 2020",5, Awesome
