index,author_name,review_date,reviewer_ratings,review_body
0,Diana Williams,"July 4, 2019",4, This app seems like it will be really helpful for pride as all events going on are displayed clearly and the timetable for acts on the different stages is nicely laid out. Something I think would be a good addition is a feature where you can make your own itinerary of each act that you want to see s...Full ReviewThis app seems like it will be really helpful for pride as all events going on are displayed clearly and the timetable for acts on the different stages is nicely laid out. Something I think would be a good addition is a feature where you can make your own itinerary of each act that you want to see so it is clearly set out where and when the things that interest you most are. Possibly an add button by each performance so you can attach it to your itinerary easily.
1,8ruc3r,"July 8, 2019",4, This was a very useful app for navigating the activities of an awesome Pride weekend.
2,Tom Donnelly,"July 2, 2019",5, Great App for London Pride 2019 Jubilee
3,Catherine Helen Bishopwood,"July 6, 2018",5, An indispensable guide for the day!
4,Chris Starkey,"July 2, 2018",1, I didn't feel the love as was promised.
5,Mike Shamash,"June 10, 2018",5, Great app. Well done
6,James Davidson,"June 13, 2018",5, Great app especially for festival events!
7,Cain Ullah,"June 9, 2018",5, Beautiful app.
8,neil macnab,"July 7, 2017",4, Fails to open once installed on Huawei p7. Now its working once opened via email link.
9,Maverik Gately,"July 2, 2017",3, Its got potential but clearly not actually been used by real users. All five stars appear to be forced with nothing to say. I need two things from this app and it failed on both: the ability to see parade route and current events.. route map is the same Google map i have in phone with just events fo...Full ReviewIts got potential but clearly not actually been used by real users. All five stars appear to be forced with nothing to say. I need two things from this app and it failed on both: the ability to see parade route and current events.. route map is the same Google map i have in phone with just events for around. There's no way to filter the events down to currently active or the day itself. The app clearly had passionate team behind it but nobody thought of using it as a user on the day.
10,Mike Hopkins,"July 1, 2017",5, Really good app! Very useful.
11,Wenloc Wynter,"June 27, 2017",5," Great app, really useful."
12,DORYAN,"June 26, 2017",5, Fabulous and helpful app to know what's happening and live Pride in london to the fullest !!
13,A Google user,"August 2, 2017",1, I dont like this app
14,Bronte Wong,"June 9, 2018",5," Easy to read, use, and very clear. Love it!"
15,Ferran Ribell,"June 25, 2017",5, Nice app
16,clint capell,"July 5, 2017",5, Great
17,Lydia Porter,"June 27, 2017",5, Excellent
