index,author_name,review_date,reviewer_ratings,review_body
0,Lowkya Kalyanam,"January 23, 2019",5, Informative and very useful.
1,gollapudi bharath,"September 6, 2018",5, Why remember the currency rates and use caluculators for conversions if u can just use the app to know the updated currencies and conversions. Great app.
2,Venkatesh Belde,"September 6, 2018",5, Ease of use and GUI looks well.
3,mallesh m,"September 8, 2018",5, I have tried a lot of apps with similar purpose but this is by far the best. Easy to use. Beautiful design.You guys are the best. Thanks.
4,Chaitanya Kattineni,"September 6, 2018",5, Great application to find past and present value of your currency to other currency.
5,Nikhila Mergu,"September 8, 2018",5," One place to know all the currency rates, awesome app👍"
6,Gadila Ravi Kumar,"September 6, 2018",5, 👍 Awesome app to compare currency rates 💱
7,sravanthi gowrisetty,"September 6, 2018",5, Good one
