index,author_name,review_date,reviewer_ratings,review_body
0,A Google user,"October 14, 2018",5, Melissa ponder robison likes
1,David Hook,"July 15, 2018",1, As soon as I got ahead it slowed and could not reply to my moves.
2,Plamen Yonchev,"June 28, 2018",4," The game is good, but when palying with the AI, you can add 2 seconds delay 
before moving the figure, because it happing too fast and you can miss the 
move."
3,Eli Boguteva,"June 21, 2018",5, Really good...
4,dani dani,"March 4, 2020",5, epic
