index,author_name,review_date,reviewer_ratings,review_body
0,Meredith Johnson,"April 24, 2020",2, I used this app for 2 months it has a lot of bugs. Sometimes it won't sync your steps or let you enter your meals. But my main complaint is that you're paying $99/ month for intensive nutrition counseling from a coach and the engagement just isn't there. I was expecting daily check-ins and sometimes...Full ReviewI used this app for 2 months it has a lot of bugs. Sometimes it won't sync your steps or let you enter your meals. But my main complaint is that you're paying $99/ month for intensive nutrition counseling from a coach and the engagement just isn't there. I was expecting daily check-ins and sometimes I don't hear from my coach in a week. For that level of engagement I could pay less for Noon.
1,chaos Roland,"April 24, 2020",1, There are so many ads and i tryed to sign up but and error alway occurs
2,Brandon White,"February 3, 2020",1," Horrible user experience, spent 10 minutes just figuring out how to sign in and recover my account from facebook. Their website doesn't explain any of this. Once I finally recovered my account it says you have to pay $10 a month to do anything. Not going to pay because it shows you nothing about wha...Full ReviewHorrible user experience, spent 10 minutes just figuring out how to sign in and recover my account from facebook. Their website doesn't explain any of this. Once I finally recovered my account it says you have to pay $10 a month to do anything. Not going to pay because it shows you nothing about what you will actually get out of the app. This app was somewhat decent several years ago, now it is a waste of time."
3,Fred Alluso,"February 10, 2020",1," I am a Pro user. The app looks great, and often performs ok. However, when there is an update I begin having issues w/ place tracking and auto synching. Moreover, I've reached out to the developers about my issues and they are not returning my messages. Most issues would be straightened out via prop...Full ReviewI am a Pro user. The app looks great, and often performs ok. However, when there is an update I begin having issues w/ place tracking and auto synching. Moreover, I've reached out to the developers about my issues and they are not returning my messages. Most issues would be straightened out via proper user manual/videos, but it looks like the focus has changed to further monetization. I was a real evangelist for this app. But between a clunky UI/UX and my other issues I have reduced my rating."
4,Artur Kalnins,"January 20, 2020",4, Edit: after months of uses they added a lot of features but i wish instead of taking pictures they could integrate with myfifnesspal to add calorie counting. The app is great but iphone has ALOT more features than android while we pay the same price. Game of life seems to not update aswell. Could us...Full ReviewEdit: after months of uses they added a lot of features but i wish instead of taking pictures they could integrate with myfifnesspal to add calorie counting. The app is great but iphone has ALOT more features than android while we pay the same price. Game of life seems to not update aswell. Could use some widget on screen aswell
5,Brendan Coughlan,"December 16, 2019",2, There is no free trial period as promised. I was charged and not given a refund even after asking them. It does have a lot of potential though if they implement what they are trying to advertising
6,Joey Cuddington,"December 23, 2019",4, Immersive and interactive component add-ons!! You can even print out a book with a paid subscription
7,Vikas Vadlapatla,"December 31, 2019",3, It's too expensive for my activities (or the lack of). A free aggregator like Google Fit works for me
8,Ashwin Casmir,"April 24, 2020",1," Terrible!!!! They blind sided me by stating that I would be getting a free 30 day trial, but I was made to pay the money for the subscription. And I didn't like the product, so I decided to ask for a refund within an hour and they said that they won't make the refund. And no response for my mails af...Full ReviewTerrible!!!! They blind sided me by stating that I would be getting a free 30 day trial, but I was made to pay the money for the subscription. And I didn't like the product, so I decided to ask for a refund within an hour and they said that they won't make the refund. And no response for my mails after that... Please don't fall for their trickery, and make the payment."
9,Anton Chuvakin,"November 17, 2019",1," No heart rate from Google Fit, why?! So far, I only started trying the app but this just struck me as odd and sad. I just uninstalled after about 3 weeks of use. Overall, the app is just... well.. pointless. It has literally no point to it. It provides no insight beyond what Google Fit or Fitbit wil...Full ReviewNo heart rate from Google Fit, why?! So far, I only started trying the app but this just struck me as odd and sad. I just uninstalled after about 3 weeks of use. Overall, the app is just... well.. pointless. It has literally no point to it. It provides no insight beyond what Google Fit or Fitbit will provide."
10,A Google user,"December 9, 2018",3," I paid for premium and used it daily for 6 weeks. This app has potential but it's just not ready yet.  Pros: + Good UX with intriguing visuals + Mostly brings all of your health stats into one place + Mood tracking was useful  Cons: - Not enough integrations. One sleep tracker, one scale, one music ...Full ReviewI paid for premium and used it daily for 6 weeks. This app has potential but it's just not ready yet.  Pros: + Good UX with intriguing visuals + Mostly brings all of your health stats into one place + Mood tracking was useful  Cons: - Not enough integrations. One sleep tracker, one scale, one music app, no diet apps. - Integrations it does have are incomplete. Garmin only gets steps (incorrectly) but not workouts or sleep.  - For a small company, they don't respond to customer service at all.  I really wanted this to be what it promises. At some point it might be, but right now this app just doesn't come close enough to its aspirations."
11,Craig Lynch,"March 14, 2019",1," $70 bucks a year for what? Steps, accurate from fitbit, heart rate seems accurate, cycling from strava works 50% of the time. Sleep data wildly inaccurate, places this is the part that pisses me off the most. Does the app even use my GPS. Works fine with everything else. Not gryochoke. Travel maps l...Full Review$70 bucks a year for what? Steps, accurate from fitbit, heart rate seems accurate, cycling from strava works 50% of the time. Sleep data wildly inaccurate, places this is the part that pisses me off the most. Does the app even use my GPS. Works fine with everything else. Not gryochoke. Travel maps look drawn by a 3rd grader and an Etch a sketch. Places have me 4 miles away when I'm sleeping in bed. If this app was $5 I'd still be pissed. Developers should be ashamed. IPhone only app. No android"
12,Jeevan Naika,"March 26, 2020",1," Too costly for nothing.. On iPhone its bit fine, for Android it sucks.. Too costly pricing.. With this price I can get a netflix 😅"
13,Leith Cullen,"October 7, 2019",1," When moves shutdown, this company said they would step up and continue where moves left off, with more features and improvement, I have yet to see this promise. It's now been sometime and still nothing but attempts to push me to a paid subscription. Unfortunately I will be uninstalling and won't be ...Full ReviewWhen moves shutdown, this company said they would step up and continue where moves left off, with more features and improvement, I have yet to see this promise. It's now been sometime and still nothing but attempts to push me to a paid subscription. Unfortunately I will be uninstalling and won't be back for the foreseeable future."
14,Ben Gosney,"August 7, 2019",1," Terrible UI, the webview for app integrations is not keyboard avoiding making it hard to sign in, it vibrates evey time you swap tabs, the scroll view goes behind the tab making it look a mess, other UI elements do not update when the data has changed ok in the. These are mostly thinga that have bee...Full ReviewTerrible UI, the webview for app integrations is not keyboard avoiding making it hard to sign in, it vibrates evey time you swap tabs, the scroll view goes behind the tab making it look a mess, other UI elements do not update when the data has changed ok in the. These are mostly thinga that have been done intentionally! There is no back/undo option when doing the mood tracking. This is less than 5 minutes of using the app."
15,A Google user,"March 31, 2019",3," It looks promising but it's actually not very useful. It collects some data from some apps, but not all data. So you may need to connect several apps or input data manually. It doesn't connect with Wear OS smartwatches! Pro version ia stupidly expensive - not unlike most apps of this kind."
16,Jakub Jelen,"November 15, 2018",3," Good visualization of the day-to-day activities. But in recent versions unbearably slow. Most of the time I watch the spinner loading something, usually outdated."
17,Ros Po,"June 12, 2019",2, The app looks nice. A friend recommended it me unfortunately they have an iPhone so they had features the the Android version doesn't. You can't track blood pressure in the Android version. Many of the features require an iPhone.
18,Paul Murphy,"March 1, 2019",1, the app is a mess its difficult to get to grips with the information because its all over the place. it also gives notifications to tell me that ive turned off notifications... too much going on and not useful enough. its also too slow to import data...
19,Shaheena Attarwala,"January 9, 2019",1," in the midst of all the privacy concerns going on I am unclear why it's asking for so many access. e.g. my friends list, fb photos? unless a use case specifically asks for it an option to not provide is hidden I inside. I'm out for privacy concerns. otherwise seems fine."
20,Ryan Theodosia Zentmyer,"February 15, 2019",3," the tools offered are nice when they work, but recently any attempt to edit my Places timeline has caused the app to crash. it's quite frustrating to see that i have unidentified places but being physically unable to identify them"
21,Matt Baker,"April 13, 2019",2," doesn't accurately track anything. I'm convinced all the good reviews are from developers or people invested in the success of this app. it looks like it has the potential to be really good, but sadly it isn't"
22,Matt Hall,"September 17, 2018",2," Seems to be mainly for iOS, as there are lots of bugs and when I contacted the devs they suggested it works well with Apple! Good job I didn't spend any money on this before finding that out."
23,Dan Collins,"March 16, 2019",2," This app could be great, but the location features just don't work. The very slow support doesn't really care and told me it would work on iPhone instead. Don't pay until they fix it."
24,Nathan Davies,"May 11, 2019",2, A good idea but poor execution. Steps only sync about once a month from Google making me look lazy. Mood tracking is the only thing that works well and support is non responsive.
25,Simon Slamka,"June 5, 2019",4," Awesome app, but after saving sleep from the Sleep AI, there is no way to edit it. I really would like to see this to be possible!  Thanks"
26,Mitchell Riggan,"May 5, 2019",4," Everything works well and its very integrated but most british don't measure in Kilograms but we measure in Stones and pounds, would be good to have the option to pick individual units (14 lbs = 1st)"
27,IV IVII XX,"April 24, 2019",1, This app doesn't track my location without me having to open the app. Sometimes my location is not working properly even when I open the app.
28,Andy Clark,"January 31, 2019",2," It's Cool, but it doesn't work. Cool idea and wallpaper for the startup screen though."
29,R Q,"March 20, 2019",3, Does not sync workouts from Fitbit. The only option is to manually input which there is 0% I sill bother to do consistently
30,Ivan,"August 4, 2019",2, location is buggy and no feature yo log location manually. i want to track gym visit on my home gym but this doesn't support it. i also lost an entire 12 hours visiting a new place
31,Sigit Revolt,"July 9, 2019",4," I had iPhone when registered, but when I move to Huawei, device sync is still iPhone, don't know how to disconnect it... Please help, others function are superb"
32,Ghouse Mohiddin,"March 8, 2019",2, fails to sync steps from Google fit... even after refreshing... the app should also sync weight Heart rate info google fit... the app keeps crashing...
33,Paul King,"October 6, 2018",4," Updated review after great customer service. Nice app, great idea. Quite expensive for pro version."
34,Chris Sansbury,"September 28, 2019",1, More hidden behind a (very expensive) paywall than the iOS version. Sneaky.
35,Abraham Sanchez,"September 28, 2018",5," Pretty great, i want more features like tracking finances for a one stop shop review of my life."
36,A Google user,"November 8, 2018",2," Just another application written with a terrible cross platform UI, delivering a disastrous UX."
37,Teguh,"October 30, 2018",2," An overpriced hub app, best for people who want health reports in style. I better go for cheaper alternative."
38,Pablo Rotondo,"July 8, 2019",2, Nice app but it drains too much battery.
39,Louis Evans,"December 11, 2018",5, Amazing - pay annually. Love the team and the project so much. Keep going team Gyroscope
40,Ginko,"March 24, 2020",1, This application is not free. Don't download.
41,Tyler Frandsen,"July 25, 2019",3," i'm not going to make an account with your service, this is an Android app, support google auth or let me not have an account."
42,Benn Probett,"January 22, 2019",5, awesome app to give me a higlevel snapshot of important metrics that impact me in personal and work life
43,Pritam Sarkar,"April 1, 2019",5, Impressive UI makes this app stand out than others.
44,Leon,"December 26, 2019",1, They discontinued the free version
45,Lyssandro,"February 18, 2019",1, very unreliable on Android
46,Marcel Combrinck,"September 22, 2019",2, Not user friendly at all
47,Thor Brigsted,"April 14, 2020",1, Has nothing to do with gyroscopes
48,Ar No,"August 30, 2019",1, Sure let me login with Facebook.. what the * are the developers thinking
49,Sam Abtahi,"January 7, 2019",5, so happynyou guys broth samsung health on this app!
50,Darcy Trotter,"May 8, 2019",5, enjoy the app is motivating
51,Aland Mahmood,"November 28, 2018",1, MISS LEADING TITLE
52,Mohammed Ansari,"March 1, 2020",1, Worst apo
53,Jesse Logue,"December 10, 2019",1, It's an awesome iPhone app and thats 90 percent of their focus. The android version is super buggy and they are trying to charge way to much. I could maybe see the price justified for the iPhone version but not for this subpar version.
54,Matthew McGranahan,"December 5, 2019",4," Location is still hit & miss. After such a long time since Moves shut down, location service in the app is still 💩. It will generally pick up a lot of the places you've been, but usually fails at adding in movements (walk, car, bus, scooter etc). Quite disappointing regarding this and I hope the de...Full ReviewLocation is still hit & miss. After such a long time since Moves shut down, location service in the app is still 💩. It will generally pick up a lot of the places you've been, but usually fails at adding in movements (walk, car, bus, scooter etc). Quite disappointing regarding this and I hope the developers improve it soon. However, this app is doing greater in other areas. I think integration is probably the big thing with this app. Works with most fitness trackers, so no issue if you change."
55,Filipe Ataíde,"December 10, 2019",5, Gyroscope is an impressive app that integrates different services that relate with health and work activities. Keep up the great work guys. It is a pleasure to be part of beta :)
56,Jay Ervin,"July 17, 2019",1, Its so useless and not even worth using anymore. I can track sleep and i can track my moods but to save the weeks or months of stuff that i do it won't even save into my Google Photos like it used to. I love being able to share my progress with friends but i can no longer do that because it won't le...Full ReviewIts so useless and not even worth using anymore. I can track sleep and i can track my moods but to save the weeks or months of stuff that i do it won't even save into my Google Photos like it used to. I love being able to share my progress with friends but i can no longer do that because it won't let me.
57,Sumit Yadav,"June 27, 2019",5, very nice
58,Markus Intimidantus,"May 4, 2019",4, Nice
59,Dom Bonanni,"March 4, 2019",1," Movement tracking is unreliable, and only seems to function half of the time. Updates consistently break functionality all over the place. For every fix, another bug. Whole app needs a UI/UX overhaul."
60,Paul Kuruvilla,"April 16, 2019",2, extremely slow as of late.
61,Samir Khan,"April 2, 2019",5, very adjustive
62,Robert Heck,"October 6, 2018",4, Needs Samsung health integration.
63,Aaditya Deshmukh,"September 18, 2018",3, Needs integration with fitness bands and smart watches. Especially Mi Fit which is one of the most affordable one in the market. The look and feel is pretty awesome and is great to track all the activities in one place but is definitely not worth spending money. Majority features are behind the payw...Full ReviewNeeds integration with fitness bands and smart watches. Especially Mi Fit which is one of the most affordable one in the market. The look and feel is pretty awesome and is great to track all the activities in one place but is definitely not worth spending money. Majority features are behind the paywall. Also the rescue time integration data is very hard to find on the website. Needs better ways to add manual data (now that Runkeeper is a pro feature) like a widget.  Places: Needs better ways to correct wrong data tracked due to GPS misbehaviour. No way to correct kms between locations
64,Kapil Dalwani,"September 9, 2018",3, Great iOS support but lacking Android support. Awesome UI and great potential. But far from a polished product.
65,Felix Rufus Nadar,"September 3, 2018",2, Unable to edit location name ex hone to Home
66,Sohrab Hamza,"September 2, 2018",2, Please add integration with mi fit. Thanks
67,Joseph Feliciano,"September 30, 2018",3, Needs to work with Samsung Smart Watches.
68,Mark Witt,"August 26, 2018",1," Great concept, but poorly executed. Today I went on a 10 mile hike. At the peak I had a mobile signal. There was no option or detection of adding a place or visit. Interface is clunky even with pro version. I even uploaded the hike to 3 different sources, strava, garmin, and google fit. Yet, despite...Full ReviewGreat concept, but poorly executed. Today I went on a 10 mile hike. At the peak I had a mobile signal. There was no option or detection of adding a place or visit. Interface is clunky even with pro version. I even uploaded the hike to 3 different sources, strava, garmin, and google fit. Yet, despite it saying connected to source, fails to sync and show my hike on Gyroscope. In addition, it shorted me on steps by about 5,000. This app has no practicality for me without seamless syncing, perhaps it's better on iphone? But for android its unusable. I cancelled the subscription after the 1st day."
69,Michael Yonka,"August 24, 2018",1, This app has not tracked a single location since Tuesday 8/21. Before then it was an acceptable app. Although it is not comparable to life cycle!
70,Edward Anderson,"July 30, 2018",3," The app connects with my Garmin Connect account. Garmin counts a certain 
number of steps for me every day. Gyroscope consistently reports 
significantly fewer steps than Garmin does. Why? I don't know. But if I 
can't trust it to accurately report a number it's getting from a3rd party 
(who gets it...Full ReviewThe app connects with my Garmin Connect account. Garmin counts a certain 
number of steps for me every day. Gyroscope consistently reports 
significantly fewer steps than Garmin does. Why? I don't know. But if I 
can't trust it to accurately report a number it's getting from a3rd party 
(who gets it right), it's hard trusting it for anything else. I love the 
charts--they're beautiful and well-conceived--but is there data they're 
displaying actually reliable?"
71,A Google user,"July 29, 2018",3," Interesting concept but a work in progress. Not sure why they don't 
integrate workout info from Google Fit (only weight logging) and an 
integration with Google Maps would work a lot better than their Location 
Tracking which is super all over the place. Will see how it does on my 
holidays across ...Full ReviewInteresting concept but a work in progress. Not sure why they don't 
integrate workout info from Google Fit (only weight logging) and an 
integration with Google Maps would work a lot better than their Location 
Tracking which is super all over the place. Will see how it does on my 
holidays across Western Canada and decide whether to buy Pro or delete 
after a month of use."
72,Barry Elliott,"August 3, 2018",1," Downloaded this app to transfer my Moves data to. Can't access most of the 
data I've transferred without buying an upgrade."
73,Benjamin Keller,"August 2, 2018",1," With the amount of data they are harvesting they should be paying you to 
use this app."
74,Balogun Ilias,"July 19, 2018",3," It's a nice app, please add support for polar flow so as to syn heart rate, 
sleep and workout"
75,Seb K.,"July 18, 2018",3," Good app and idea, really liking the integration with other services and 
sleek UI. However ""Places"" and sleep tracking are both quite inaccurate, 
which defeats the purpose. Should be more precise!"
76,Bart Shappee,"July 15, 2018",1, Couldn't connect to Fitbit
77,Rogier Trimpe,"July 8, 2018",2," Cannot connect to Strava or Garmin. Both give an error that your 
Authorization isn't working. Should be flawless, instead stuck at a dead 
end for 95% of my data."
78,Andrew McBain,"June 17, 2018",5," Looks great and tracks things I care about most. If it had android widgets, 
sync with Samsung health and sync with a money app (pocketbook or wallet) 
then I wouldn't be able to live without it."
79,hardik chandrahas,"June 21, 2018",4," Have been facing constant issues with syncing Google fit and Moves data. 
Google fit doesn't update, Moves doesn't connect. However good summary of 
self and good thought for the interactions."
80,Suneet Khurana,"July 4, 2018",4," Pretty amazing interface and graphs dot on what is significant. Liked the 
steps integration as it has lots of choices. Picks up meditation from 
healthkit. If integration with dalio for mood and for lifecycle for 
location is allowed it would be excellent. places from beta suck for 
location. It co...Full ReviewPretty amazing interface and graphs dot on what is significant. Liked the 
steps integration as it has lots of choices. Picks up meditation from 
healthkit. If integration with dalio for mood and for lifecycle for 
location is allowed it would be excellent. places from beta suck for 
location. It could have done a better job. Seriously lifecycle is amazing 
for tracking where you have been without much input."
81,Kerry Snyder,"June 19, 2018",5," Such a rad summary of all my self-quantification. I use almost every 
feature of this app and have a comprehensive view of my activity and flux 
on this mortal coil."
82,Lee Skelton,"June 17, 2018",1," Really buggy. Gets stuck in some loop on starting and constantly flips 
between screens."
83,NASHIT HASAN,"June 10, 2018",1, Very confusing and ask money for everything
84,Bradley Woods,"June 8, 2018",2," OK app but wants you to pay 120 a year for all the integrations. I like the 
look and feel of the app but not worth paying for."
85,Bryan Remely,"June 7, 2018",2," It has potential but it lacks integrations and it feels like every time I 
press a button it asks for the Pro version. Very limited free features."
86,Daniel Wirtz,"May 27, 2018",3," This has a lot of potential. For me the drawbacks are the high pricing. I 
think 2,99 $ that is more reasonable. Considering you want to build a 
network and social community. Furthermore there need to be more 
integrations. Sleep as Android is one of them."
87,Paul-Emile S,"May 23, 2018",3," Nice UI but lacks integrations. Would be great for example if it could sync 
with apps like QualityTime. Could you do this?"
88,Jdjfusion,"May 18, 2018",1, Is not compatible with polar devices
89,Chris S,"May 10, 2018",1, Not a real gyroscope
90,Kumar Ranjan,"May 31, 2018",4, Have a good application
91,Борис Васькин,"April 19, 2018",3," The UI is great, but the lack of integration with Samsung Health is a 
bummer. The Google fit is a joke, unfortunately. Moves isn't working for me 
at all, it counts ≈60-160 steps a day) I would definitely be a paying 
member and gladly ordered your yearly report books, if I could get all data 
I tr...Full ReviewThe UI is great, but the lack of integration with Samsung Health is a 
bummer. The Google fit is a joke, unfortunately. Moves isn't working for me 
at all, it counts ≈60-160 steps a day) I would definitely be a paying 
member and gladly ordered your yearly report books, if I could get all data 
I track in it. So for now on Android it's a long way to go for a good user 
experience."
92,Bertan Aygun,"April 19, 2018",2," Way too expensive for an app that only has few integrations. You are much 
better off staying with Fitbit as there is little added value on top of it."
93,Ronald Crandall,"April 21, 2018",5," Great app but also bummer with not being able to integrate with the new s9 
my blood pressure app, though I totally get doing integrations take time."
94,Pravin Kerai,"April 23, 2018",5, Good UI. Need more and more integration options.
95,Kirill Zhukov,"March 14, 2018",2," Very slick and neat looking UI, but lacks intuitive UX - flows are very confusing and difficult to navigate. For this category of the app, some very important features and functionality is missing such as custom moods and mood notes/diary, calories & food tracking, custom goals. For its price, it al...Full ReviewVery slick and neat looking UI, but lacks intuitive UX - flows are very confusing and difficult to navigate. For this category of the app, some very important features and functionality is missing such as custom moods and mood notes/diary, calories & food tracking, custom goals. For its price, it also should have much more integrations, e.g. MyFitnessPal, Headspace, Todoist, etc."
96,Ross Wightman,"March 6, 2018",2, Looks slick at first. But functionality is lacking. Layout is buggy. I can't figure out how to change units. Google Fit sync is lost daily. Questionable add on value over the sources it tries to integrate
97,Grant Willig,"March 5, 2018",3, Not well fleshed out for Android and extremely limited app integrations.
98,A Google user,"April 9, 2018",2, I've had the app for less than a day. It lost its connection to Google fit twice in that brief time period. Looks like a good concept poorly executed.
99,Jeff G,"April 7, 2018",2, Layout looks good but totally unusable in a scaled user display settings. UX can be improved as well.
100,Aaron Atkinson,"March 30, 2018",2, I really want to love this app. But it feels like more of a great idea than a great application.
101,Ankit Dangi,"March 15, 2018",4, Refresh data option not working....else nicest application
102,Caleb Allen,"March 28, 2018",3," Cool app. Would love it if there was a widget that hooked directly into the ""mood"" report"
103,Dr Nos,"April 18, 2018",1, Stupid sign-up to access phone sensors
104,A Google user,"March 5, 2018",4, It's good... but not great...  need more integrations...
105,Anzhi Feng,"July 12, 2019",1, Latest version crashes on launch
106,Seán Barry,"February 23, 2018",5, Beautiful design and interesting data presentation
107,Samrat Mukherjee,"February 25, 2018",3, Please add mi fit.
108,Lee Brandt,"March 10, 2018",5, Interesting data.
109,Ryan Baseman,"February 5, 2018",5, Great app. Centralizes a lot of health and productivity data all in one spot. The dev team is very active in pushing out new features and bug fixes. The app has gotten much more stable recently. Keep up the great work!
110,Tereza Dědová,"February 2, 2018",5," I like the app, I got the PRO version, but the google fit integration could be better. Some of the features I expected based on information I found online were discontinued (heart rate from Google Fit). The best for me would be to have full S Health integration, instead of using other apps for trans...Full ReviewI like the app, I got the PRO version, but the google fit integration could be better. Some of the features I expected based on information I found online were discontinued (heart rate from Google Fit). The best for me would be to have full S Health integration, instead of using other apps for transfer to fit.  Edited: One star added after Last.fm integration"
111,Johnathan Tiong,"February 2, 2018",2," The sleep tracking is really poorly done on the android version of this app  Update: after a few more days trying, I'm going to unsubscribe from Pro and stop using this app, it looks like all the integrations are broken, none of the data from Moves comes across, Sleep Cycle isn't reporting anything,...Full ReviewThe sleep tracking is really poorly done on the android version of this app  Update: after a few more days trying, I'm going to unsubscribe from Pro and stop using this app, it looks like all the integrations are broken, none of the data from Moves comes across, Sleep Cycle isn't reporting anything, and Fitbit doesn't input *anything* into the App - it's been like this for about a week now, on a brand new Samsung Note 8 and Fitbit Alta HR."
112,Ryan Howarth,"February 5, 2018",5," Amazing app! This app is 10/10 the best hub for fitness and health data and it's amazing. As a suggestion, I'd like there to be a refresh option for more stats than just the location card, also a heart rate monitor built into the app using the phones torch and camera would be nice (saves a step for ...Full ReviewAmazing app! This app is 10/10 the best hub for fitness and health data and it's amazing. As a suggestion, I'd like there to be a refresh option for more stats than just the location card, also a heart rate monitor built into the app using the phones torch and camera would be nice (saves a step for me).   Aside from that, one of my favourite apps on my phone and has genuinely earned a spot in my dock."
113,Don Xu,"February 16, 2018",4," I love the personal dashboards. However, the data source APIs are very limited. What would make it the perfect app is more partnerships with apps and vendors. Hope the team is open to this."
114,Rohan Bandekar,"February 6, 2018",4, Should have mood tracking integration with Daylio and health tracking with Ada. Please make it happen.
115,CincyNeid,"January 31, 2018",1, Lack of Garmin connect...
116,Shashank Girish,"January 25, 2018",2," Well, the idea seems good. The activity cards are really nice. The graphs and calorie calculations are kind of funny (yay four hours of cycling lets me eat a whole pizza! Or about two packs of cookies).  Coming to the down sides, not many people I know use it. There's no way to add people who're alr...Full ReviewWell, the idea seems good. The activity cards are really nice. The graphs and calorie calculations are kind of funny (yay four hours of cycling lets me eat a whole pizza! Or about two packs of cookies).  Coming to the down sides, not many people I know use it. There's no way to add people who're already using it. So basically all I see is my own cards, with little to no social encouragement.  The monthly price is just way too high. There are some apps with yearly subscriptions for the same price as this one's monthly.  Sleep tracking is absolutely inaccurate."
117,Apurva Sukant,"January 30, 2018",5, Amazing!
118,Mior Muhammad Zaki Mior Khairuddin,"January 17, 2018",4, Gyroscope claimed to prioritize Google Fit over Moves for step count but for the last one to two weeks I been seeing the opposite scenario. Have tried reconnecting both services a few time but still the same results.  Doesn't see the point to subscribe to pro if it can't provides the full feature.
119,Tash Robinson,"January 8, 2018",2," I liked the idea. The interface is nice, but falls short if you don't pay for pro. The monthly price is too high for what you actually get. I might pay $3 a month for this but not $10.   Step and sleep counts are not even close to accurate, and for some reason it won't take this data from Fitbit eve...Full ReviewI liked the idea. The interface is nice, but falls short if you don't pay for pro. The monthly price is too high for what you actually get. I might pay $3 a month for this but not $10.   Step and sleep counts are not even close to accurate, and for some reason it won't take this data from Fitbit even though I have Fitbit integration.  I may try this again when it gets more mature but so far I'm unimpressed. The Fitbit app does much better."
120,Friso Roolvink,"January 5, 2018",1, Crashed 3 times during startup. Somehow changing my phone background in the process. It's not upfront about what is and isn't in the free version and ended up completely useless. The idea might be nice but I'm warning you to not download it.
121,Laura Baasch,"January 5, 2018",3," A three is kind. Thought I love ithe app it's clearly built by Apple developers for an Apple audience (Apple people just love paying tons for gadgets). The monthly fee is exhorbitant considering the lack of integration for key products like: Sleep as Android, Google Fit (extremely limited - just ste...Full ReviewA three is kind. Thought I love ithe app it's clearly built by Apple developers for an Apple audience (Apple people just love paying tons for gadgets). The monthly fee is exhorbitant considering the lack of integration for key products like: Sleep as Android, Google Fit (extremely limited - just steps, it really needs to pull heart rates, weights, meditations and everything else being stored) and then if you'd really like to live a little you'd consider integrating with massive brands like MiBand and Xiaomi and don't forget Samsung Health. lastly it'd be cool to at the veyr least be able to upload csv data for products like MiBand heart rates so we can upload the by the minute data as opposed to manually capturing it. Great product but lacks Android vision or understanding. All the integrations are disapointing and the MOVES app doesnt work at all. PS: consider integration to MOOV and Hydro Coach."
122,Dude Man,"January 2, 2018",1," Yes, you offer a very cool-looking product, but why does every fitness app wage such ridiculously high monetary demands for their services? It's insane. Why should a tracking app that does nothing more than tell you what you did on your own cost more than an actual gym membership that provides the m...Full ReviewYes, you offer a very cool-looking product, but why does every fitness app wage such ridiculously high monetary demands for their services? It's insane. Why should a tracking app that does nothing more than tell you what you did on your own cost more than an actual gym membership that provides the means to success? You don't offer that great of a digital product. No one does. Make the price more realistic and fix your design failures that everyone is complaining about. Man, I see prices like these and I just get angry."
123,Don Griner,"January 13, 2018",1," The step count is nowhere near accurate, it only logs ~10% of my actual steps, and it doesn't even show the same amount of steps that the Moves app is tracking. I'm glad I didn't pay for this, it's way over priced for the things it integrates with, and it doesn't work with Samsung health... Uninstal...Full ReviewThe step count is nowhere near accurate, it only logs ~10% of my actual steps, and it doesn't even show the same amount of steps that the Moves app is tracking. I'm glad I didn't pay for this, it's way over priced for the things it integrates with, and it doesn't work with Samsung health... Uninstalled"
124,Rafa Zatel,"January 10, 2018",2," I'm disappointed. It has a gorgeous design and a great concept, but falls short on execution. Data has stopped updating. Integrations aren't working correctly. I don't want an app that do the same than pen and paper."
125,Mark Williamson,"January 5, 2018",1," Price is shocking. Just for tracking, a cheap notebook will serve the same purpose"
126,Talha Asmal,"January 1, 2018",2," Interesting idea, but lack of support for Google login is a deal breaker for me. I'd rather not have yet another password to remember"
127,David Calder,"January 9, 2018",2," Main reason for the low rating is the lack of integration with apps and technologies out there.   This app already looks awesome and has the potential to really be an ""operating system"" for the body and mind as claimed but unfortunately have substituted this vision with a narrow-minded view of pushi...Full ReviewMain reason for the low rating is the lack of integration with apps and technologies out there.   This app already looks awesome and has the potential to really be an ""operating system"" for the body and mind as claimed but unfortunately have substituted this vision with a narrow-minded view of pushing particular apps and products by extremely limiting those that it integrates with  While it might be unrealistic to expect api integration with everything, you should at least integrate with the top apps and technologies without affiliation.   If you don't work do to do this, sure this will still be a lucrative subscription business model and make the founders money but you will never scale"
128,Lance Marxen,"January 5, 2018",1, Worthless garbage. Just a ploy to get you to spend a monthly subscription fee. Hilarious.
129,Mohammad Khosravi,"January 8, 2018",3, It Crashed 5 times in the walkthrough. Sleep tracking is for pro users.
130,Josh Esten,"January 11, 2018",5, Works great! A little delayed at times and has issues syncing with Google fit but otherwise working as advertised. Keep it up!
131,Bilal Ahmed,"January 3, 2018",2, No S Health. No thankyou. Cuz i am using Gear sports and Mi scale. And all data is connected to S Health. Bt i liked ur interface but i guess no support for s health users.
132,Nathaniel Blackburn,"January 1, 2018",4," Monthly price is insane but the app is great, it just lacks the animations found on the website making it less polished."
133,Freudian,"January 10, 2018",2," I like the idea behind it, like others have said it falls short unless you pay for Pro, annoyed that I could not change the weight measurements to stone and the only option was kilogrammes and pounds"
134,Jan Irwin,"January 5, 2018",4, Any plans for MyFitnessPal and headspace integration for android? If so I'd be happy to subscribe for a year
135,Thu Nguyen,"January 12, 2018",4, Like it so far! Would love integration with MyFitnessPal and insight timer
136,Zeke Tan,"January 1, 2018",3, Maybe you can add Garmin integration.
137,Luis Gonzalez,"January 9, 2018",2, Needs integration to S Health and Samsung Gears.
138,D.Raveen Prasanna De Zoysa,"January 1, 2018",5, It's awesome
139,Jaywant masih,"January 10, 2018",3, Good app
140,Rix Morales,"December 29, 2017",1," Frequently crashes when viewing reports. Also, I can see is my steps tracking and no report for sleep and heartbeat tracking"
141,Yoni Fraimorice,"December 29, 2017",2," UX wise, it's one of the best, but for the cool features you have to pay lots of money"
142,Mahmudul Hasan,"March 14, 2018",1, Google Fit is not syncing after updated a month back
143,Dorian O'Murray,"December 22, 2017",3, Limited.... Needs more integrations.
144,Shamim Hossain,"December 27, 2017",4, Best but costly
145,Raushan Kumar,"December 26, 2017",5, Most Needed app for everyone
146,Sudeep Subedi,"December 27, 2017",3, Pro free
147,Salman F. Malik,"December 24, 2017",5, Amazing
148,sabbir mahamud,"December 23, 2017",5, great
149,IchibanDeath,"December 18, 2017",1, Thought app was cool. Thought more integrations would be added. Give money because I thought features were locked behind a paywall. Nope. Waste of 10 dollars. Wont give me refund. Maybe will be cool app in a year. Wont get any more of my money to make it tho.
150,D M,"December 11, 2017",3," Needs more integrations. This isn't useful at all to me atm but it has great potential. Would be great to have a fitnotes, Google maps, and insight timer integration. Also a financial dashboard that connects with say revolut, would be ace."
151,James Fernihough,"December 4, 2017",3," This app is really awesome but without integration with Samsung health you're letting yourselves down. I'm using a few third party app work around for google fit and fitbit and I don't usually use either of them, but they're the only way to gety data in. Five stars otherwise!"
152,Mata Cristian,"December 4, 2017",1, Useless application that only shows you the existing info in one place. No new features or innovation
153,Kunwar Shekhar Singh,"December 8, 2017",3, Idea is good but app integrations list is small. No samsung health integration samsung takes half smart watch market still not available here.
154,Jessica Crowley,"December 4, 2017",1," Just gathers info from other apps and doesn't seem to track any data on it's own, so if you have the apps it tracks, there's really no point in having this one."
155,Behnam Baghbanpoor,"December 7, 2017",2," App itself can't do anything. it's job is to collect and maneage your information all in one place. and if you need it you must pay, pretty bad…"
156,Laura Garinger,"December 4, 2017",3," Neat. Please add sleep as Android integration. Also, i get an error when trying to connect strava via a Google login."
157,A Google user,"December 16, 2017",2," Shrouded behind the cloak of its gorgeous UI, this app might appear to be innovative, high-tech or at least useful. I can assure you it is none of those things."
158,Pierre Cattoire,"December 5, 2017",4," Great app, finally on Android. A bit limiting in the free version, would recommend opening up more free features."
159,Brad Belk,"December 12, 2017",1, Can't do anything on here unless you get the upgraded version I'm going to uninstall it
160,Aadam Khan,"December 4, 2017",3, Great concept but it would be great if it would work with android wear watches and IFTTT
161,A Google user,"December 16, 2017",2, It is not working in redmi note 3  I haven't received the verification link at my email so it is not proceeding further because it wants the activation of link which is sent to my email
162,Suneel Atmakuri,"December 7, 2017",5, Amazing app..love it..gives the perfect story of my day..amazing user interface..everything is awesome..
163,Akram Saleh,"December 4, 2017",5, Awesome app. Love the travel the reporting features!
164,Matthew Langton,"December 20, 2017",3, The accuracy with Moves could be better and the sleep time does not always seem to work but still love the app
165,Carlos Jair rocha,"December 3, 2017",5, The complete app to measure your live
166,Mark Bigelow,"December 18, 2017",2, Fantastic-looking but doesn't integrate with enough services  Needs MyFitnessPal at a minimum.
167,Peter Ruffolo,"December 10, 2017",3, PLEASE INCLUDE SUPPORT FOR NIKE+ RUN CLUB.
168,Anmol D,"December 20, 2017",1, Track everything....from ur toilet habit to atm pin ...in name of tracking it steals identity.
169,Nishant Ratlia,"December 4, 2017",1, Gyroscope keeps stopping.
170,Annanda Islam,"December 11, 2017",3, This is quite good but why there is no mifit support?
171,Biman Biswas,"December 11, 2017",4, Not used that much
172,Paul Piotrowski,"December 28, 2017",5, So far so good.  More integrations would be cool.
173,A N M Sharif,"December 4, 2017",5, marvellous interface
174,AminFatihah Channel,"December 17, 2017",5, Awesome
175,David Moleski,"December 3, 2017",4," Love it, but I do feel the premium is too expensive.   Would be great if we could unlock some premium things in the app through loyalty schemes (or something similar), like after 6 months of using the app we get to unlock a part of the app of our choice.  For what you actually get in the premium, I ...Full ReviewLove it, but I do feel the premium is too expensive.   Would be great if we could unlock some premium things in the app through loyalty schemes (or something similar), like after 6 months of using the app we get to unlock a part of the app of our choice.  For what you actually get in the premium, I really can't justify the price."
176,ᒍEᑎ ᒍᗩᗷᗷᗩ,"December 2, 2017",1," There's no way to sign in with Google, I refuse to use Facebook. The opening screen has  a see how it works, sign in, and sign in with Facebook. No other choice. What ever , waste my time."
177,Jacob Rosenthal,"December 1, 2017",5," Ive been with Gyroscope for ios almost 2 years and love it. I'm excited I can come back over to android again finally. I wish there was .. well ANY kind of healthkit style support for android but there isnt. This makes finding the right apps and devices to import from a bit more challenging on this ...Full ReviewIve been with Gyroscope for ios almost 2 years and love it. I'm excited I can come back over to android again finally. I wish there was .. well ANY kind of healthkit style support for android but there isnt. This makes finding the right apps and devices to import from a bit more challenging on this side, but still totally doable and is otherwise feature complete with the ios experience."
178,Alan Clucas,"December 4, 2017",3," Seems like a good idea. But it's pretty disappointing. Wants to gather from lots of specific app data, but may not be the ones you use. Even then, the log term log feature is locked away behind a very expensive pay wall, and the is no free trial of that part. Even Strava (which is cheaper) keeps all...Full ReviewSeems like a good idea. But it's pretty disappointing. Wants to gather from lots of specific app data, but may not be the ones you use. Even then, the log term log feature is locked away behind a very expensive pay wall, and the is no free trial of that part. Even Strava (which is cheaper) keeps all you data forever on the free version, so can be used as a life log. The paid version of this feels like it should be 1 pound/dollar/euro a month, not 9."
179,Matus Marcin,"December 2, 2017",5, I absolutely love how this app looks and what it does. I think there is a lot of room for improvement on Android as far as integrations go but this is perhaps not just up to them. I use Garmin watch and Connect app which tracks my steps and sleep with greater accuracy and would love to be able to sy...Full ReviewI absolutely love how this app looks and what it does. I think there is a lot of room for improvement on Android as far as integrations go but this is perhaps not just up to them. I use Garmin watch and Connect app which tracks my steps and sleep with greater accuracy and would love to be able to sync that. My favourite is the productivity view from RescueTime. Great stuff!
180,A Google user,"December 1, 2017",5," Fantastic app, beautiful graphics with probably the best UI I've seen on an Android app. I use the free version to keep track of my daily runs and how much time I spend productively on my phone and work laptop. The AI sleep calculator is pretty accurate too."
181,Leon Hitchens,"December 1, 2017",5," If you want to visualize yourself Gyroscope is the app. I've connect my Google Fit, Fitbit account and other services to see how my whole day is visualized.   The Pro features are a nice bonus. I'd recommend if you want better ways to see how you workout and work, pay for the pro account."
182,Abhishek Pillai,"December 1, 2017",5," Gyroscope has one of the most beautiful UIs of any app I have used. The new Helix theme took it all to another level. There are integrations for almost every popular application that you would use to track anything. I would highly recommend this application to anyone interested in the quantified sel...Full ReviewGyroscope has one of the most beautiful UIs of any app I have used. The new Helix theme took it all to another level. There are integrations for almost every popular application that you would use to track anything. I would highly recommend this application to anyone interested in the quantified self, setting goals, and high-level views of your habits."
183,Anthony Bermingham,"December 3, 2017",3, App is fine if you have a fitbut but I have S-Health and S Gear which is pretty standard for Samsung users and it doesn't seem to integrate with it so no use for me.
184,Ceeeni Evan,"December 1, 2017",5," The best app to set goals and achieve it ( The trackable ones) - Though this app pulls data from other services, this is the best UI I have see so far. It makes a lot of sense to view your own data and correlate it. I'm a Pro member since Sep 2016 and never felt sorry for paying to this app!  If you...Full ReviewThe best app to set goals and achieve it ( The trackable ones) - Though this app pulls data from other services, this is the best UI I have see so far. It makes a lot of sense to view your own data and correlate it. I'm a Pro member since Sep 2016 and never felt sorry for paying to this app!  If you like to quanitfy youself, this is the best app in the market so far."
185,raymond rodriguez,"November 30, 2017",2," This app looks amazing and I really want to use it but I don't have a Facebook and I don't want to sign up to use one some of what this app offers. There should be an option to use your Google account, everyone has one of those"
186,Dani Wannous,"December 1, 2017",5, Gyroscope is a great app. I use it to sync with my Garmin for my runs and daily activities. The app is extremely accurate with the data that it presents.
187,A Google user,"December 1, 2017",5, This App looks and works great I look forward to making it a part of my daily routine. Features and design is very user friendly
188,Charles Manter,"December 1, 2017",2, The fact that pro features require a membership is excessive and a real turnoff.
189,Liam Shaw,"December 1, 2017",5, Great app. Nice touch to let users delete their data if they disconnect.
190,Mahdi Yusuf,"December 1, 2017",5, I love this app! Basically what I have been hoping to have for my wellness dashboard
191,danny stfort,"December 1, 2017",5, This is a fantastic app. I used it everyday to track various things. Everything is easily accessible and the app look great.
192,Derek Slenk,"December 1, 2017",1, It seems to require you to use Facebook to create an account. I am not sharing all my health data with Facebook. Would not recommend if you care about privacy
193,Nicole,"December 1, 2017",2," I want an app that does it all, not have you install other apps and keep track of those."
194,Anand Sharma,"December 1, 2017",5, Best way to stay healthy 💪
195,Phil Hawkins,"December 3, 2017",3, Needs to unlock all uses to all members otherwise members will go elsewhere.
196,James Britton,"December 3, 2017",5, Great app for measuring fitness and progress 💪
197,Dan Campbell,"December 1, 2017",2, Looks good. Not into the monthly subscription
198,Guy Tsror,"December 9, 2017",1, It has lots of potential but right now pretty much useless and uninformative
199,Meghanand Acharekar,"January 15, 2018",3," Its a great app but due limited integrations , it makes difficult to import your data from other tools or devices."
200,Harsh Pandey,"December 4, 2017",2," Beware users. This app tracks your daily usage data on phone. This app can exploit and sell your useful data in exchange for some money. Beware of all those apps such as clean master,Ali Express and UC. These apps try to steal your daily activities so that the Developers can manipulate your needs."
201,Bruce Wayne,"December 11, 2017",1," Hey everyone. Don't use sleep tracking. It's really not healthy to sleep with your phone close to your head or body. Phone radiation is not good for you. Also, your phone could get hot and either explode or catch fire while you sleep. You also don't need nosy apps, google or anybody else knowing so ...Full ReviewHey everyone. Don't use sleep tracking. It's really not healthy to sleep with your phone close to your head or body. Phone radiation is not good for you. Also, your phone could get hot and either explode or catch fire while you sleep. You also don't need nosy apps, google or anybody else knowing so much about you. Get a paper journal and keep track on your own."
202,Sacora Woods,"April 20, 2020",1, I already rated this app not worth my time. Still has not improved since day 1. Over hyped then over hyped now. Not worth it with out paying for information that comes free with your devices you have to own in order to even make the info accurate.
203,Megan Mueller,"December 2, 2017",1," I wrote a review before, now they deleted it. Would be cool but most of the good stuff you have to pay for... To track sleep... My fitbit does that but last I looked you have to pay to ""see"" it on this app... You have to pay this app but have other apps do your work. I won't pay you for others work."
204,Aaron Jobe,"August 1, 2018",1, Location tracking does not work on my Samsung S8+. Constantly loses connection to Google Fit and loses tracking. They did not design this app for Android. Seems to only work on iPhones
205,Venkat,"September 8, 2018",1," Great design, on the way to a great app. A lot UX research needs to be done to get rid of some common UX deficiencies and expectations. Data integrations are sometimes questionable. Sleep tracking is faulty. Have been waiting for Samsung health integration since forever. For $10 a month fee for pro ...Full ReviewGreat design, on the way to a great app. A lot UX research needs to be done to get rid of some common UX deficiencies and expectations. Data integrations are sometimes questionable. Sleep tracking is faulty. Have been waiting for Samsung health integration since forever. For $10 a month fee for pro subscription, it needs to be much much better since its been here for sometime now."
206,warren mohn,"December 1, 2017",1, Dismal.  Pretty pictures taken from data done by other apps. And you can only see the data if you spend $6/mo.  Worthless.
207,Michael Brooks,"December 7, 2017",3," Lovely looking app. Functionality is pretty good, however my problem stems from lack of integrations, and how well each of those actually sync and display information.   The Android version of the app seems half-baked compared to the iOS version (Healthkit is rather superior to Google Fit, so that's...Full ReviewLovely looking app. Functionality is pretty good, however my problem stems from lack of integrations, and how well each of those actually sync and display information.   The Android version of the app seems half-baked compared to the iOS version (Healthkit is rather superior to Google Fit, so that's the main issue) and I wish their were more integrations for heart rate, smart scales, etc.   Pretty good, but not quite ready for Android prime-time, unfortunately."
208,Max Callaghan,"December 4, 2017",3," Great app, very well presented and integrates many services together. Only issue I had was the battery drain which notedly faster than usual."
209,Rayce Carr,"December 7, 2017",2," Until there is support for apps like samsung health and LG health this app feels useless, it sounds like a seamless integration of all your data but it falls short. I was very excited for this app but $10 a month is asking too much for an app"
210,Orchun Kolcu,"July 23, 2018",2," Pretty worthless in free version and no way to test the pro version. The 
concept, while completely unoriginal, is still interesting - however it's 
just a glorified tracking app and not worth what they are trying to change 
for it."
211,Yahya Bahar,"January 10, 2018",5, I have never seen a good app like this. It is downloading iam so excited
212,Dacoda Nelson,"June 9, 2018",1," Thought this would be useful to aggregate and view data but Google Fit 
integration never worked, most features require premium, chock full of ads 
trying to push you to buy, other integrations are a weird subset of 
options, it was just - half baked in my opinion. I'd have given 3 stars if 
it were...Full ReviewThought this would be useful to aggregate and view data but Google Fit 
integration never worked, most features require premium, chock full of ads 
trying to push you to buy, other integrations are a weird subset of 
options, it was just - half baked in my opinion. I'd have given 3 stars if 
it weren't for the CONSTANT urging to go pro before I'd even seen a single 
data point."
213,Saurabh KT,"June 15, 2018",1," I was one of the earliest users of Gyroscope and love Anand's work. But the 
pricing is ridiculous."
214,Xinye Li,"December 7, 2017",1, It has so many functions and very distracting when all you are looking for is something that can track your sleep!
215,Phantom Awe,"January 6, 2018",2, Why pay for something that i get for free with my samsung device? Tad pointless
216,Stacey Bryant,"December 23, 2017",2, This app only displays results gathers from other apps. Needs better integration. Requires a lot of app downloads that require subscriptions.
217,Bowen w,"December 4, 2017",1, A rediculous amount to subscribe per month to get any actual use from it
218,Derick Rethans,"May 13, 2018",1," A bit pointless as it doesn't integrate with either RunKeeper or Samsung 
Health"
219,Lyfe,"December 9, 2017",1, Useless app. Just takes info from other health apps you have.
220,Brad Westbrook,"December 1, 2017",5," No Shealth integration. I have a s7 edge and a gear s3 frontier, s-health is my only option, but I won't rate you down for that."
221,Mick Brookes,"December 3, 2017",1, Tried to use email to no avail.  If you don't use Facebook you can't log on despite what they say.
222,Leonel Ivan Cardoso,"November 30, 2017",5," I Love It, Great work designers!!! 😃"
223,Sai Kiran A,"January 31, 2018",4, Why it is hiding notification bar? And no option found to bring it back
224,Mohammad Khorvash,"December 21, 2017",2, Very very expensive! :/
225,Rick Morar,"December 22, 2017",1," Keeps on hanging, useless"
226,Andy Tran,"August 21, 2018",2, Integration with Samsung health? What can this do that Google hasn't done?
227,A Google user,"May 4, 2018",1," Lenovo IdeaPad 320E: i5 7200, 4GB RAM, Linux, 920MX, 15.6″"
228,Peter Scully,"December 2, 2017",3, How about adding login with Google?
229,Allan Alexander,"May 22, 2018",1, The ui sucks
230,A Google user,"June 24, 2018",5, Thanks for this app ..
231,Karthik Keyan,"November 29, 2017",5, Fantastic job
232,A Google user,"May 24, 2018",5, Ilove this app
233,A Google user,"May 25, 2018",5, silent & alive
234,Krishna Oli,"January 5, 2018",5, UI is good
235,Zac Watts,"February 22, 2018",5, Awesome thanks
236,A Google user,"February 12, 2019",5, nice app
237,NILESH HINWAR,"January 4, 2018",5, Awesome app
238,Ashbolt Shaik,"June 5, 2019",5, Good stuff
239,Spencer Fleming,"December 9, 2017",3, Trash
240,Tommy T,"December 23, 2019",1, Useless....................
241,A Google user,"November 30, 2017",5, Good
242,Sunil Kumar Bajpai,"February 13, 2018",5, Nice
243,Shikhar Ebuddy,"December 19, 2017",5, GOOD
